shard_id	shard_name	config	dataset	method	category	expected_explanations
0	00_openstack_llm_lime_TP	configs/rq5_shards/00_openstack_llm_lime_TP.yaml	openstack	llm_lime	TP	600
1	01_openstack_llm_lime_TN	configs/rq5_shards/01_openstack_llm_lime_TN.yaml	openstack	llm_lime	TN	600
2	02_openstack_llm_lime_FP	configs/rq5_shards/02_openstack_llm_lime_FP.yaml	openstack	llm_lime	FP	600
3	03_openstack_llm_lime_FN	configs/rq5_shards/03_openstack_llm_lime_FN.yaml	openstack	llm_lime	FN	600
4	04_openstack_llm_kernelshap_TP	configs/rq5_shards/04_openstack_llm_kernelshap_TP.yaml	openstack	llm_kernelshap	TP	600
5	05_openstack_llm_kernelshap_TN	configs/rq5_shards/05_openstack_llm_kernelshap_TN.yaml	openstack	llm_kernelshap	TN	600
6	06_openstack_llm_kernelshap_FP	configs/rq5_shards/06_openstack_llm_kernelshap_FP.yaml	openstack	llm_kernelshap	FP	600
7	07_openstack_llm_kernelshap_FN	configs/rq5_shards/07_openstack_llm_kernelshap_FN.yaml	openstack	llm_kernelshap	FN	600
8	08_openstack_llm_lofo_TP	configs/rq5_shards/08_openstack_llm_lofo_TP.yaml	openstack	llm_lofo	TP	600
9	09_openstack_llm_lofo_TN	configs/rq5_shards/09_openstack_llm_lofo_TN.yaml	openstack	llm_lofo	TN	600
10	10_openstack_llm_lofo_FP	configs/rq5_shards/10_openstack_llm_lofo_FP.yaml	openstack	llm_lofo	FP	600
11	11_openstack_llm_lofo_FN	configs/rq5_shards/11_openstack_llm_lofo_FN.yaml	openstack	llm_lofo	FN	600
12	12_openstack_llm_counterfactual_TP	configs/rq5_shards/12_openstack_llm_counterfactual_TP.yaml	openstack	llm_counterfactual	TP	600
13	13_openstack_llm_counterfactual_TN	configs/rq5_shards/13_openstack_llm_counterfactual_TN.yaml	openstack	llm_counterfactual	TN	600
14	14_openstack_llm_counterfactual_FP	configs/rq5_shards/14_openstack_llm_counterfactual_FP.yaml	openstack	llm_counterfactual	FP	600
15	15_openstack_llm_counterfactual_FN	configs/rq5_shards/15_openstack_llm_counterfactual_FN.yaml	openstack	llm_counterfactual	FN	600
16	16_qt_llm_lime_TP	configs/rq5_shards/16_qt_llm_lime_TP.yaml	qt	llm_lime	TP	600
17	17_qt_llm_lime_TN	configs/rq5_shards/17_qt_llm_lime_TN.yaml	qt	llm_lime	TN	600
18	18_qt_llm_lime_FP	configs/rq5_shards/18_qt_llm_lime_FP.yaml	qt	llm_lime	FP	600
19	19_qt_llm_lime_FN	configs/rq5_shards/19_qt_llm_lime_FN.yaml	qt	llm_lime	FN	600
20	20_qt_llm_kernelshap_TP	configs/rq5_shards/20_qt_llm_kernelshap_TP.yaml	qt	llm_kernelshap	TP	600
21	21_qt_llm_kernelshap_TN	configs/rq5_shards/21_qt_llm_kernelshap_TN.yaml	qt	llm_kernelshap	TN	600
22	22_qt_llm_kernelshap_FP	configs/rq5_shards/22_qt_llm_kernelshap_FP.yaml	qt	llm_kernelshap	FP	600
23	23_qt_llm_kernelshap_FN	configs/rq5_shards/23_qt_llm_kernelshap_FN.yaml	qt	llm_kernelshap	FN	600
24	24_qt_llm_lofo_TP	configs/rq5_shards/24_qt_llm_lofo_TP.yaml	qt	llm_lofo	TP	600
25	25_qt_llm_lofo_TN	configs/rq5_shards/25_qt_llm_lofo_TN.yaml	qt	llm_lofo	TN	600
26	26_qt_llm_lofo_FP	configs/rq5_shards/26_qt_llm_lofo_FP.yaml	qt	llm_lofo	FP	600
27	27_qt_llm_lofo_FN	configs/rq5_shards/27_qt_llm_lofo_FN.yaml	qt	llm_lofo	FN	600
28	28_qt_llm_counterfactual_TP	configs/rq5_shards/28_qt_llm_counterfactual_TP.yaml	qt	llm_counterfactual	TP	600
29	29_qt_llm_counterfactual_TN	configs/rq5_shards/29_qt_llm_counterfactual_TN.yaml	qt	llm_counterfactual	TN	600
30	30_qt_llm_counterfactual_FP	configs/rq5_shards/30_qt_llm_counterfactual_FP.yaml	qt	llm_counterfactual	FP	600
31	31_qt_llm_counterfactual_FN	configs/rq5_shards/31_qt_llm_counterfactual_FN.yaml	qt	llm_counterfactual	FN	600
