metric,temperature,top_p,n,mean,sd,median,q1,q3
overlap_at_k,0.0,1.0,32,0.9962500000000001,0.008706690049203736,1.0,1.0,1.0
overlap_at_k,0.2,0.8,32,0.83640625,0.044444862089211536,0.835,0.8047500000000001,0.8632500000000001
overlap_at_k,0.2,0.9,32,0.8335,0.040931098674598,0.8340000000000001,0.81325,0.86625
overlap_at_k,0.2,1.0,32,0.83925,0.04310676917129254,0.8375000000000001,0.81875,0.8657500000000001
overlap_at_k,0.5,1.0,32,0.7315625,0.05373227389627687,0.7275,0.69825,0.7685
overlap_at_k,0.8,1.0,32,0.6573749999999999,0.05817201965694281,0.6485000000000001,0.633,0.709
rank_agreement_at_k,0.0,1.0,32,0.9949375,0.010624644206566594,1.0,0.99875,1.0
rank_agreement_at_k,0.2,0.8,32,0.9206959635416667,0.03701276920939464,0.9268541666666668,0.897515625,0.9475572916666669
rank_agreement_at_k,0.2,0.9,32,0.9207819010416667,0.03772698737507925,0.9340625,0.90078125,0.949328125
rank_agreement_at_k,0.2,1.0,32,0.9200260416666667,0.038755426186738925,0.9285520833333334,0.9009375000000001,0.9506666666666668
rank_agreement_at_k,0.5,1.0,32,0.8757376302083333,0.04260936633864539,0.877,0.8518697916666667,0.9131875
rank_agreement_at_k,0.8,1.0,32,0.8541751302083334,0.053104624455271005,0.8602395833333334,0.8242083333333332,0.894
direction_agreement_at_k,0.0,1.0,32,0.9940625,0.011622940330892357,1.0,0.9975,1.0
direction_agreement_at_k,0.2,0.8,32,0.9693151041666667,0.03324305472491956,0.979875,0.9508333333333334,0.99325
direction_agreement_at_k,0.2,0.9,32,0.9688411458333334,0.03842148209606616,0.9752916666666667,0.967125,0.997
direction_agreement_at_k,0.2,1.0,32,0.9670442708333333,0.03627774543419262,0.9792500000000002,0.9567083333333333,0.99175
direction_agreement_at_k,0.5,1.0,32,0.9549661458333334,0.04942248401530704,0.9710416666666666,0.9417500000000001,0.9895833333333333
direction_agreement_at_k,0.8,1.0,32,0.9378700810185185,0.06119670002441235,0.96425,0.9109583333333333,0.9836250000000001
score_stability,0.0,1.0,32,0.9953528733533445,0.008809053104524116,0.9999999999999998,0.9974358734896429,1.0
score_stability,0.2,0.8,32,0.8237421244830747,0.07009233473970417,0.8182988623781156,0.7576550063523863,0.87905938502628
score_stability,0.2,0.9,32,0.8215642420236027,0.06694892922115343,0.8296636169087557,0.7803403958806678,0.8749911320744048
score_stability,0.2,1.0,32,0.8239507351044579,0.07424643422830886,0.8353353509798631,0.7658836393667752,0.8862069418886944
score_stability,0.5,1.0,32,0.7194265184704178,0.08752807920500698,0.7317135059480595,0.6524148879317047,0.7874799326778045
score_stability,0.8,1.0,32,0.6528122480652304,0.10518730001173965,0.6587531067746135,0.5953799619804464,0.7115404207313877
direction_consistency_rate,0.0,1.0,32,0.8498781968279736,0.07881742309763118,0.855,0.7990625,0.907
direction_consistency_rate,0.2,0.8,32,0.8528371054742918,0.0752272706392138,0.8515136178670988,0.8252121212121212,0.9085000000000001
direction_consistency_rate,0.2,0.9,32,0.8522979498458677,0.07717088951038166,0.8442323232323232,0.8168596228601781,0.9085000000000001
direction_consistency_rate,0.2,1.0,32,0.8520738085660451,0.07883700664119808,0.8623083884835114,0.8158953722334004,0.906
direction_consistency_rate,0.5,1.0,32,0.8492798522212062,0.07671471133719943,0.8533030303030302,0.8195,0.8998869950855056
direction_consistency_rate,0.8,1.0,32,0.8468032693280516,0.07476061125960018,0.8459170013386881,0.8239022097057551,0.9014579444538718
meaningful_effect_rate,0.0,1.0,32,0.7339697195165945,0.14672794229210998,0.765,0.5964646464646465,0.8618367346938776
meaningful_effect_rate,0.2,0.8,32,0.7346008367191716,0.14041326340407423,0.7633097520341888,0.6124409368635438,0.865
meaningful_effect_rate,0.2,0.9,32,0.7357497171023069,0.1392498250035273,0.7552937199700606,0.6220923694779117,0.8634072580645161
meaningful_effect_rate,0.2,1.0,32,0.7338165549981013,0.1391178822081844,0.7610069233033472,0.611,0.8527217741935483
meaningful_effect_rate,0.5,1.0,32,0.7305748258764375,0.13919511288235925,0.7683722334004024,0.6111814516129033,0.8502004008016032
meaningful_effect_rate,0.8,1.0,32,0.7251178818435764,0.1332226401838136,0.7665330661322645,0.6151885403459981,0.8343373493975904
mean_delta_probability,0.0,1.0,32,-0.08637832635821507,0.08229279555823271,-0.07998598220410186,-0.1517487641606608,-0.019253498814089248
mean_delta_probability,0.2,0.8,32,-0.08672386735153725,0.08231391947089634,-0.0809387443404669,-0.15315058623488903,-0.02023769351397285
mean_delta_probability,0.2,0.9,32,-0.08691526518832035,0.08191580495213834,-0.080973566295271,-0.1501140272404793,-0.022609464718194177
mean_delta_probability,0.2,1.0,32,-0.08656924981342606,0.08222904559345945,-0.07967649671622495,-0.15152371576491125,-0.02049112374844615
mean_delta_probability,0.5,1.0,32,-0.08490308433483967,0.0801073383315372,-0.0785757207845188,-0.14823789210185143,-0.0207826965396949
mean_delta_probability,0.8,1.0,32,-0.08354712898766517,0.07732036469538252,-0.07738426833515245,-0.14237593267258786,-0.02194840658887755
mean_absolute_delta_probability,0.0,1.0,32,0.11332391265096381,0.06162571090404276,0.10276556142106011,0.05746452924941602,0.15838031835583505
mean_absolute_delta_probability,0.2,0.8,32,0.11337461079334402,0.06138974438226013,0.10390827701307565,0.05773315476223913,0.1590546957502075
mean_absolute_delta_probability,0.2,0.9,32,0.1133364812789453,0.061363447086955715,0.10338180694595775,0.06055852493312833,0.15727322786140538
mean_absolute_delta_probability,0.2,1.0,32,0.11305432326783221,0.06113839606098867,0.1029983707108508,0.058533162796518795,0.15804675767216197
mean_absolute_delta_probability,0.5,1.0,32,0.1120410421208384,0.06093868707279729,0.10132535954787336,0.05688722270590162,0.15679322380387267
mean_absolute_delta_probability,0.8,1.0,32,0.1105971387014301,0.058328945402463236,0.1025174299985506,0.05815660425569503,0.1525763506605975
normalized_feature_entropy,0.0,1.0,32,0.8048791721566353,0.03807284693512951,0.8053889697371439,0.7763418802726436,0.8347486418386577
normalized_feature_entropy,0.2,0.8,32,0.8163454001411453,0.03556566785230037,0.8129250446195209,0.7904561901567729,0.8433168102953037
normalized_feature_entropy,0.2,0.9,32,0.817822137295582,0.033277412119469586,0.8146695465443156,0.7923119173818947,0.8382438769511315
normalized_feature_entropy,0.2,1.0,32,0.8156141862541036,0.0351491329180013,0.8149563527851502,0.7917463299528608,0.838743909975388
normalized_feature_entropy,0.5,1.0,32,0.8479658178940467,0.0321690461977718,0.8476948844733226,0.818833878797018,0.8720223406300653
normalized_feature_entropy,0.8,1.0,32,0.8743282149183098,0.026943387564154986,0.872997343388758,0.8529177436813086,0.890610579076748
pairwise_jaccard_within_instance,0.0,1.0,32,1.0,0.0,1.0,1.0,1.0
pairwise_jaccard_within_instance,0.2,0.8,32,0.7534210069444445,0.06016698485727516,0.7436130952380953,0.7143422619047619,0.7871924603174603
pairwise_jaccard_within_instance,0.2,0.9,32,0.7494332837301587,0.05297387814890109,0.7413095238095238,0.7201681547619048,0.7946607142857143
pairwise_jaccard_within_instance,0.2,1.0,32,0.7573678075396826,0.057295418024534014,0.7574940476190476,0.727639880952381,0.793672619047619
pairwise_jaccard_within_instance,0.5,1.0,32,0.6109014756944444,0.0619654957664341,0.6066220238095238,0.5620863095238096,0.6452232142857142
pairwise_jaccard_within_instance,0.8,1.0,32,0.5231292782738095,0.05975635795479075,0.5103035714285713,0.488532738095238,0.5817976190476191
pairwise_jaccard_between_instance,0.0,1.0,32,0.5143112990810359,0.07382738096364752,0.5118734335839599,0.4513680033416875,0.5648182957393484
pairwise_jaccard_between_instance,0.2,0.8,32,0.5072622337092731,0.06545818442502264,0.5105855054302422,0.4610676691729323,0.5459688805346701
pairwise_jaccard_between_instance,0.2,0.9,32,0.5041521251044278,0.05960950953227282,0.503966081871345,0.459513492063492,0.5449336466165413
pairwise_jaccard_between_instance,0.2,1.0,32,0.5076009972848788,0.06357905366261421,0.4990382205513784,0.4610739348370927,0.5515552631578947
pairwise_jaccard_between_instance,0.5,1.0,32,0.459272214390142,0.056517034700013374,0.45650238095238094,0.42803101503759394,0.4987597953216374
pairwise_jaccard_between_instance,0.8,1.0,32,0.417023532790309,0.050101798742095256,0.4215063492063491,0.39185261069340016,0.4520604218880534
instance_idf_specificity,0.0,1.0,32,0.17292715710975123,0.03392905684598824,0.17439429852117874,0.14666624947277435,0.19811904235770647
instance_idf_specificity,0.2,0.8,32,0.12538264912556302,0.025003643958980193,0.12997648774260545,0.11115257214770342,0.13911784530668286
instance_idf_specificity,0.2,0.9,32,0.1268512619701973,0.02512509170911907,0.1264537069354782,0.1073225472131619,0.14289343687703526
instance_idf_specificity,0.2,1.0,32,0.12599586946097002,0.02724684532125385,0.1251046872681612,0.10802241248748837,0.14135223103700104
instance_idf_specificity,0.5,1.0,32,0.11247677314216317,0.020043327057487896,0.11500429041831081,0.1007867732933746,0.12400357899015298
instance_idf_specificity,0.8,1.0,32,0.10463836561772445,0.01411811633126732,0.1038728271422032,0.09319056554469297,0.11937006008754217
separability_gap,0.0,1.0,32,0.48568870091896404,0.07382738096364753,0.48812656641604013,0.4351817042606516,0.5486319966583125
separability_gap,0.2,0.8,32,0.2461587732351712,0.07318948056512345,0.24438439849624055,0.18902831035923132,0.30451908939014205
separability_gap,0.2,0.9,32,0.24528115862573097,0.06710637642010461,0.24642040517961566,0.18766276106933996,0.2976799707602339
separability_gap,0.2,1.0,32,0.24976681025480363,0.07351957071915517,0.24601756474519632,0.18732041562238932,0.3070850563909774
separability_gap,0.5,1.0,32,0.15162926130430238,0.04692394898988193,0.15350364452798654,0.11021141395154548,0.17797091165413528
separability_gap,0.8,1.0,32,0.10610574548350038,0.039625794147027195,0.09986441102756896,0.07594149958228902,0.14165888680033412
valid_interventions,0.0,1.0,32,498.125,4.353345024601865,500.0,500.0,500.0
valid_interventions,0.2,0.8,32,497.75,3.975732839729454,499.5,497.0,500.0
valid_interventions,0.2,0.9,32,497.84375,3.465119976510612,499.0,497.75,500.0
valid_interventions,0.2,1.0,32,497.59375,3.8925849691349685,498.5,497.0,500.0
valid_interventions,0.5,1.0,32,496.625,4.591366371930073,499.0,495.0,500.0
valid_interventions,0.8,1.0,32,495.09375,8.884053764488517,498.0,495.0,499.25
invalid_interventions,0.0,1.0,32,0.0,0.0,0.0,0.0,0.0
invalid_interventions,0.2,0.8,32,0.0,0.0,0.0,0.0,0.0
invalid_interventions,0.2,0.9,32,0.0,0.0,0.0,0.0,0.0
invalid_interventions,0.2,1.0,32,0.0,0.0,0.0,0.0,0.0
invalid_interventions,0.5,1.0,32,0.0,0.0,0.0,0.0,0.0
invalid_interventions,0.8,1.0,32,0.0,0.0,0.0,0.0,0.0
structural_compliance_rate,0.0,1.0,32,1.0,0.0,1.0,1.0,1.0
structural_compliance_rate,0.2,0.8,32,1.0,0.0,1.0,1.0,1.0
structural_compliance_rate,0.2,0.9,32,1.0,0.0,1.0,1.0,1.0
structural_compliance_rate,0.2,1.0,32,1.0,0.0,1.0,1.0,1.0
structural_compliance_rate,0.5,1.0,32,1.0,0.0,1.0,1.0,1.0
structural_compliance_rate,0.8,1.0,32,0.999375,0.0035355339059327407,1.0,1.0,1.0
execution_success_rate,0.0,1.0,32,1.0,0.0,1.0,1.0,1.0
execution_success_rate,0.2,0.8,32,1.0,0.0,1.0,1.0,1.0
execution_success_rate,0.2,0.9,32,1.0,0.0,1.0,1.0,1.0
execution_success_rate,0.2,1.0,32,1.0,0.0,1.0,1.0,1.0
execution_success_rate,0.5,1.0,32,1.0,0.0,1.0,1.0,1.0
execution_success_rate,0.8,1.0,32,1.0,0.0,1.0,1.0,1.0
