metric,temperature,top_p,n,mean,sd,median,q1,q3,min,max
valid_interventions,0.0,1.0,32,498.125,4.353345024601865,500.0,500.0,500.0,480.0,500.0
valid_interventions,0.2,0.8,32,497.75,3.975732839729454,499.5,497.0,500.0,482.0,500.0
valid_interventions,0.2,0.9,32,497.84375,3.465119976510612,499.0,497.75,500.0,483.0,500.0
valid_interventions,0.2,1.0,32,497.59375,3.8925849691349685,498.5,497.0,500.0,480.0,500.0
valid_interventions,0.5,1.0,32,496.625,4.591366371930073,499.0,495.0,500.0,481.0,500.0
valid_interventions,0.8,1.0,32,495.09375,8.884053764488517,498.0,495.0,499.25,454.0,500.0
invalid_interventions,0.0,1.0,32,0.0,0.0,0.0,0.0,0.0,0.0,0.0
invalid_interventions,0.2,0.8,32,0.0,0.0,0.0,0.0,0.0,0.0,0.0
invalid_interventions,0.2,0.9,32,0.0,0.0,0.0,0.0,0.0,0.0,0.0
invalid_interventions,0.2,1.0,32,0.0,0.0,0.0,0.0,0.0,0.0,0.0
invalid_interventions,0.5,1.0,32,0.0,0.0,0.0,0.0,0.0,0.0,0.0
invalid_interventions,0.8,1.0,32,0.0,0.0,0.0,0.0,0.0,0.0,0.0
structural_compliance_rate,0.0,1.0,32,1.0,0.0,1.0,1.0,1.0,1.0,1.0
structural_compliance_rate,0.2,0.8,32,1.0,0.0,1.0,1.0,1.0,1.0,1.0
structural_compliance_rate,0.2,0.9,32,1.0,0.0,1.0,1.0,1.0,1.0,1.0
structural_compliance_rate,0.2,1.0,32,1.0,0.0,1.0,1.0,1.0,1.0,1.0
structural_compliance_rate,0.5,1.0,32,1.0,0.0,1.0,1.0,1.0,1.0,1.0
structural_compliance_rate,0.8,1.0,32,0.999375,0.0035355339059327407,1.0,1.0,1.0,0.98,1.0
execution_success_rate,0.0,1.0,32,1.0,0.0,1.0,1.0,1.0,1.0,1.0
execution_success_rate,0.2,0.8,32,1.0,0.0,1.0,1.0,1.0,1.0,1.0
execution_success_rate,0.2,0.9,32,1.0,0.0,1.0,1.0,1.0,1.0,1.0
execution_success_rate,0.2,1.0,32,1.0,0.0,1.0,1.0,1.0,1.0,1.0
execution_success_rate,0.5,1.0,32,1.0,0.0,1.0,1.0,1.0,1.0,1.0
execution_success_rate,0.8,1.0,32,1.0,0.0,1.0,1.0,1.0,1.0,1.0
