dataset,category,method,llm_model,prompt_variant,temperature,top_p,decoding_config_id,overlap_at_k,rank_agreement_at_k,direction_agreement_at_k,score_stability,direction_consistency_rate,meaningful_effect_rate,mean_delta_probability,mean_absolute_delta_probability,valid_interventions,invalid_interventions,normalized_feature_entropy,pairwise_jaccard_within_instance,pairwise_jaccard_between_instance,instance_idf_specificity,separability_gap,structural_compliance_rate,execution_success_rate,source_shard
openstack,TP,llm_lime,qwen36_27b_local,full,0.0,1.0,t00_p100,1.0,1.0,1.0,1.0,0.91,0.89,-0.21836,0.22152,500,0,0.8341266251229287,1.0,0.4525062656641603,0.1975710835873987,0.5474937343358397,1.0,1.0,00_openstack_llm_lime_TP
openstack,TP,llm_lime,qwen36_27b_local,full,0.2,1.0,t02_p100,0.833,0.9279166666666668,0.9598333333333332,0.8199506848110272,0.908,0.876,-0.214944,0.218576,500,0,0.8445891572919356,0.7431547619047619,0.4665522138680033,0.1402562137696801,0.2766025480367586,1.0,1.0,00_openstack_llm_lime_TP
openstack,TP,llm_lime,qwen36_27b_local,full,0.5,1.0,t05_p100,0.734,0.88325,0.9453333333333334,0.718835532759668,0.9038076152304608,0.8476953907815631,-0.2075551102204408,0.2147214428857715,499,0,0.8679398216229927,0.60625,0.4371474519632414,0.1289264364548154,0.1691025480367585,1.0,1.0,00_openstack_llm_lime_TP
openstack,TP,llm_lime,qwen36_27b_local,full,0.8,1.0,t08_p100,0.634,0.8248958333333333,0.935,0.6060782337606255,0.903420523138833,0.8269617706237424,-0.2013038229376257,0.2083541247484909,497,0,0.8849099753479983,0.4891150793650793,0.4095893901420217,0.0931394479273172,0.0795256892230576,1.0,1.0,00_openstack_llm_lime_TP
openstack,TP,llm_lime,qwen36_27b_local,full,0.2,0.9,t02_p090,0.8460000000000001,0.936875,0.96775,0.8343767160527149,0.91,0.876,-0.214708,0.219692,500,0,0.8450150484411312,0.7567857142857143,0.4615973266499582,0.1700501035225148,0.295188387635756,1.0,1.0,00_openstack_llm_lime_TP
openstack,TP,llm_lime,qwen36_27b_local,full,0.2,0.8,t02_p080,0.8210000000000001,0.9265416666666668,0.9726666666666668,0.8150246626002611,0.91,0.88,-0.21628,0.2206,500,0,0.8512522875578824,0.7242857142857143,0.4524335839598997,0.1432693407634195,0.2718521303258145,1.0,1.0,00_openstack_llm_lime_TP
openstack,TN,llm_lime,qwen36_27b_local,full,0.0,1.0,t00_p100,1.0,1.0,1.0,1.0,0.86,0.66,-0.0374,0.06736,500,0,0.8074448090330172,1.0,0.506140350877193,0.1740660317704717,0.493859649122807,1.0,1.0,01_openstack_llm_lime_TN
openstack,TN,llm_lime,qwen36_27b_local,full,0.2,1.0,t02_p100,0.784,0.8614791666666667,0.945,0.7033608789492775,0.8790322580645161,0.6512096774193549,-0.0340443548387096,0.0664556451612903,496,0,0.8015854820394805,0.6780238095238095,0.5043628237259816,0.0849760946746852,0.1736609857978278,1.0,1.0,01_openstack_llm_lime_TN
openstack,TN,llm_lime,qwen36_27b_local,full,0.5,1.0,t05_p100,0.6990000000000001,0.8185208333333334,0.931,0.6194071430524937,0.8697394789579158,0.6613226452905812,-0.0295230460921843,0.0641442885771543,499,0,0.8443442633905214,0.5621269841269841,0.4568769423558897,0.0911336471611587,0.1052500417710944,1.0,1.0,01_openstack_llm_lime_TN
openstack,TN,llm_lime,qwen36_27b_local,full,0.8,1.0,t08_p100,0.593,0.7922916666666666,0.8375,0.5256132755914318,0.8444444444444444,0.6606060606060606,-0.0329252525252525,0.0666383838383838,495,0,0.8828213516169439,0.4477142857142857,0.39403776106934,0.0817259530208288,0.0536765246449456,1.0,1.0,01_openstack_llm_lime_TN
openstack,TN,llm_lime,qwen36_27b_local,full,0.2,0.9,t02_p090,0.798,0.8743125,0.9351666666666668,0.7290834321947678,0.8835341365461847,0.6586345381526104,-0.0345903614457831,0.0668313253012048,498,0,0.7828994826905584,0.700781746031746,0.5386771929824561,0.0736717774402662,0.1621045530492899,1.0,1.0,01_openstack_llm_lime_TN
openstack,TN,llm_lime,qwen36_27b_local,full,0.2,0.8,t02_p080,0.746,0.8547708333333333,0.94325,0.6974477615868935,0.8812877263581489,0.670020120724346,-0.036,0.0677987927565392,497,0,0.7992165199384506,0.6221388888888889,0.5167568922305764,0.0657709858534227,0.1053819966583125,1.0,1.0,01_openstack_llm_lime_TN
openstack,FP,llm_lime,qwen36_27b_local,full,0.0,1.0,t00_p100,1.0,1.0,1.0,1.0,0.85,0.84,-0.15544,0.1586,500,0,0.7656817219554751,1.0,0.5615914786967419,0.1372753004917402,0.4384085213032581,1.0,1.0,02_openstack_llm_lime_FP
openstack,FP,llm_lime,qwen36_27b_local,full,0.2,1.0,t02_p100,0.8640000000000001,0.9128541666666669,0.95975,0.8267783168882966,0.8755020080321285,0.8473895582329317,-0.1581847389558233,0.1616144578313253,498,0,0.791819496507148,0.7901190476190476,0.5405843776106933,0.1155109478829053,0.2495346700083542,1.0,1.0,02_openstack_llm_lime_FP
openstack,FP,llm_lime,qwen36_27b_local,full,0.5,1.0,t05_p100,0.781,0.8543333333333333,0.9459166666666666,0.7398905011067112,0.8722109533468559,0.8580121703853956,-0.1586734279918864,0.1645882352941176,493,0,0.8159630999900764,0.6773571428571429,0.4986047619047619,0.1083291150748693,0.178752380952381,1.0,1.0,02_openstack_llm_lime_FP
openstack,FP,llm_lime,qwen36_27b_local,full,0.8,1.0,t08_p100,0.671,0.8405208333333333,0.9274166666666666,0.6531163582802261,0.8734939759036144,0.8313253012048193,-0.152152610441767,0.1603614457831325,498,0,0.8700158798135049,0.5356944444444445,0.4359509607351712,0.1019296406275265,0.0997434837092732,1.0,1.0,02_openstack_llm_lime_FP
openstack,FP,llm_lime,qwen36_27b_local,full,0.2,0.9,t02_p090,0.8390000000000001,0.9026458333333334,0.96525,0.8117521984337419,0.8810483870967742,0.8649193548387096,-0.1595040322580645,0.1657862903225806,496,0,0.8218902663135249,0.7648928571428572,0.4931456975772765,0.1358153966660066,0.2717471595655806,1.0,1.0,02_openstack_llm_lime_FP
openstack,FP,llm_lime,qwen36_27b_local,full,0.2,0.8,t02_p080,0.8560000000000001,0.8985625,0.9483333333333333,0.8155600988238108,0.8531187122736419,0.8511066398390342,-0.1580080482897384,0.1616217303822937,497,0,0.7947067784857933,0.7837142857142857,0.5257766081871345,0.1171000710177173,0.2579376775271512,1.0,1.0,02_openstack_llm_lime_FP
openstack,FN,llm_lime,qwen36_27b_local,full,0.0,1.0,t00_p100,1.0,1.0,1.0,1.0,0.83,0.7,0.02636,0.07052,500,0,0.7937706326669342,1.0,0.5122180451127819,0.162019916807551,0.4877819548872181,1.0,1.0,03_openstack_llm_lime_FN
openstack,FN,llm_lime,qwen36_27b_local,full,0.2,1.0,t02_p100,0.776,0.8538125000000001,0.9594166666666666,0.7301209338789427,0.8591549295774648,0.7424547283702213,0.0249818913480885,0.0736498993963782,497,0,0.8364642448890599,0.671015873015873,0.4774251461988303,0.1205314727410926,0.1935907268170426,1.0,1.0,03_openstack_llm_lime_FN
openstack,FN,llm_lime,qwen36_27b_local,full,0.5,1.0,t05_p100,0.678,0.8202083333333332,0.88425,0.6353271065357953,0.84,0.746,0.023348,0.075628,500,0,0.8773598465473516,0.5391666666666667,0.4242731829573934,0.1218642822060385,0.1148934837092732,1.0,1.0,03_openstack_llm_lime_FN
openstack,FN,llm_lime,qwen36_27b_local,full,0.8,1.0,t08_p100,0.583,0.7707499999999999,0.8387499999999999,0.4806567489272365,0.8286290322580645,0.6995967741935484,0.0203346774193548,0.0716653225806451,496,0,0.9007521626228124,0.4406190476190476,0.3852971595655806,0.0965928195655027,0.0553218880534669,1.0,1.0,03_openstack_llm_lime_FN
openstack,FN,llm_lime,qwen36_27b_local,full,0.2,0.9,t02_p090,0.763,0.8532500000000001,0.91675,0.7175781218106867,0.8172690763052208,0.7128514056224899,0.0230883534136546,0.071714859437751,498,0,0.8201309639592609,0.6485555555555556,0.4973010025062656,0.104454461000079,0.1512545530492899,1.0,1.0,03_openstack_llm_lime_FN
openstack,FN,llm_lime,qwen36_27b_local,full,0.2,0.8,t02_p080,0.76,0.8767708333333333,0.94675,0.7245404939261325,0.8390342052313883,0.7082494969818913,0.0247162977867203,0.072225352112676,497,0,0.8268094752299339,0.6517261904761904,0.4858560568086884,0.1108494544480168,0.165870133667502,1.0,1.0,03_openstack_llm_lime_FN
openstack,TP,llm_kernelshap,qwen36_27b_local,full,0.0,1.0,t00_p100,1.0,0.981,0.982,0.9800633706063658,0.87,0.94,-0.23074,0.2327,500,0,0.8553178579319693,1.0,0.4380952380952381,0.2162392665762395,0.5619047619047619,1.0,1.0,04_openstack_llm_kernelshap_TP
openstack,TP,llm_kernelshap,qwen36_27b_local,full,0.2,1.0,t02_p100,0.843,0.9389375,0.9828333333333332,0.8758770481132757,0.866,0.934,-0.22672,0.229256,500,0,0.8685195709467798,0.7603571428571428,0.4303968253968254,0.167431896728988,0.3299603174603174,1.0,1.0,04_openstack_llm_kernelshap_TP
openstack,TP,llm_kernelshap,qwen36_27b_local,full,0.5,1.0,t05_p100,0.765,0.9224166666666668,0.97725,0.8436485983438361,0.846,0.904,-0.220872,0.22468,500,0,0.871134713296394,0.6397619047619048,0.4390576441102756,0.1427512885727442,0.2007042606516291,1.0,1.0,04_openstack_llm_kernelshap_TP
openstack,TP,llm_kernelshap,qwen36_27b_local,full,0.8,1.0,t08_p100,0.7,0.9130416666666668,0.9845,0.8005856925364659,0.844,0.912,-0.217888,0.221688,500,0,0.8872464644489441,0.5607142857142857,0.4072564745196323,0.1297166726830578,0.1534578111946533,1.0,1.0,04_openstack_llm_kernelshap_TP
openstack,TP,llm_kernelshap,qwen36_27b_local,full,0.2,0.9,t02_p090,0.8470000000000001,0.9414166666666668,0.9755,0.8852521368792294,0.864,0.93,-0.227332,0.229972,500,0,0.8665182115600272,0.7645833333333333,0.4379064327485379,0.1725704309180106,0.3266769005847953,1.0,1.0,04_openstack_llm_kernelshap_TP
openstack,TP,llm_kernelshap,qwen36_27b_local,full,0.2,0.8,t02_p080,0.8630000000000001,0.9499166666666669,0.991,0.8986735571125125,0.864,0.926,-0.227324,0.229644,500,0,0.8526758166054212,0.7850595238095238,0.4502715121136174,0.1548668509146631,0.3347880116959064,1.0,1.0,04_openstack_llm_kernelshap_TP
openstack,TN,llm_kernelshap,qwen36_27b_local,full,0.0,1.0,t00_p100,1.0,0.973,0.964,0.9719091122418708,0.728,0.6,-0.03058,0.06118,500,0,0.8208787813872218,1.0,0.4842731829573934,0.1859005416564812,0.5157268170426066,1.0,1.0,05_openstack_llm_kernelshap_TN
openstack,TN,llm_kernelshap,qwen36_27b_local,full,0.2,1.0,t02_p100,0.819,0.9094791666666668,0.9715,0.7694130692452951,0.73,0.62,-0.031488,0.062304,500,0,0.8263167352288672,0.7201190476190475,0.487157894736842,0.1190909776804668,0.2329611528822054,1.0,1.0,05_openstack_llm_kernelshap_TN
openstack,TN,llm_kernelshap,qwen36_27b_local,full,0.5,1.0,t05_p100,0.696,0.8727499999999999,0.9838333333333332,0.674799306775678,0.724,0.618,-0.028036,0.06094,500,0,0.861165197422196,0.5582142857142857,0.4478020050125313,0.1011706624667783,0.1104122807017543,1.0,1.0,05_openstack_llm_kernelshap_TN
openstack,TN,llm_kernelshap,qwen36_27b_local,full,0.8,1.0,t08_p100,0.636,0.8599375,0.9833333333333334,0.5862220784678385,0.734,0.636,-0.032556,0.062236,500,0,0.8896416096718016,0.4933333333333333,0.4005296574770259,0.1026615410928451,0.0928036758563073,1.0,1.0,05_openstack_llm_kernelshap_TN
openstack,TN,llm_kernelshap,qwen36_27b_local,full,0.2,0.9,t02_p090,0.836,0.9187916666666668,0.9750833333333332,0.8249505177647964,0.742,0.632,-0.032556,0.065692,500,0,0.8098346863724093,0.7438095238095238,0.514844611528822,0.1083701025365352,0.2289649122807018,1.0,1.0,05_openstack_llm_kernelshap_TN
openstack,TN,llm_kernelshap,qwen36_27b_local,full,0.2,0.8,t02_p080,0.85,0.91675,0.9741666666666668,0.8139907245229698,0.728,0.628,-0.031648,0.062448,500,0,0.816227564643523,0.7638095238095238,0.5008153717627402,0.1227606770700101,0.2629941520467836,1.0,1.0,05_openstack_llm_kernelshap_TN
openstack,FP,llm_kernelshap,qwen36_27b_local,full,0.0,1.0,t00_p100,1.0,0.977,0.99,0.984843863299704,0.828,0.88,-0.16552,0.16832,500,0,0.775038996268042,1.0,0.5685463659147869,0.145518488168356,0.4314536340852131,1.0,1.0,06_openstack_llm_kernelshap_FP
openstack,FP,llm_kernelshap,qwen36_27b_local,full,0.2,1.0,t02_p100,0.893,0.9459583333333332,0.9796666666666668,0.923277065204248,0.83,0.89,-0.165992,0.168448,500,0,0.8064261005791372,0.8281547619047619,0.5180401002506265,0.1363681184956399,0.3101146616541353,1.0,1.0,06_openstack_llm_kernelshap_FP
openstack,FP,llm_kernelshap,qwen36_27b_local,full,0.5,1.0,t05_p100,0.779,0.9231458333333332,0.9790833333333332,0.8317805432473186,0.822,0.896,-0.162652,0.169924,500,0,0.8457409639733018,0.6610714285714285,0.4841119465329991,0.1388183552650422,0.1769594820384293,1.0,1.0,06_openstack_llm_kernelshap_FP
openstack,FP,llm_kernelshap,qwen36_27b_local,full,0.8,1.0,t08_p100,0.721,0.9303958333333334,0.9820833333333332,0.840708359945532,0.808,0.886,-0.16198,0.168972,500,0,0.8591559736663884,0.5883928571428572,0.4585012531328321,0.1220292618525235,0.129891604010025,1.0,1.0,06_openstack_llm_kernelshap_FP
openstack,FP,llm_kernelshap,qwen36_27b_local,full,0.2,0.9,t02_p090,0.8870000000000001,0.9578541666666668,0.9740833333333332,0.9110560177259664,0.842,0.892,-0.167408,0.169656,500,0,0.8133458212816929,0.8195833333333333,0.5104828738512949,0.1470571117551766,0.3091004594820384,1.0,1.0,06_openstack_llm_kernelshap_FP
openstack,FP,llm_kernelshap,qwen36_27b_local,full,0.2,0.8,t02_p080,0.914,0.9640833333333332,0.98175,0.9439933440422404,0.832,0.896,-0.165472,0.16864,500,0,0.7913091653574073,0.8661309523809524,0.5432406015037594,0.130119493359018,0.322890350877193,1.0,1.0,06_openstack_llm_kernelshap_FP
openstack,FN,llm_kernelshap,qwen36_27b_local,full,0.0,1.0,t00_p100,1.0,0.969,0.958,0.975901232155959,0.722,0.72,0.02066,0.07038,500,0,0.8323230355713029,1.0,0.4791979949874686,0.1959822312497401,0.5208020050125314,1.0,1.0,07_openstack_llm_kernelshap_FN
openstack,FN,llm_kernelshap,qwen36_27b_local,full,0.2,1.0,t02_p100,0.834,0.8996875,0.93775,0.8086829937165554,0.698,0.69,0.023796,0.065836,500,0,0.8270267009279691,0.7379166666666667,0.4935488721804511,0.1358465517006951,0.2443677944862155,1.0,1.0,07_openstack_llm_kernelshap_FN
openstack,FN,llm_kernelshap,qwen36_27b_local,full,0.5,1.0,t05_p100,0.7070000000000001,0.8931250000000001,0.9490833333333332,0.736290383115734,0.68,0.714,0.020312,0.068944,500,0,0.8582237241282494,0.5714285714285714,0.4544168755221386,0.0993474484094695,0.1170116959064327,1.0,1.0,07_openstack_llm_kernelshap_FN
openstack,FN,llm_kernelshap,qwen36_27b_local,full,0.8,1.0,t08_p100,0.6519999999999999,0.8937708333333333,0.959,0.6643898552690011,0.71,0.722,0.019152,0.070392,500,0,0.8759788069640111,0.5063492063492063,0.4187335004177109,0.0960927822551647,0.0876157059314954,1.0,1.0,07_openstack_llm_kernelshap_FN
openstack,FN,llm_kernelshap,qwen36_27b_local,full,0.2,0.9,t02_p090,0.8300000000000001,0.9059791666666668,0.9530833333333334,0.797061893186493,0.728,0.71,0.019228,0.068836,500,0,0.8334561795011244,0.7388095238095238,0.4885438596491228,0.1354697194429958,0.250265664160401,1.0,1.0,07_openstack_llm_kernelshap_FN
openstack,FN,llm_kernelshap,qwen36_27b_local,full,0.2,0.8,t02_p080,0.8310000000000001,0.9150208333333334,0.9559166666666666,0.800727940398893,0.716,0.706,0.025244,0.069516,500,0,0.8298499874141567,0.7383928571428571,0.5005597326649958,0.1383155741764831,0.2378331244778613,1.0,1.0,07_openstack_llm_kernelshap_FN
openstack,TP,llm_lofo,qwen36_27b_local,full,0.0,1.0,t00_p100,1.0,1.0,1.0,1.0,0.9,0.92,-0.21958,0.22258,500,0,0.8642477014287935,1.0,0.4087092731829573,0.2241059137865568,0.5912907268170426,1.0,1.0,08_openstack_llm_lofo_TP
openstack,TP,llm_lofo,qwen36_27b_local,full,0.2,1.0,t02_p100,0.842,0.9478541666666668,1.0,0.8685050905892332,0.8891129032258065,0.9173387096774194,-0.2217903225806451,0.2243790322580645,496,0,0.8742129081682884,0.761797619047619,0.4038529657477026,0.1813180331568265,0.3579446532999164,1.0,1.0,08_openstack_llm_lofo_TP
openstack,TP,llm_lofo,qwen36_27b_local,full,0.5,1.0,t05_p100,0.724,0.9313541666666666,1.0,0.7864702718138833,0.8957915831663327,0.9038076152304608,-0.216877755511022,0.2221042084168336,499,0,0.9007502607294796,0.5937202380952381,0.3811529657477026,0.1465711448765846,0.2125672723475355,1.0,1.0,08_openstack_llm_lofo_TP
openstack,TP,llm_lofo,qwen36_27b_local,full,0.8,1.0,t08_p100,0.619,0.9127083333333332,0.9925,0.6899517332131948,0.9014084507042254,0.8953722334004024,-0.2059154929577464,0.2128370221327968,497,0,0.9260700257993149,0.476281746031746,0.3431069340016708,0.1220233340590975,0.1331748120300752,1.0,1.0,08_openstack_llm_lofo_TP
openstack,TP,llm_lofo,qwen36_27b_local,full,0.2,0.9,t02_p090,0.8140000000000001,0.9503125,1.0,0.8536629206932547,0.8997995991983968,0.9158316633266532,-0.2213547094188376,0.2241442885771543,499,0,0.8807449459456138,0.7167857142857142,0.398150208855472,0.1614744284822644,0.3186355054302422,1.0,1.0,08_openstack_llm_lofo_TP
openstack,TP,llm_lofo,qwen36_27b_local,full,0.2,0.8,t02_p080,0.845,0.9642708333333332,1.0,0.8717071134989588,0.892,0.914,-0.22254,0.225268,500,0,0.8736372964672554,0.7610119047619047,0.3978646616541353,0.1658933258613397,0.3631472431077694,1.0,1.0,08_openstack_llm_lofo_TP
openstack,TN,llm_lofo,qwen36_27b_local,full,0.0,1.0,t00_p100,0.99,1.0,1.0,1.0,0.8383838383838383,0.6363636363636364,-0.0235959595959595,0.0592323232323232,495,0,0.8423748058070254,1.0,0.430906432748538,0.2076434386779652,0.569093567251462,1.0,1.0,09_openstack_llm_lofo_TN
openstack,TN,llm_lofo,qwen36_27b_local,full,0.2,1.0,t02_p100,0.745,0.903125,1.0,0.6706059992610766,0.8272357723577236,0.6361788617886179,-0.0249878048780487,0.061020325203252,492,0,0.8596057650768121,0.6448333333333333,0.4240036758563074,0.1195337012939275,0.2208296574770258,1.0,1.0,09_openstack_llm_lofo_TN
openstack,TN,llm_lofo,qwen36_27b_local,full,0.5,1.0,t05_p100,0.632,0.8410624999999999,0.9918333333333332,0.5530620670834335,0.8367346938775511,0.6326530612244898,-0.0255673469387755,0.0584163265306122,490,0,0.894036955578103,0.5117162698412698,0.3674517961570593,0.0918744471947818,0.1442644736842105,1.0,1.0,09_openstack_llm_lofo_TN
openstack,TN,llm_lofo,qwen36_27b_local,full,0.8,1.0,t08_p100,0.5770000000000001,0.8509375,0.9691666666666666,0.5071406216826653,0.826530612244898,0.6265306122448979,-0.0296081632653061,0.0604,490,0,0.9285079489573304,0.4439444444444444,0.3180318295739348,0.0932076047504849,0.1259126148705096,1.0,1.0,09_openstack_llm_lofo_TN
openstack,TN,llm_lofo,qwen36_27b_local,full,0.2,0.9,t02_p090,0.728,0.9090833333333332,1.0,0.6816495952287704,0.8397565922920892,0.6328600405679513,-0.02773630831643,0.0637687626774847,493,0,0.8617100374384551,0.6300277777777777,0.4245107769423559,0.1182266802135079,0.2055170008354218,1.0,1.0,09_openstack_llm_lofo_TN
openstack,TN,llm_lofo,qwen36_27b_local,full,0.2,0.8,t02_p080,0.773,0.9203541666666666,1.0,0.7336941184030609,0.8513238289205702,0.6252545824847251,-0.0246272912423625,0.0597963340122199,491,0,0.8638184986984434,0.6843412698412699,0.4060326649958228,0.1408305851170799,0.278308604845447,1.0,1.0,09_openstack_llm_lofo_TN
openstack,FP,llm_lofo,qwen36_27b_local,full,0.0,1.0,t00_p100,0.99,1.0,1.0,1.0,0.8484848484848485,0.9090909090909092,-0.1604646464646464,0.1738383838383838,495,0,0.8244753721141895,1.0,0.4626086048454469,0.1920827506362338,0.537391395154553,1.0,1.0,10_openstack_llm_lofo_FP
openstack,FP,llm_lofo,qwen36_27b_local,full,0.2,1.0,t02_p100,0.8480000000000001,0.9651041666666668,1.0,0.9070385410582852,0.8562753036437247,0.8866396761133604,-0.1630688259109311,0.1672874493927125,494,0,0.8474751283232175,0.7765833333333333,0.4353678362573099,0.1616269046183899,0.3412154970760234,1.0,1.0,10_openstack_llm_lofo_FP
openstack,FP,llm_lofo,qwen36_27b_local,full,0.5,1.0,t05_p100,0.7270000000000001,0.9123958333333334,1.0,0.7911357028714003,0.8673469387755102,0.8938775510204081,-0.1581591836734694,0.1691387755102041,490,0,0.8843325375278596,0.621436507936508,0.3942482873851294,0.1523807716602649,0.2271882205513785,1.0,1.0,10_openstack_llm_lofo_FP
openstack,FP,llm_lofo,qwen36_27b_local,full,0.8,1.0,t08_p100,0.651,0.8946875000000001,0.993,0.7426149973426984,0.8629856850715747,0.8752556237218814,-0.1527648261758691,0.1636114519427403,489,0,0.893517487291587,0.5244345238095238,0.3805453634085213,0.1213230259747559,0.1438891604010025,1.0,1.0,10_openstack_llm_lofo_FP
openstack,FP,llm_lofo,qwen36_27b_local,full,0.2,0.9,t02_p090,0.868,0.9659375,1.0,0.904939565467253,0.8464646464646465,0.8888888888888888,-0.1628646464646464,0.1682545454545454,495,0,0.8412180615343018,0.8041190476190476,0.4532619883040935,0.16533979466483,0.3508570593149541,1.0,1.0,10_openstack_llm_lofo_FP
openstack,FP,llm_lofo,qwen36_27b_local,full,0.2,0.8,t02_p080,0.8460000000000001,0.9552083333333334,1.0,0.886083133764328,0.8481781376518218,0.9008097165991904,-0.1642995951417004,0.169991902834008,494,0,0.8418901968547418,0.7776190476190477,0.4497497076023392,0.1583601165748587,0.3278693400167085,1.0,1.0,10_openstack_llm_lofo_FP
openstack,FN,llm_lofo,qwen36_27b_local,full,0.0,1.0,t00_p100,1.0,1.0,1.0,1.0,0.89,0.76,0.02654,0.07354,500,0,0.8457127325914049,1.0,0.4465747702589808,0.2077777372681423,0.5534252297410192,1.0,1.0,11_openstack_llm_lofo_FN
openstack,FN,llm_lofo,qwen36_27b_local,full,0.2,1.0,t02_p100,0.749,0.9058333333333334,1.0,0.7056309114773275,0.84,0.692,0.022472,0.068712,500,0,0.8687006517540589,0.6390674603174603,0.4446006683375104,0.1293826199025443,0.1944667919799498,1.0,1.0,11_openstack_llm_lofo_FN
openstack,FN,llm_lofo,qwen36_27b_local,full,0.5,1.0,t05_p100,0.655,0.8615625,1.0,0.6194125169787601,0.8282208588957055,0.7239263803680982,0.0163271983640081,0.068122699386503,489,0,0.8940933459436531,0.5358273809523809,0.3764456140350877,0.129047281026759,0.1593817669172932,1.0,1.0,11_openstack_llm_lofo_FN
openstack,FN,llm_lofo,qwen36_27b_local,full,0.8,1.0,t08_p100,0.575,0.8411041666666665,0.9856944444444444,0.516248748594698,0.8388429752066116,0.7107438016528925,0.0176900826446281,0.069590909090909,484,0,0.914465338908105,0.4494444444444444,0.3412766917293233,0.1047291424282452,0.1081677527151211,1.0,1.0,11_openstack_llm_lofo_FN
openstack,FN,llm_lofo,qwen36_27b_local,full,0.2,0.9,t02_p090,0.77,0.933125,1.0,0.7138498595918663,0.842,0.71,0.022144,0.066584,500,0,0.8674337420814731,0.6718055555555555,0.4288663324979114,0.1364614098295285,0.2429392230576441,1.0,1.0,11_openstack_llm_lofo_FN
openstack,FN,llm_lofo,qwen36_27b_local,full,0.2,0.8,t02_p080,0.776,0.921875,1.0,0.725662837452614,0.842,0.704,0.021636,0.067204,500,0,0.8702690609880238,0.6802579365079365,0.4335171261487051,0.1354531581994399,0.2467408103592314,1.0,1.0,11_openstack_llm_lofo_FN
openstack,TP,llm_counterfactual,qwen36_27b_local,full,0.0,1.0,t00_p100,1.0,1.0,1.0,1.0,0.89,0.86,-0.20488,0.2115999999999999,500,0,0.8754487671092046,1.0,0.4009189640768588,0.2339733691477536,0.5990810359231412,1.0,1.0,12_openstack_llm_counterfactual_TP
openstack,TP,llm_counterfactual,qwen36_27b_local,full,0.2,1.0,t02_p100,0.845,0.9515208333333334,0.9816666666666668,0.8650418306016394,0.906,0.85,-0.207464,0.21204,500,0,0.8472914010101886,0.7631547619047618,0.4579924812030075,0.1513314571920556,0.3051622807017543,1.0,1.0,12_openstack_llm_counterfactual_TP
openstack,TP,llm_counterfactual,qwen36_27b_local,full,0.5,1.0,t05_p100,0.744,0.9233958333333334,0.9596666666666668,0.7756293515658349,0.9098196392785572,0.8577154308617234,-0.2115270541082164,0.2168416833667334,499,0,0.8680589842756324,0.6233035714285714,0.4330605680868838,0.1282548127738442,0.1902430033416875,1.0,1.0,12_openstack_llm_counterfactual_TP
openstack,TP,llm_counterfactual,qwen36_27b_local,full,0.8,1.0,t08_p100,0.678,0.8857708333333333,0.969,0.7094458597919221,0.9216867469879518,0.8433734939759037,-0.2016506024096385,0.2070401606425702,498,0,0.8832786964732624,0.5360238095238095,0.4141182957393483,0.123075507371836,0.1219055137844611,1.0,1.0,12_openstack_llm_counterfactual_TP
openstack,TP,llm_counterfactual,qwen36_27b_local,full,0.2,0.9,t02_p090,0.825,0.9569375,0.9891666666666667,0.8589655528626452,0.9,0.868,-0.210668,0.215036,500,0,0.8563621744004943,0.729047619047619,0.4417460317460317,0.1426814986171535,0.2873015873015873,1.0,1.0,12_openstack_llm_counterfactual_TP
openstack,TP,llm_counterfactual,qwen36_27b_local,full,0.2,0.8,t02_p080,0.804,0.92075,0.9599166666666668,0.8011189680924755,0.896,0.864,-0.207404,0.21258,500,0,0.8496873566136691,0.6997619047619047,0.4647685881370091,0.1320287240449862,0.2349933166248955,1.0,1.0,12_openstack_llm_counterfactual_TP
openstack,TN,llm_counterfactual,qwen36_27b_local,full,0.0,1.0,t00_p100,1.0,1.0,1.0,1.0,0.79,0.62,-0.03408,0.06396,500,0,0.7767761749408442,1.0,0.5635756056808688,0.1470488365742471,0.4364243943191311,1.0,1.0,13_openstack_llm_counterfactual_TN
openstack,TN,llm_counterfactual,qwen36_27b_local,full,0.2,1.0,t02_p100,0.8,0.9013541666666668,0.9203333333333332,0.7570794692961877,0.806841046277666,0.6559356136820925,-0.0338913480885311,0.0650945674044265,497,0,0.7867259884566287,0.707484126984127,0.5498130325814536,0.0993909695698542,0.1576710944026733,1.0,1.0,13_openstack_llm_counterfactual_TN
openstack,TN,llm_counterfactual,qwen36_27b_local,full,0.5,1.0,t05_p100,0.6940000000000001,0.8352499999999999,0.92525,0.6548743783994019,0.812,0.644,-0.034464,0.063912,500,0,0.8608086444460438,0.5566269841269841,0.4517134502923976,0.1108631858461788,0.1049135338345864,1.0,1.0,13_openstack_llm_counterfactual_TN
openstack,TN,llm_counterfactual,qwen36_27b_local,full,0.8,1.0,t08_p100,0.63,0.8221458333333332,0.8813333333333333,0.6083388192904248,0.8176352705410822,0.6432865731462926,-0.0349899799599198,0.0656833667334669,499,0,0.8676944215910831,0.4867857142857142,0.4349728487886382,0.0868302439922288,0.051812865497076,1.0,1.0,13_openstack_llm_counterfactual_TN
openstack,TN,llm_counterfactual,qwen36_27b_local,full,0.2,0.9,t02_p090,0.789,0.8874583333333333,0.9708333333333334,0.7842084354639165,0.8156312625250501,0.6352705410821643,-0.0331983967935871,0.0640521042084168,499,0,0.8014076029638111,0.6866666666666666,0.5298355054302423,0.1078567235934184,0.1568311612364243,1.0,1.0,13_openstack_llm_counterfactual_TN
openstack,TN,llm_counterfactual,qwen36_27b_local,full,0.2,0.8,t02_p080,0.8099999999999999,0.8749166666666668,0.93025,0.7533433089195505,0.816,0.65,-0.03584,0.06684,500,0,0.7790862192511259,0.701845238095238,0.5541537176274018,0.0818877165598815,0.1476915204678361,1.0,1.0,13_openstack_llm_counterfactual_TN
openstack,FP,llm_counterfactual,qwen36_27b_local,full,0.0,1.0,t00_p100,0.98,1.0,1.0,1.0,0.8877551020408163,0.8673469387755102,-0.159204081632653,0.1624285714285714,490,0,0.8113731469719729,1.0,0.4890768588137009,0.1827106620450249,0.5109231411862991,1.0,1.0,14_openstack_llm_counterfactual_FP
openstack,FP,llm_counterfactual,qwen36_27b_local,full,0.2,1.0,t02_p100,0.82,0.9292083333333334,0.9594166666666666,0.8438923850714295,0.8891129032258065,0.8608870967741935,-0.1592741935483871,0.1623387096774193,496,0,0.8186678434420953,0.7329047619047618,0.4906003341687552,0.1136385657196318,0.2423044277360066,1.0,1.0,14_openstack_llm_counterfactual_FP
openstack,FP,llm_counterfactual,qwen36_27b_local,full,0.5,1.0,t05_p100,0.728,0.8643750000000001,0.95425,0.7586692224854584,0.8985801217038539,0.8803245436105477,-0.1594969574036511,0.1674320486815415,493,0,0.8649847829516336,0.6069940476190476,0.4292836257309941,0.1277927606645222,0.1777104218880534,1.0,1.0,14_openstack_llm_counterfactual_FP
openstack,FP,llm_counterfactual,qwen36_27b_local,full,0.8,1.0,t08_p100,0.716,0.853875,0.9166666666666666,0.7178241035497845,0.89738430583501,0.8732394366197183,-0.1584547283702213,0.1650945674044265,497,0,0.8682401604585916,0.5883809523809523,0.4299401837928153,0.1204880325692338,0.158440768588137,1.0,1.0,14_openstack_llm_counterfactual_FP
openstack,FP,llm_counterfactual,qwen36_27b_local,full,0.2,0.9,t02_p090,0.8160000000000001,0.9440208333333332,0.974,0.8495640121620035,0.8850806451612904,0.8629032258064516,-0.1586653225806451,0.1620766129032258,496,0,0.829633120746339,0.725047619047619,0.4823335004177109,0.1329784943666831,0.2427141186299081,1.0,1.0,14_openstack_llm_counterfactual_FP
openstack,FP,llm_counterfactual,qwen36_27b_local,full,0.2,0.8,t02_p080,0.795,0.9145,0.9673333333333334,0.83779387167152,0.8762677484787018,0.8722109533468559,-0.1603732251521298,0.1639432048681541,493,0,0.8288825862170833,0.7014761904761905,0.4731315789473684,0.1287122345398732,0.228344611528822,1.0,1.0,14_openstack_llm_counterfactual_FP
openstack,FN,llm_counterfactual,qwen36_27b_local,full,0.0,1.0,t00_p100,1.0,1.0,1.0,1.0,0.72,0.74,0.01976,0.07436,500,0,0.7898436879842556,1.0,0.5540100250626566,0.1585605181692602,0.4459899749373434,1.0,1.0,15_openstack_llm_counterfactual_FN
openstack,FN,llm_counterfactual,qwen36_27b_local,full,0.2,1.0,t02_p100,0.8370000000000001,0.826375,0.8658333333333333,0.7307338933466367,0.7114228456913828,0.7354709418837675,0.0191783567134268,0.0751142284569138,499,0,0.7978933333315,0.743095238095238,0.559419715956558,0.1087139615004764,0.18367552213868,1.0,1.0,15_openstack_llm_counterfactual_FN
openstack,FN,llm_counterfactual,qwen36_27b_local,full,0.5,1.0,t05_p100,0.705,0.790125,0.8125833333333332,0.580850967069531,0.7469879518072289,0.7369477911646586,0.0195662650602409,0.0760240963855421,498,0,0.8496488049733435,0.5697103174603174,0.4748122807017543,0.1148828397424967,0.094898036758563,1.0,1.0,15_openstack_llm_counterfactual_FN
openstack,FN,llm_counterfactual,qwen36_27b_local,full,0.8,1.0,t08_p100,0.639,0.7792291666666666,0.8009166666666667,0.5590499913855372,0.717434869739479,0.749498997995992,0.0180280561122244,0.0768977955911823,499,0,0.8862096992331707,0.4923214285714286,0.4238881370091896,0.1110597828360779,0.0684332915622389,1.0,1.0,15_openstack_llm_counterfactual_FN
openstack,FN,llm_counterfactual,qwen36_27b_local,full,0.2,0.9,t02_p090,0.8150000000000001,0.8214583333333334,0.8473333333333333,0.7180383401438837,0.7294589178356713,0.7274549098196392,0.0216312625250501,0.0741763527054108,499,0,0.7981156177840785,0.7165496031746031,0.5562569757727652,0.120481049893621,0.1602926274018379,1.0,1.0,15_openstack_llm_counterfactual_FN
openstack,FN,llm_counterfactual,qwen36_27b_local,full,0.2,0.8,t02_p080,0.8300000000000001,0.8562916666666667,0.88125,0.7397179539752716,0.7234468937875751,0.7434869739478958,0.0185691382765531,0.0756993987975952,499,0,0.8107486000729959,0.7364880952380952,0.542818045112782,0.126023820612812,0.1936700501253132,1.0,1.0,15_openstack_llm_counterfactual_FN
qt,TP,llm_lime,qwen36_27b_local,full,0.0,1.0,t00_p100,1.0,1.0,1.0,0.9999999999999998,0.95,0.86,-0.1386348030029873,0.1531113144947244,500,0,0.7712246899609695,1.0,0.575375939849624,0.1421583170656375,0.424624060150376,1.0,1.0,16_qt_llm_lime_TP
qt,TP,llm_lime,qwen36_27b_local,full,0.2,1.0,t02_p100,0.903,0.9505416666666668,0.98825,0.90694186181763,0.944,0.868,-0.1416412261289044,0.1545837538126581,500,0,0.776750210568596,0.8433928571428572,0.5803475355054302,0.1208267546337781,0.263045321637427,1.0,1.0,16_qt_llm_lime_TP
qt,TP,llm_lime,qwen36_27b_local,full,0.5,1.0,t05_p100,0.8019999999999999,0.8708333333333333,0.9628333333333334,0.7905089152695679,0.92,0.844,-0.1337867522862306,0.1494500941040094,500,0,0.8046132033542992,0.6908928571428571,0.5432673350041771,0.1161864875865633,0.1476255221386799,1.0,1.0,16_qt_llm_lime_TP
qt,TP,llm_lime,qwen36_27b_local,full,0.8,1.0,t08_p100,0.708,0.8369791666666666,0.9028333333333332,0.6870151536796743,0.9016064257028112,0.8092369477911646,-0.1288985778801328,0.1434089197962806,498,0,0.8371003956860122,0.5796031746031746,0.4799670008354219,0.0995209122316565,0.0996361737677526,1.0,1.0,16_qt_llm_lime_TP
qt,TP,llm_lime,qwen36_27b_local,full,0.2,0.9,t02_p090,0.867,0.937875,0.9865,0.8832349788738789,0.939879759519038,0.8496993987975952,-0.1407133335345833,0.1531724895222252,499,0,0.7708692814570177,0.7926428571428571,0.5857401837928153,0.1075232306593121,0.2069026733500417,1.0,1.0,16_qt_llm_lime_TP
qt,TP,llm_lime,qwen36_27b_local,full,0.2,0.8,t02_p080,0.881,0.9324791666666666,0.98675,0.8945714364888391,0.934,0.868,-0.1423049242243027,0.1542334346039622,500,0,0.7697416708326476,0.8116666666666666,0.594640768588137,0.1044038243595146,0.2170258980785296,1.0,1.0,16_qt_llm_lime_TP
qt,TN,llm_lime,qwen36_27b_local,full,0.0,1.0,t00_p100,1.0,1.0,1.0,0.9999999999999992,0.87,0.51,-0.0316110945089598,0.0472664359328634,500,0,0.7697051402839499,1.0,0.581516290726817,0.1408196865250334,0.418483709273183,1.0,1.0,17_qt_llm_lime_TN
qt,TN,llm_lime,qwen36_27b_local,full,0.2,1.0,t02_p100,0.8240000000000001,0.9142083333333334,0.9485833333333332,0.8127437874407756,0.8654618473895582,0.5200803212851406,-0.0351253763821108,0.0494747773243486,498,0,0.7792640675238839,0.7301071428571428,0.5688808688387635,0.0884930026781007,0.1612262740183793,1.0,1.0,17_qt_llm_lime_TN
qt,TN,llm_lime,qwen36_27b_local,full,0.5,1.0,t05_p100,0.72,0.8642916666666667,0.9170833333333333,0.6929647738907219,0.8606060606060606,0.5393939393939394,-0.0357643594018572,0.050892205125225,495,0,0.8058274389913046,0.5972142857142857,0.5009391812865497,0.0679453971139227,0.096275104427736,1.0,1.0,17_qt_llm_lime_TN
qt,TN,llm_lime,qwen36_27b_local,full,0.8,1.0,t08_p100,0.645,0.8349375,0.9136666666666666,0.6321620743516669,0.8473895582329317,0.5281124497991968,-0.0374851867287767,0.050666063687797,498,0,0.853424709357923,0.5029365079365079,0.4501644110275689,0.0905596095115205,0.052772096908939,1.0,1.0,17_qt_llm_lime_TN
qt,TN,llm_lime,qwen36_27b_local,full,0.2,0.9,t02_p090,0.8320000000000001,0.8951874999999999,0.9329166666666668,0.7999780727063671,0.832,0.542,-0.036600761736408,0.0503107159083096,500,0,0.7860953598002272,0.7336309523809523,0.5644452798663325,0.1067204968747113,0.1691856725146198,1.0,1.0,17_qt_llm_lime_TN
qt,TN,llm_lime,qwen36_27b_local,full,0.2,0.8,t02_p080,0.805,0.8767708333333333,0.9516666666666668,0.7590922388299982,0.8517034068136272,0.5170340681362725,-0.0338805431245139,0.0492379618353259,499,0,0.7870578647675206,0.7026547619047618,0.5632770258980785,0.0921758726784262,0.1393777360066833,1.0,1.0,17_qt_llm_lime_TN
qt,FP,llm_lime,qwen36_27b_local,full,0.0,1.0,t00_p100,0.99,1.0,1.0,0.9999999999999998,0.9393939393939394,0.797979797979798,-0.1255723289226648,0.134169055130041,495,0,0.7989053218934024,1.0,0.52156223893066,0.1691304608335155,0.47843776106934,1.0,1.0,18_qt_llm_lime_FP
qt,FP,llm_lime,qwen36_27b_local,full,0.2,1.0,t02_p100,0.8710000000000001,0.9291875,0.9836666666666666,0.8470605433260161,0.9619238476953909,0.779559118236473,-0.1212493684380536,0.1308825129647878,499,0,0.8076181017085555,0.8014761904761905,0.5134445279866332,0.1347426010392608,0.2880316624895572,1.0,1.0,18_qt_llm_lime_FP
qt,FP,llm_lime,qwen36_27b_local,full,0.5,1.0,t05_p100,0.78,0.8682083333333332,0.9648333333333332,0.7271366287803851,0.9517102615694164,0.7987927565392354,-0.1182059858431282,0.1292335276932767,497,0,0.8197908050659984,0.6738452380952381,0.4992248955722639,0.1176215983209635,0.1746203425229741,1.0,1.0,18_qt_llm_lime_FP
qt,FP,llm_lime,qwen36_27b_local,full,0.8,1.0,t08_p100,0.729,0.8699166666666667,0.9384166666666668,0.7064543667086939,0.9298597194388778,0.7835671342685371,-0.1172697944009595,0.1281370644059189,499,0,0.8437874952596963,0.6000119047619047,0.4585212197159565,0.1110994221222306,0.1414906850459481,1.0,1.0,18_qt_llm_lime_FP
qt,FP,llm_lime,qwen36_27b_local,full,0.2,0.9,t02_p090,0.865,0.9231875,0.986,0.8504031790594743,0.96579476861167,0.7927565392354124,-0.1239228480311415,0.1332928767143662,497,0,0.7943841032424505,0.7948928571428572,0.5418380116959064,0.1259051385857509,0.2530548454469508,1.0,1.0,18_qt_llm_lime_FP
qt,FP,llm_lime,qwen36_27b_local,full,0.2,0.8,t02_p080,0.8950000000000001,0.9387708333333332,0.978,0.8753036477762375,0.9619238476953909,0.7875751503006012,-0.1246028588342062,0.1344287210992047,499,0,0.7974280316060929,0.8319523809523809,0.5365124477861319,0.1385469320365505,0.2954399331662489,1.0,1.0,18_qt_llm_lime_FP
qt,FN,llm_lime,qwen36_27b_local,full,0.0,1.0,t00_p100,0.99,1.0,1.0,0.9999999999999992,0.7878787878787878,0.5858585858585859,-0.0007336580932897,0.0470683323379641,495,0,0.7522116139320253,1.0,0.6137844611528822,0.1279473920707728,0.3862155388471178,1.0,1.0,19_qt_llm_lime_FN
qt,FN,llm_lime,qwen36_27b_local,full,0.2,1.0,t02_p100,0.818,0.8500624999999999,0.8883333333333333,0.7442602741088362,0.8189134808853119,0.5774647887323944,-0.0019016528107374,0.0484610346838254,497,0,0.780377307534565,0.7202380952380952,0.5875152046783626,0.1078325859231695,0.1327228905597326,1.0,1.0,19_qt_llm_lime_FN
qt,FN,llm_lime,qwen36_27b_local,full,0.5,1.0,t05_p100,0.7230000000000001,0.8023125,0.8406666666666667,0.6450364165286131,0.8266129032258065,0.5907258064516129,-0.0044124819762462,0.0484011388876951,496,0,0.8358065576307604,0.5941369047619047,0.4823300751879699,0.1103091275721953,0.1118068295739348,1.0,1.0,19_qt_llm_lime_FN
qt,FN,llm_lime,qwen36_27b_local,full,0.8,1.0,t08_p100,0.661,0.763625,0.8605,0.6028006259602926,0.8577154308617234,0.5811623246492986,-0.0021716174496508,0.0487900091370412,499,0,0.8671116203828046,0.5183055555555556,0.4398613199665831,0.1043523438110591,0.0784442355889724,1.0,1.0,19_qt_llm_lime_FN
qt,FN,llm_lime,qwen36_27b_local,full,0.2,0.9,t02_p090,0.828,0.8703541666666667,0.8983333333333334,0.7709551323270049,0.8353413654618473,0.5923694779116466,-0.0025136742250839,0.0492704368007895,498,0,0.7836612388238687,0.7310238095238095,0.5670228070175438,0.1038176803643092,0.1640010025062657,1.0,1.0,19_qt_llm_lime_FN
qt,FN,llm_lime,qwen36_27b_local,full,0.2,0.8,t02_p080,0.8220000000000001,0.8643124999999999,0.92525,0.7519852469381639,0.8282828282828283,0.5696969696969697,-0.000530581095949,0.0477468732071469,495,0,0.7871009968599414,0.7315714285714285,0.568791395154553,0.1146575067611362,0.1627800334168755,1.0,1.0,19_qt_llm_lime_FN
qt,TP,llm_kernelshap,qwen36_27b_local,full,0.0,1.0,t00_p100,1.0,0.9905,0.982,0.9897434939585752,0.924,0.9,-0.1505183522142144,0.1583070911411134,500,0,0.7899119680071813,1.0,0.543609022556391,0.1586206687029241,0.456390977443609,1.0,1.0,20_qt_llm_kernelshap_TP
qt,TP,llm_kernelshap,qwen36_27b_local,full,0.2,1.0,t02_p100,0.916,0.9684375,0.98875,0.9462887006965331,0.906,0.894,-0.1493033747012739,0.1568575242857742,500,0,0.7915268302899989,0.8628571428571429,0.556781954887218,0.1327045408733347,0.3060751879699248,1.0,1.0,20_qt_llm_kernelshap_TP
qt,TP,llm_kernelshap,qwen36_27b_local,full,0.5,1.0,t05_p100,0.8390000000000001,0.9418333333333332,0.9888333333333332,0.8918619301494249,0.894,0.874,-0.1449307949113121,0.1541948866404577,500,0,0.8113445273047537,0.7523809523809524,0.5354636591478696,0.1227405184320299,0.2169172932330827,1.0,1.0,20_qt_llm_kernelshap_TP
qt,TP,llm_kernelshap,qwen36_27b_local,full,0.8,1.0,t08_p100,0.77,0.9292708333333334,0.9866666666666668,0.8457560763631193,0.878,0.864,-0.1391170400828615,0.1499813189530858,500,0,0.8332383000832342,0.6516071428571428,0.4876065162907268,0.118111266971901,0.164000626566416,1.0,1.0,20_qt_llm_kernelshap_TP
qt,TP,llm_kernelshap,qwen36_27b_local,full,0.2,0.9,t02_p090,0.901,0.9597708333333334,0.996,0.9269841026393923,0.908,0.886,-0.147263595460424,0.1556720995141319,500,0,0.7841086907795576,0.8426190476190476,0.5542205513784461,0.1155685433288998,0.2883984962406015,1.0,1.0,20_qt_llm_kernelshap_TP
qt,TP,llm_kernelshap,qwen36_27b_local,full,0.2,0.8,t02_p080,0.934,0.9692916666666668,0.99,0.9528430219552104,0.918,0.898,-0.1515314322166059,0.1581990175395121,500,0,0.7878972645548699,0.8923809523809524,0.5661578947368421,0.1298334821261929,0.3262230576441103,1.0,1.0,20_qt_llm_kernelshap_TP
qt,TN,llm_kernelshap,qwen36_27b_local,full,0.0,1.0,t00_p100,1.0,0.9605,0.984,0.9739459979221042,0.766,0.51,-0.0348320172851179,0.0505443408694708,500,0,0.799256696506839,1.0,0.5145989974937343,0.1668528042839281,0.4854010025062657,1.0,1.0,21_qt_llm_kernelshap_TN
qt,TN,llm_kernelshap,qwen36_27b_local,full,0.2,1.0,t02_p100,0.8150000000000001,0.8962708333333333,0.9746666666666666,0.7962518728379002,0.772,0.536,-0.0331750339661464,0.0508203010963658,500,0,0.7922745240763196,0.7092857142857143,0.5414243943191311,0.0963239139738629,0.1678613199665831,1.0,1.0,21_qt_llm_kernelshap_TN
qt,TN,llm_kernelshap,qwen36_27b_local,full,0.5,1.0,t05_p100,0.701,0.8818541666666666,0.9859166666666668,0.6976002476086818,0.766,0.522,-0.0326487175390575,0.0497892029657943,500,0,0.8329748294944999,0.5619642857142857,0.4570843776106933,0.0717944438325731,0.1048799081035923,1.0,1.0,21_qt_llm_kernelshap_TN
qt,TN,llm_kernelshap,qwen36_27b_local,full,0.8,1.0,t08_p100,0.621,0.8833541666666667,0.9783333333333332,0.6521022706171574,0.7263581488933601,0.5251509054325956,-0.0349032156470173,0.0512406320095408,497,0,0.863614025737984,0.4799880952380952,0.4191245614035087,0.080259622031179,0.0608635338345864,1.0,1.0,21_qt_llm_kernelshap_TN
qt,TN,llm_kernelshap,qwen36_27b_local,full,0.2,0.9,t02_p090,0.8109999999999999,0.9065416666666666,0.97225,0.8152632234918042,0.75,0.528,-0.0328683154178054,0.0509278117000592,500,0,0.8010835579577679,0.7132142857142857,0.5145154553049289,0.0881188368589803,0.1986988304093567,1.0,1.0,21_qt_llm_kernelshap_TN
qt,TN,llm_kernelshap,qwen36_27b_local,full,0.2,0.8,t02_p080,0.835,0.9271666666666668,0.9831666666666669,0.8210376259324205,0.766,0.538,-0.0327068796221759,0.0505118082646121,500,0,0.7984683242774454,0.7470833333333333,0.5292807017543859,0.1031676590372232,0.2178026315789474,1.0,1.0,21_qt_llm_kernelshap_TN
qt,FP,llm_kernelshap,qwen36_27b_local,full,0.0,1.0,t00_p100,1.0,0.995,0.974,0.987780943998388,0.906,0.84,-0.132561500277362,0.1392117427713288,500,0,0.8372387232851469,1.0,0.447953216374269,0.2003126521641329,0.552046783625731,1.0,1.0,22_qt_llm_kernelshap_FP
qt,FP,llm_kernelshap,qwen36_27b_local,full,0.2,1.0,t02_p100,0.916,0.968375,0.9740833333333332,0.9277352129314448,0.902,0.824,-0.1327288824478238,0.1375742489218535,500,0,0.8367954942032054,0.8633333333333333,0.4621010860484544,0.1611485467909015,0.4012322472848788,1.0,1.0,22_qt_llm_kernelshap_FP
qt,FP,llm_kernelshap,qwen36_27b_local,full,0.5,1.0,t05_p100,0.8140000000000001,0.938,0.9778333333333332,0.8528734939077449,0.876,0.802,-0.1252308533020003,0.1336644972217157,500,0,0.8409432557287759,0.7083928571428572,0.4561278195488721,0.117542884681763,0.252265037593985,1.0,1.0,22_qt_llm_kernelshap_FP
qt,FP,llm_kernelshap,qwen36_27b_local,full,0.8,1.0,t08_p100,0.745,0.9175833333333332,0.9643333333333332,0.784910919216092,0.858,0.798,-0.1222613589664323,0.1300436636004823,500,0,0.8495435262771437,0.6132738095238095,0.4439256474519632,0.1103874055849737,0.1693481620718462,1.0,1.0,22_qt_llm_kernelshap_FP
qt,FP,llm_kernelshap,qwen36_27b_local,full,0.2,0.9,t02_p090,0.911,0.9670833333333332,0.9725,0.9143438464635156,0.912,0.844,-0.13190179850251,0.1382212846720643,500,0,0.8308570821922692,0.855,0.4775714285714285,0.1525495305673318,0.3774285714285714,1.0,1.0,22_qt_llm_kernelshap_FP
qt,FP,llm_kernelshap,qwen36_27b_local,full,0.2,0.8,t02_p080,0.8939999999999999,0.9619791666666666,0.974,0.9195354710963342,0.908,0.828,-0.1309160793878982,0.1373592806918684,500,0,0.8397568304829593,0.8266666666666667,0.4639456975772765,0.1486098057571727,0.3627209690893901,1.0,1.0,22_qt_llm_kernelshap_FP
qt,FN,llm_kernelshap,qwen36_27b_local,full,0.0,1.0,t00_p100,1.0,0.992,0.976,0.9871039331240652,0.732,0.56,-0.0013697794288594,0.0487005586007275,500,0,0.7955461051257936,1.0,0.5777568922305765,0.163583999702223,0.4222431077694235,1.0,1.0,23_qt_llm_kernelshap_FN
qt,FN,llm_kernelshap,qwen36_27b_local,full,0.2,1.0,t02_p100,0.833,0.9464166666666668,0.9788333333333334,0.885677668817072,0.726,0.584,-0.0018801346176776,0.0498466909885411,500,0,0.8197848962259168,0.7355952380952381,0.5351896407685881,0.1407981093512713,0.2004055973266499,1.0,1.0,23_qt_llm_kernelshap_FN
qt,FN,llm_kernelshap,qwen36_27b_local,full,0.5,1.0,t05_p100,0.765,0.9155625,0.9855,0.7738182868171444,0.708,0.57,-0.0033479064580275,0.0476656877803229,500,0,0.8350330821587277,0.6399404761904761,0.4979089390142021,0.1151257410941249,0.1420315371762739,1.0,1.0,23_qt_llm_kernelshap_FN
qt,FN,llm_kernelshap,qwen36_27b_local,full,0.8,1.0,t08_p100,0.646,0.9035416666666668,0.9916666666666666,0.693887617316276,0.728,0.556,-0.0024767304689005,0.0479558698188805,500,0,0.8790292623821578,0.500079365079365,0.409766917293233,0.0889055920978662,0.0903124477861319,1.0,1.0,23_qt_llm_kernelshap_FN
qt,FN,llm_kernelshap,qwen36_27b_local,full,0.2,0.9,t02_p090,0.8290000000000001,0.9328125,0.987,0.8565024774448098,0.71,0.58,-0.0022511910228278,0.0481948508464303,500,0,0.8329698776622513,0.7336706349206349,0.4998011695906432,0.1385364155580289,0.2338694653299916,1.0,1.0,23_qt_llm_kernelshap_FN
qt,FN,llm_kernelshap,qwen36_27b_local,full,0.2,0.8,t02_p080,0.835,0.9562291666666668,0.9845,0.8711824176475126,0.71,0.574,-0.0022401282297316,0.0491682989505604,500,0,0.8264637209393736,0.7392261904761904,0.5182539682539682,0.1322118892069117,0.2209722222222222,1.0,1.0,23_qt_llm_kernelshap_FN
qt,TP,llm_lofo,qwen36_27b_local,full,0.0,1.0,t00_p100,1.0,1.0,1.0,0.9999999999999998,0.95,0.89,-0.1437876092073203,0.1533654192898935,500,0,0.8081900746158389,1.0,0.5115288220551378,0.1747225652718858,0.4884711779448621,1.0,1.0,24_qt_llm_lofo_TP
qt,TP,llm_lofo,qwen36_27b_local,full,0.2,1.0,t02_p100,0.8619999999999999,0.9597916666666666,1.0,0.8991067248855096,0.9477911646586346,0.8493975903614458,-0.1417930457781309,0.1516072289362396,498,0,0.8112448621282052,0.7910714285714285,0.5131370091896408,0.1406992528969907,0.2779344193817877,1.0,1.0,24_qt_llm_lofo_TP
qt,TP,llm_lofo,qwen36_27b_local,full,0.5,1.0,t05_p100,0.752,0.921875,1.0,0.7922674573585368,0.943661971830986,0.8370221327967807,-0.1375796088363841,0.1473619393803973,497,0,0.8348587926761797,0.6391587301587301,0.4791040100250626,0.1189487744731873,0.1600547201336675,1.0,1.0,24_qt_llm_lofo_TP
qt,TP,llm_lofo,qwen36_27b_local,full,0.8,1.0,t08_p100,0.717,0.9135416666666666,1.0,0.7803492219054095,0.9473684210526316,0.8441295546558705,-0.1364421619172214,0.1470148137683914,494,0,0.8513968466514652,0.5976984126984127,0.4555349206349206,0.1197221558767284,0.1421634920634921,1.0,1.0,24_qt_llm_lofo_TP
qt,TP,llm_lofo,qwen36_27b_local,full,0.2,0.9,t02_p090,0.866,0.9541666666666666,1.0,0.8960490438055656,0.9497991967871486,0.8554216867469879,-0.1410331079981009,0.1511181642931433,498,0,0.8092022781266375,0.7945833333333333,0.5190910609857978,0.1270022752852055,0.2754922723475355,1.0,1.0,24_qt_llm_lofo_TP
qt,TP,llm_lofo,qwen36_27b_local,full,0.2,0.8,t02_p080,0.8640000000000001,0.9467708333333336,1.0,0.8778117365909036,0.948,0.848,-0.1383303955073598,0.1491235449128966,500,0,0.813712602327546,0.7935912698412698,0.5080576441102757,0.1289907318486232,0.2855336257309941,1.0,1.0,24_qt_llm_lofo_TP
qt,TN,llm_lofo,qwen36_27b_local,full,0.0,1.0,t00_p100,0.96,1.0,1.0,0.9999999999999988,0.8020833333333334,0.4791666666666667,-0.0320216618797516,0.0468153413791616,480,0,0.8033331304412707,1.0,0.4967669172932331,0.1843845435280773,0.5032330827067669,1.0,1.0,25_qt_llm_lofo_TN
qt,TN,llm_lofo,qwen36_27b_local,full,0.2,1.0,t02_p100,0.794,0.9523958333333332,1.0,0.7688183627236376,0.7875,0.4895833333333333,-0.0277882239718391,0.0456478594324321,480,0,0.7974129533628319,0.7413809523809524,0.4937136173767752,0.108085688008928,0.2476673350041771,1.0,1.0,25_qt_llm_lofo_TN
qt,TN,llm_lofo,qwen36_27b_local,full,0.5,1.0,t05_p100,0.621,0.8632291666666667,0.9925,0.579591982071465,0.8108108108108109,0.4490644490644491,-0.0266654636020879,0.0424683651253442,481,0,0.8759129534460788,0.5119444444444444,0.3815718462823725,0.1000482587101522,0.1303725981620718,1.0,1.0,25_qt_llm_lofo_TN
qt,TN,llm_lofo,qwen36_27b_local,full,0.8,1.0,t08_p100,0.494,0.7336875,0.9509722222222224,0.4337095244911836,0.8259911894273128,0.4713656387665198,-0.0275364091259712,0.0442339378567315,454,0,0.9123315284829016,0.3975753968253968,0.2975900584795321,0.0944968582416072,0.0999853383458647,0.98,1.0,25_qt_llm_lofo_TN
qt,TN,llm_lofo,qwen36_27b_local,full,0.2,0.9,t02_p090,0.7849999999999999,0.9486458333333332,1.0,0.7763506598233447,0.7991718426501035,0.4761904761904761,-0.0288521599287616,0.0453805885089903,483,0,0.809761354050175,0.7225238095238095,0.4726222222222222,0.1127403059354492,0.2499015873015872,1.0,1.0,25_qt_llm_lofo_TN
qt,TN,llm_lofo,qwen36_27b_local,full,0.2,0.8,t02_p080,0.798,0.9448958333333334,1.0,0.7946948731338392,0.7925311203319502,0.487551867219917,-0.0283886004373504,0.0463712414940256,482,0,0.8121374869114956,0.7401428571428571,0.4981148705096073,0.133712623338162,0.2420279866332497,1.0,1.0,25_qt_llm_lofo_TN
qt,FP,llm_lofo,qwen36_27b_local,full,0.0,1.0,t00_p100,1.0,1.0,1.0,0.9999999999999998,0.97,0.81,-0.1286504021465965,0.1326858254250596,500,0,0.8366146919858449,1.0,0.4391604010025062,0.1997629186686298,0.5608395989974937,1.0,1.0,26_qt_llm_lofo_FP
qt,FP,llm_lofo,qwen36_27b_local,full,0.2,1.0,t02_p100,0.8779999999999999,0.9608333333333332,1.0,0.8877947611035616,0.976,0.82,-0.1293282850255175,0.1345602586469003,500,0,0.833248051930997,0.8083333333333333,0.4563241436925647,0.1430145960941903,0.3520091896407686,1.0,1.0,26_qt_llm_lofo_FP
qt,FP,llm_lofo,qwen36_27b_local,full,0.5,1.0,t05_p100,0.73,0.88125,0.9925,0.7426926091389318,0.9696969696969696,0.795959595959596,-0.1208972356452252,0.1266266227102046,495,0,0.8746852226310795,0.6211289682539682,0.400435588972431,0.118594941490804,0.2206933792815372,1.0,1.0,26_qt_llm_lofo_FP
qt,FP,llm_lofo,qwen36_27b_local,full,0.8,1.0,t08_p100,0.638,0.8605416666666666,1.0,0.6721134072605304,0.9729166666666668,0.7979166666666667,-0.1224126801639093,0.129082471885293,480,0,0.9009911626067072,0.527406746031746,0.3534205513784461,0.1210847266207331,0.1739861946532999,1.0,1.0,26_qt_llm_lofo_FP
qt,FP,llm_lofo,qwen36_27b_local,full,0.2,0.9,t02_p090,0.8699999999999999,0.9576041666666668,1.0,0.8755425096027427,0.97,0.82,-0.1280095348125405,0.1325872611865047,500,0,0.8372524820900746,0.7954166666666667,0.4481436925647452,0.1435292516566805,0.3472729741019215,1.0,1.0,26_qt_llm_lofo_FP
qt,FP,llm_lofo,qwen36_27b_local,full,0.2,0.8,t02_p080,0.8550000000000001,0.9557291666666666,1.0,0.882802330332409,0.9759519038076152,0.8036072144288577,-0.1275407984508806,0.1321171552285561,499,0,0.8475966506169897,0.7770238095238096,0.4325864661654135,0.1511855799240656,0.344437343358396,1.0,1.0,26_qt_llm_lofo_FP
qt,FN,llm_lofo,qwen36_27b_local,full,0.0,1.0,t00_p100,0.98,1.0,1.0,0.9999999999999992,0.8061224489795918,0.5612244897959183,-0.0026824636025295,0.0473827720845336,490,0,0.855783682960967,1.0,0.4005451127819548,0.2224607376810106,0.5994548872180452,1.0,1.0,27_qt_llm_lofo_FN
qt,FN,llm_lofo,qwen36_27b_local,full,0.2,1.0,t02_p100,0.833,0.9510416666666666,1.0,0.8462869320484521,0.8336713995943205,0.563894523326572,-0.0011972732593759,0.0471225878924725,493,0,0.8740717959431638,0.7670357142857143,0.4080631578947368,0.1701697111816137,0.3589725563909774,1.0,1.0,27_qt_llm_lofo_FN
qt,FN,llm_lofo,qwen36_27b_local,full,0.5,1.0,t05_p100,0.652,0.90375,0.9960833333333332,0.6632408655885541,0.8282208588957055,0.5501022494887525,-0.0012499827528852,0.0452325405387932,489,0,0.8959963784619717,0.5295992063492063,0.3653746031746032,0.1039782832291243,0.1642246031746031,1.0,1.0,27_qt_llm_lofo_FN
qt,FN,llm_lofo,qwen36_27b_local,full,0.8,1.0,t08_p100,0.644,0.878125,0.9770833333333334,0.6433876064875335,0.8394308943089431,0.5426829268292683,-0.0037941846604414,0.0453359981875093,492,0,0.8999315240123634,0.5077499999999999,0.3607228070175438,0.1070493756128534,0.1470271929824561,1.0,1.0,27_qt_llm_lofo_FN
qt,FN,llm_lofo,qwen36_27b_local,full,0.2,0.9,t02_p090,0.8,0.935,1.0,0.7816703078997755,0.8333333333333334,0.5752032520325203,-0.0020684125337824,0.0465852266877663,492,0,0.8771220342053531,0.7212956349206349,0.4061092731829573,0.1638804067147384,0.3151863617376775,1.0,1.0,27_qt_llm_lofo_FN
qt,FN,llm_lofo,qwen36_27b_local,full,0.2,0.8,t02_p080,0.795,0.94625,1.0,0.824192256008476,0.8387755102040816,0.5653061224489796,-0.0025223515030381,0.0469378266895976,490,0,0.8836370670608926,0.7182380952380952,0.3969644945697577,0.166107488860579,0.3212736006683375,1.0,1.0,27_qt_llm_lofo_FN
qt,TP,llm_counterfactual,qwen36_27b_local,full,0.0,1.0,t00_p100,1.0,1.0,1.0,0.9999999999999998,0.95,0.8,-0.1285136794106509,0.1465229176647872,500,0,0.7196206661115456,1.0,0.7165413533834586,0.0966983209973312,0.2834586466165414,1.0,1.0,28_qt_llm_counterfactual_TP
qt,TP,llm_counterfactual,qwen36_27b_local,full,0.2,1.0,t02_p100,0.9,0.9478958333333332,0.98775,0.8880314825066357,0.956,0.806,-0.1323488697328463,0.1471560315554855,500,0,0.7231013266238862,0.8361904761904762,0.6986390977443608,0.066418631978873,0.1375513784461153,1.0,1.0,28_qt_llm_counterfactual_TP
qt,TP,llm_counterfactual,qwen36_27b_local,full,0.5,1.0,t05_p100,0.8109999999999999,0.8983541666666668,0.9849166666666668,0.8049768333854377,0.956,0.822,-0.130157246915867,0.1454346501202229,500,0,0.7753878847984728,0.7035714285714285,0.6029874686716792,0.1010329448211154,0.1005839598997493,1.0,1.0,28_qt_llm_counterfactual_TP
qt,TP,llm_counterfactual,qwen36_27b_local,full,0.8,1.0,t08_p100,0.727,0.8868541666666667,0.9685833333333334,0.745685125575724,0.9458917835671342,0.8056112224448898,-0.1266491529591074,0.1424691696678005,499,0,0.8300877647483182,0.6014404761904761,0.5131576441102756,0.1192526948244801,0.0882828320802004,1.0,1.0,28_qt_llm_counterfactual_TP
qt,TP,llm_counterfactual,qwen36_27b_local,full,0.2,0.9,t02_p090,0.874,0.949,0.99175,0.8748073395649589,0.954,0.816,-0.1292532259525833,0.1449110446948588,500,0,0.7497525451095713,0.800595238095238,0.6612915622389306,0.0985468288502494,0.1393036758563074,1.0,1.0,28_qt_llm_counterfactual_TP
qt,TP,llm_counterfactual,qwen36_27b_local,full,0.2,0.8,t02_p080,0.889,0.9440625,0.99,0.8898929512193335,0.956,0.808,-0.1310710698427843,0.146843364919117,500,0,0.72176663956093,0.8202380952380952,0.7065597326649958,0.080926043833144,0.1136783625730993,1.0,1.0,28_qt_llm_counterfactual_TP
qt,TN,llm_counterfactual,qwen36_27b_local,full,0.0,1.0,t00_p100,1.0,1.0,1.0,0.9999999999999992,0.83,0.53,-0.0372943249126369,0.0521611473006945,500,0,0.750340746058167,1.0,0.6179824561403509,0.1237608368520334,0.3820175438596491,1.0,1.0,29_qt_llm_counterfactual_TN
qt,TN,llm_counterfactual,qwen36_27b_local,full,0.2,1.0,t02_p100,0.8450000000000001,0.8917083333333334,0.9429166666666668,0.8106315841299383,0.8313253012048193,0.5341365461847389,-0.0381036249943963,0.0510716755763192,498,0,0.7756064959397689,0.7645357142857143,0.5760003341687552,0.0908167098870502,0.1885353801169591,1.0,1.0,29_qt_llm_counterfactual_TN
qt,TN,llm_counterfactual,qwen36_27b_local,full,0.5,1.0,t05_p100,0.6940000000000001,0.8444791666666667,0.9244166666666668,0.6617444823736722,0.8266129032258065,0.5383064516129032,-0.0389454557259094,0.0522999112317699,496,0,0.8142895647346006,0.5641547619047619,0.5041065162907268,0.079160408239735,0.0600482456140351,1.0,1.0,29_qt_llm_counterfactual_TN
qt,TN,llm_counterfactual,qwen36_27b_local,full,0.8,1.0,t08_p100,0.646,0.8195833333333333,0.8875092592592593,0.5984325898179824,0.8316633266533067,0.5430861723446894,-0.0374987422693454,0.0514264170227801,499,0,0.8558681895913217,0.4996329365079365,0.4509022556390977,0.0868974049222305,0.0487306808688387,1.0,1.0,29_qt_llm_counterfactual_TN
qt,TN,llm_counterfactual,qwen36_27b_local,full,0.2,0.9,t02_p090,0.843,0.8850208333333333,0.9750833333333332,0.8066247997766398,0.8333333333333334,0.5421686746987951,-0.0380242845594005,0.0508909808518982,498,0,0.7774844948949019,0.7590595238095238,0.5872524644945697,0.0993461232268524,0.1718070593149541,1.0,1.0,29_qt_llm_counterfactual_TN
qt,TN,llm_counterfactual,qwen36_27b_local,full,0.2,0.8,t02_p080,0.841,0.8943749999999999,0.9440833333333334,0.8045645264739321,0.8416833667334669,0.5450901803607214,-0.0375519514633553,0.0515436170122968,499,0,0.7809205640595217,0.7563571428571428,0.5812540517961571,0.1112536113809323,0.1751030910609857,1.0,1.0,29_qt_llm_counterfactual_TN
qt,FP,llm_counterfactual,qwen36_27b_local,full,0.0,1.0,t00_p100,1.0,1.0,1.0,0.9999999999999998,0.96,0.77,-0.1225719644082037,0.1311711228421202,500,0,0.815038727029329,1.0,0.52109440267335,0.1807558101347073,0.4789055973266499,1.0,1.0,30_qt_llm_counterfactual_FP
qt,FP,llm_counterfactual,qwen36_27b_local,full,0.2,1.0,t02_p100,0.8779999999999999,0.922875,0.989,0.8548034000178456,0.9558232931726908,0.7971887550200804,-0.124229200675601,0.1332822886135765,498,0,0.8233967548103173,0.8085238095238095,0.4916150375939849,0.1450535033463934,0.3169087719298246,1.0,1.0,30_qt_llm_counterfactual_FP
qt,FP,llm_counterfactual,qwen36_27b_local,full,0.5,1.0,t05_p100,0.797,0.8896666666666666,0.9635833333333336,0.7678593979961669,0.9637826961770624,0.7907444668008048,-0.1227966896608006,0.1305990032195767,497,0,0.8120497993673651,0.6913452380952381,0.5154696741854636,0.1116751521954872,0.1758755639097744,1.0,1.0,30_qt_llm_counterfactual_FP
qt,FP,llm_counterfactual,qwen36_27b_local,full,0.8,1.0,t08_p100,0.712,0.8737916666666667,0.9641666666666668,0.7037723760966029,0.9616161616161616,0.795959595959596,-0.1224222130398221,0.1303833647021726,495,0,0.8393407905461748,0.5904206349206349,0.4652362573099415,0.1033933104733473,0.1251843776106934,1.0,1.0,30_qt_llm_counterfactual_FP
qt,FP,llm_counterfactual,qwen36_27b_local,full,0.2,0.9,t02_p090,0.8800000000000001,0.9366041666666666,0.98975,0.8548053372049473,0.9518072289156626,0.7831325301204819,-0.1242891470475227,0.1327406774577417,498,0,0.8159932718069383,0.8132857142857143,0.5081309941520468,0.1391205479596892,0.3051547201336675,1.0,1.0,30_qt_llm_counterfactual_FP
qt,FP,llm_counterfactual,qwen36_27b_local,full,0.2,0.8,t02_p080,0.877,0.9402291666666668,0.9885,0.8603009966404581,0.9477911646586346,0.7831325301204819,-0.1243255372175785,0.1331179797474599,498,0,0.8107102949063709,0.812047619047619,0.5131133667502088,0.1374045497040377,0.2989342522974102,1.0,1.0,30_qt_llm_counterfactual_FP
qt,FN,llm_counterfactual,qwen36_27b_local,full,0.0,1.0,t00_p100,1.0,1.0,1.0,0.9999999999999992,0.69,0.54,-0.0062261164684785,0.0457625090670798,500,0,0.7383766819294744,1.0,0.619235588972431,0.1132212264170342,0.3807644110275689,1.0,1.0,31_qt_llm_counterfactual_FN
qt,FN,llm_counterfactual,qwen36_27b_local,full,0.2,1.0,t02_p100,0.8380000000000001,0.8502916666666668,0.8775833333333333,0.7380012424421307,0.710261569416499,0.5533199195171026,-0.0070010803596385,0.0466632550572683,497,0,0.773859779287939,0.7546309523809523,0.5763353383458646,0.0997911874654631,0.1782956140350877,1.0,1.0,31_qt_llm_counterfactual_FN
qt,FN,llm_counterfactual,qwen36_27b_local,full,0.5,1.0,t05_p100,0.761,0.7908333333333333,0.8420833333333333,0.6173906769833823,0.722,0.536,-0.0064287453424531,0.0464372700870102,500,0,0.8068059299677938,0.6344642857142857,0.5248554720133667,0.0925432993591318,0.109608813700919,1.0,1.0,31_qt_llm_counterfactual_FN
qt,FN,llm_counterfactual,qwen36_27b_local,full,0.8,1.0,t08_p100,0.658,0.7622083333333334,0.77125,0.4994675046101514,0.716,0.566,-0.0051843989775966,0.0474761734573136,500,0,0.8431997327148564,0.5128571428571428,0.4634745196324144,0.0867102058260893,0.0493826232247284,1.0,1.0,31_qt_llm_counterfactual_FN
qt,FN,llm_counterfactual,qwen36_27b_local,full,0.2,0.9,t02_p090,0.8390000000000001,0.8467083333333333,0.8708333333333333,0.730551418409074,0.703030303030303,0.5434343434343434,-0.0072289339234867,0.0472177499791961,495,0,0.779994778245265,0.7605595238095237,0.5676115288220551,0.1033755876775325,0.1929479949874686,1.0,1.0,31_qt_llm_counterfactual_FN
qt,FN,llm_counterfactual,qwen36_27b_local,full,0.2,0.8,t02_p080,0.825,0.8323750000000001,0.8695833333333333,0.7208573176028298,0.7434869739478958,0.5470941883767535,-0.0070689003288039,0.0472307034273805,499,0,0.7785893843561474,0.7305714285714285,0.5571345029239766,0.0868150420523223,0.1734369256474519,1.0,1.0,31_qt_llm_counterfactual_FN
