metric,friedman_p,kendalls_w,no_semantics_delta_full_minus_ablation,no_semantics_p_holm,no_semantics_significant,no_grounding_delta_full_minus_ablation,no_grounding_p_holm,no_grounding_significant,no_constraints_delta_full_minus_ablation,no_constraints_p_holm,no_constraints_significant,no_instance_context_delta_full_minus_ablation,no_instance_context_p_holm,no_instance_context_significant
overlap_at_k,7.776984234187088e-14,0.5270735062893085,0.06646875,0.0001624945399317,True,-0.0035625,0.5119121475145221,False,0.0364687499999999,0.0019874409475035,True,0.1009374999999999,3.179395238278532e-06,True
rank_agreement_at_k,1.0247557648217244e-06,0.2603515625000003,0.0472897135416666,0.0005891099572181,True,-0.0047578124999999,0.1600451581180095,False,0.0251861979166667,0.0044539486989378,True,0.0306666666666666,0.0036494444905648,True
direction_agreement_at_k,0.0320276549934616,0.0824725969645868,0.0073185763888888,0.2924717886066237,False,-0.0043802083333333,0.2924717886066237,False,0.0063575148809523,0.2924717886066237,False,0.0162127976190475,0.2116810655900377,False
score_stability,1.126118208438049e-06,0.2587890625,0.0963388352147003,3.2391399145126343e-06,True,-0.0080098655327377,0.2781296819448471,False,0.0420946076955861,0.0062197018414735,True,0.0518430939429802,0.0165681326761841,True
direction_consistency_rate,0.0005552716963956,0.1544262618296535,0.0167762062458618,0.1086925753375139,False,-0.0019271038778662,1.0,False,-0.0029707525329668,1.0,False,0.0733216902321214,0.0048925334462604,True
meaningful_effect_rate,0.0004380944764142,0.1584996087636934,0.0369509734323065,0.0039203409105539,True,-0.0058480215242248,0.2002170732106156,False,0.0155299787180238,0.0218661741626291,True,0.0437189587518658,0.0236052414402365,True
mean_delta_probability,0.0023371323561655,0.1294921875000003,-0.0092437254588205,0.0045773200690746,True,0.0016927612247605,0.0108456490561366,True,-0.0046034292566896,0.0312955258414149,True,-0.0084154849862423,0.052081745583564,False
mean_absolute_delta_probability,1.3781927408875442e-08,0.3312500000000007,0.0121245861757942,1.862645149230957e-08,True,-0.0019490862328736,0.0155923208221793,True,0.0039026151756569,0.0150767806917428,True,0.0049195097596139,0.1716160494834184,False
normalized_feature_entropy,5.639535604525167e-18,0.6798828125000007,-0.0556200594059366,6.244517862796783e-07,True,-0.001789913189141,1.0,False,0.0002549109905591,1.0,False,0.1090169642178464,1.862645149230957e-09,True
pairwise_jaccard_within_instance,5.648063583064443e-05,0.193359375,0.0637349950396825,0.0009535539283719,True,-0.0074295634920634,0.303787185344845,False,0.0317327008928571,0.0053809150122106,True,0.0337852182539682,0.0788536882027983,False
pairwise_jaccard_between_instance,8.075881858821024e-15,0.5634765625,0.0833758589181286,2.314802259206772e-05,True,0.0013625913742689,1.0,False,0.0031453111946532,1.0,False,-0.1404521355472013,1.30385160446167e-07,True
instance_idf_specificity,3.363140551196485e-15,0.5775390625000005,-0.0127579108588886,0.0559543324634432,False,-0.0044571589384303,0.1149849062785506,False,0.0094435250598872,0.0171360145322978,True,0.0596056654546451,1.30385160446167e-08,True
separability_gap,3.322456581146792e-15,0.5777343750000004,-0.0196408638784461,0.2299698125571012,False,-0.0087921548663324,0.2299698125571012,False,0.0285873896982038,0.0315275187604129,True,0.1742373538011696,1.862645149230957e-09,True
