metric,n_blocks,k_conditions,friedman_chi2,friedman_p,kendalls_w
overlap_at_k,32,5,67.46540880503149,7.776984234187087e-14,0.5270735062893085
rank_agreement_at_k,32,5,33.325000000000045,1.0247557648217244e-06,0.26035156250000036
direction_agreement_at_k,32,5,10.556492411467117,0.03202765499346164,0.08247259696458685
score_stability,32,5,33.125,1.126118208438049e-06,0.2587890625
direction_consistency_rate,32,5,19.766561514195654,0.0005552716963956637,0.15442626182965355
meaningful_effect_rate,32,5,20.287949921752762,0.000438094476414221,0.15849960876369346
mean_delta_probability,32,5,16.575000000000045,0.00233713235616555,0.12949218750000036
mean_absolute_delta_probability,32,5,42.40000000000009,1.3781927408875442e-08,0.3312500000000007
normalized_feature_entropy,32,5,87.02500000000009,5.639535604525167e-18,0.6798828125000007
pairwise_jaccard_within_instance,32,5,24.75,5.648063583064443e-05,0.193359375
pairwise_jaccard_between_instance,32,5,72.125,8.075881858821024e-15,0.5634765625
instance_idf_specificity,32,5,73.92500000000007,3.3631405511964846e-15,0.5775390625000005
separability_gap,32,5,73.95000000000005,3.3224565811467917e-15,0.5777343750000004
