dataset,category,method,llm_model,prompt_variant,temperature,top_p,overlap_at_k,rank_agreement_at_k,direction_agreement_at_k,score_stability,direction_consistency_rate,meaningful_effect_rate,mean_delta_probability,mean_absolute_delta_probability,valid_interventions,invalid_interventions,normalized_feature_entropy,pairwise_jaccard_within_instance,pairwise_jaccard_between_instance,instance_idf_specificity,separability_gap,structural_compliance_rate,execution_success_rate,source_shard
openstack,TP,llm_lime,qwen36_27b_local,full,0.2,1.0,0.833,0.9279166666666668,0.9598333333333332,0.8199506848110272,0.908,0.876,-0.214944,0.218576,500,0,0.8445891572919356,0.7431547619047619,0.4665522138680033,0.1402562137696801,0.2766025480367586,1.0,1.0,00_openstack_llm_lime_TP
openstack,TP,llm_lime,qwen36_27b_local,no_constraints,0.2,1.0,0.776,0.8841875,0.97025,0.6924532370211601,0.9078156312625252,0.8276553106212425,-0.2047935871743487,0.2110941883767535,499,0,0.800862596952021,0.6629642857142857,0.5335518796992481,0.0903584364447959,0.1294124060150375,1.0,1.0,00_openstack_llm_lime_TP
openstack,TP,llm_lime,qwen36_27b_local,no_grounding,0.2,1.0,0.836,0.9232916666666666,0.94975,0.8188761632118797,0.902,0.892,-0.224184,0.228728,500,0,0.8450335719421246,0.7525595238095238,0.4645756056808688,0.1464086529192014,0.287983918128655,1.0,1.0,00_openstack_llm_lime_TP
openstack,TP,llm_lime,qwen36_27b_local,no_instance_context,0.2,1.0,0.804,0.9196458333333334,0.9808333333333332,0.7632626418813775,0.8265524625267666,0.7558886509635975,-0.192796573875803,0.2028094218415417,467,0,0.6951809047965966,0.786047619047619,0.7080285714285715,0.0662132268111722,0.0780190476190475,1.0,1.0,00_openstack_llm_lime_TP
openstack,TP,llm_lime,qwen36_27b_local,no_semantics,0.2,1.0,0.806,0.9460416666666668,1.0,0.8331271123146523,0.876,0.898,-0.212752,0.216408,500,0,0.8663882836362771,0.7136904761904762,0.4135538847117794,0.133903018270788,0.3001365914786967,1.0,1.0,00_openstack_llm_lime_TP
openstack,TN,llm_lime,qwen36_27b_local,full,0.2,1.0,0.784,0.8614791666666667,0.945,0.7033608789492775,0.8790322580645161,0.6512096774193549,-0.0340443548387096,0.0664556451612903,496,0,0.8015854820394805,0.6780238095238095,0.5043628237259816,0.0849760946746852,0.1736609857978278,1.0,1.0,01_openstack_llm_lime_TN
openstack,TN,llm_lime,qwen36_27b_local,no_constraints,0.2,1.0,0.742,0.851,0.9326666666666666,0.6952449882683494,0.8433734939759037,0.642570281124498,-0.0328835341365461,0.0643212851405622,498,0,0.8002178246523879,0.6297619047619047,0.5180870509607352,0.0724327844614419,0.1116748538011696,1.0,1.0,01_openstack_llm_lime_TN
openstack,TN,llm_lime,qwen36_27b_local,no_grounding,0.2,1.0,0.786,0.896625,0.9524166666666666,0.7504422462054949,0.8777555110220441,0.687374749498998,-0.0358877755511022,0.0668697394789579,499,0,0.8073645841754791,0.6869087301587301,0.4969790309106098,0.0980540490628004,0.1899296992481202,1.0,1.0,01_openstack_llm_lime_TN
openstack,TN,llm_lime,qwen36_27b_local,no_instance_context,0.2,1.0,0.763,0.9204375,0.9616666666666668,0.8529152445943968,0.7632743362831859,0.6814159292035398,-0.0453407079646017,0.0754823008849557,452,0,0.6995367224090195,0.767547619047619,0.6798175438596491,0.0722401125734116,0.0877300751879699,1.0,1.0,01_openstack_llm_lime_TN
openstack,TN,llm_lime,qwen36_27b_local,no_semantics,0.2,1.0,0.7849999999999999,0.8622708333333333,0.9523333333333334,0.6926971179029584,0.9038076152304608,0.5891783567134269,-0.0223727454909819,0.0483927855711422,499,0,0.8607723750572759,0.6821984126984126,0.4581477861319966,0.1528590428416012,0.224050626566416,1.0,1.0,01_openstack_llm_lime_TN
openstack,FP,llm_lime,qwen36_27b_local,full,0.2,1.0,0.8640000000000001,0.9128541666666669,0.95975,0.8267783168882966,0.8755020080321285,0.8473895582329317,-0.1581847389558233,0.1616144578313253,498,0,0.791819496507148,0.7901190476190476,0.5405843776106933,0.1155109478829053,0.2495346700083542,1.0,1.0,02_openstack_llm_lime_FP
openstack,FP,llm_lime,qwen36_27b_local,no_constraints,0.2,1.0,0.866,0.8627083333333333,0.9330833333333332,0.7762043113653366,0.8591549295774648,0.8410462776659959,-0.1584265593561368,0.1616136820925553,497,0,0.7846419395146909,0.7970952380952381,0.5457091060985798,0.1043220178982879,0.2513861319966582,1.0,1.0,02_openstack_llm_lime_FP
openstack,FP,llm_lime,qwen36_27b_local,no_grounding,0.2,1.0,0.843,0.9120625,0.976,0.8381083329375254,0.8545454545454545,0.8909090909090909,-0.162860606060606,0.1691474747474747,495,0,0.8262197211332712,0.7724761904761904,0.4823507936507936,0.139632024612601,0.2901253968253968,1.0,1.0,02_openstack_llm_lime_FP
openstack,FP,llm_lime,qwen36_27b_local,no_instance_context,0.2,1.0,0.741,0.8925208333333334,0.9795833333333336,0.7140842384039388,0.7488888888888889,0.8711111111111111,-0.1573688888888889,0.1733511111111111,450,0,0.7014308054738715,0.7371428571428571,0.6704781954887218,0.0646288685934836,0.0666646616541353,1.0,1.0,02_openstack_llm_lime_FP
openstack,FP,llm_lime,qwen36_27b_local,no_semantics,0.2,1.0,0.8640000000000001,0.9130625,0.98125,0.7959538501692759,0.9138276553106212,0.8557114228456913,-0.1454669338677355,0.1547575150300601,499,0,0.8486554910116877,0.7920238095238095,0.4697206349206349,0.1504041142053264,0.3223031746031745,1.0,1.0,02_openstack_llm_lime_FP
openstack,FN,llm_lime,qwen36_27b_local,full,0.2,1.0,0.776,0.8538125000000001,0.9594166666666666,0.7301209338789427,0.8591549295774648,0.7424547283702213,0.0249818913480885,0.0736498993963782,497,0,0.8364642448890599,0.671015873015873,0.4774251461988303,0.1205314727410926,0.1935907268170426,1.0,1.0,03_openstack_llm_lime_FN
openstack,FN,llm_lime,qwen36_27b_local,no_constraints,0.2,1.0,0.844,0.8789791666666666,0.9215,0.767108023544996,0.8156312625250501,0.717434869739479,0.0230140280561122,0.0725130260521042,499,0,0.8213911508860591,0.7613690476190476,0.4842954051796156,0.1269109038191173,0.2770736424394319,1.0,1.0,03_openstack_llm_lime_FN
openstack,FN,llm_lime,qwen36_27b_local,no_grounding,0.2,1.0,0.781,0.8580833333333333,0.9379166666666666,0.731601981776487,0.8156312625250501,0.7194388777555111,0.0238276553106212,0.0742484969939879,499,0,0.8612363331811616,0.6741031746031746,0.4362220551378445,0.1348250991245994,0.23788111946533,1.0,1.0,03_openstack_llm_lime_FN
openstack,FN,llm_lime,qwen36_27b_local,no_instance_context,0.2,1.0,0.7150000000000001,0.9392291666666668,0.979,0.8251214760032282,0.65625,0.7788461538461539,0.0036490384615384,0.091889423076923,416,0,0.6773778628011198,0.7970714285714285,0.6832827067669173,0.080159811352168,0.1137887218045112,1.0,1.0,03_openstack_llm_lime_FN
openstack,FN,llm_lime,qwen36_27b_local,no_semantics,0.2,1.0,0.833,0.9091458333333332,0.9808333333333332,0.7784898417309163,0.8156312625250501,0.6693386773547094,0.0171022044088176,0.0579839679358717,499,0,0.8728661575007609,0.7449642857142857,0.4217176274018379,0.1518134028169725,0.3232466583124478,1.0,1.0,03_openstack_llm_lime_FN
openstack,TP,llm_kernelshap,qwen36_27b_local,full,0.2,1.0,0.843,0.9389375,0.9828333333333332,0.8758770481132757,0.866,0.934,-0.22672,0.229256,500,0,0.8685195709467798,0.7603571428571428,0.4303968253968254,0.167431896728988,0.3299603174603174,1.0,1.0,04_openstack_llm_kernelshap_TP
openstack,TP,llm_kernelshap,qwen36_27b_local,no_constraints,0.2,1.0,0.8640000000000001,0.950375,0.97925,0.9066651399685608,0.866,0.914,-0.220448,0.223016,500,0,0.8364142830105559,0.7853571428571429,0.4767777777777777,0.1503566565671495,0.3085793650793651,1.0,1.0,04_openstack_llm_kernelshap_TP
openstack,TP,llm_kernelshap,qwen36_27b_local,no_grounding,0.2,1.0,0.908,0.9620416666666668,0.979,0.9277127486006874,0.904,0.95,-0.232152,0.233952,500,0,0.8450928534229516,0.8538095238095238,0.4616457811194653,0.1813190113194195,0.3921637426900585,1.0,1.0,04_openstack_llm_kernelshap_TP
openstack,TP,llm_kernelshap,qwen36_27b_local,no_instance_context,0.2,1.0,0.8009999999999999,0.9291041666666666,0.9655,0.8632974210689823,0.664,0.72,-0.176564,0.185948,500,0,0.73642906832912,0.6864285714285714,0.6843609022556391,0.043383759235752,0.0020676691729323,1.0,1.0,04_openstack_llm_kernelshap_TP
openstack,TP,llm_kernelshap,qwen36_27b_local,no_semantics,0.2,1.0,0.8130000000000001,0.891375,0.96825,0.7690634564096122,0.8657314629258517,0.9198396793587176,-0.2043486973947895,0.2079238476953908,499,0,0.8530601756306014,0.7323611111111111,0.4675786131996658,0.140813026105667,0.2647824979114453,1.0,1.0,04_openstack_llm_kernelshap_TP
openstack,TN,llm_kernelshap,qwen36_27b_local,full,0.2,1.0,0.819,0.9094791666666668,0.9715,0.7694130692452951,0.73,0.62,-0.031488,0.062304,500,0,0.8263167352288672,0.7201190476190475,0.487157894736842,0.1190909776804668,0.2329611528822054,1.0,1.0,05_openstack_llm_kernelshap_TN
openstack,TN,llm_kernelshap,qwen36_27b_local,no_constraints,0.2,1.0,0.8130000000000001,0.918375,0.993,0.7935230384626245,0.7595190380761523,0.6472945891783567,-0.032937875751503,0.0662364729458917,499,0,0.8037779898556645,0.7101904761904761,0.5354339181286549,0.1044650804189195,0.1747565580618212,1.0,1.0,05_openstack_llm_kernelshap_TN
openstack,TN,llm_kernelshap,qwen36_27b_local,no_grounding,0.2,1.0,0.8130000000000001,0.9071041666666666,0.9710833333333332,0.7865339793441434,0.728,0.654,-0.035264,0.06784,500,0,0.8438152888421729,0.7126785714285714,0.4509640768588137,0.1331473226032636,0.2617144945697577,1.0,1.0,05_openstack_llm_kernelshap_TN
openstack,TN,llm_kernelshap,qwen36_27b_local,no_instance_context,0.2,1.0,0.788,0.8930833333333335,0.9914166666666666,0.7948682638551133,0.76,0.646,-0.03638,0.069068,500,0,0.7362646078244972,0.6776190476190476,0.6868872180451128,0.0318487797965975,-0.0092681704260652,1.0,1.0,05_openstack_llm_kernelshap_TN
openstack,TN,llm_kernelshap,qwen36_27b_local,no_semantics,0.2,1.0,0.8240000000000001,0.9112708333333334,0.9539166666666666,0.7408294465691101,0.654,0.626,-0.02682,0.0548279999999999,500,0,0.8359830080090437,0.7356150793650793,0.4927451963241436,0.1257663602988062,0.2428698830409356,1.0,1.0,05_openstack_llm_kernelshap_TN
openstack,FP,llm_kernelshap,qwen36_27b_local,full,0.2,1.0,0.893,0.9459583333333332,0.9796666666666668,0.923277065204248,0.83,0.89,-0.165992,0.168448,500,0,0.8064261005791372,0.8281547619047619,0.5180401002506265,0.1363681184956399,0.3101146616541353,1.0,1.0,06_openstack_llm_kernelshap_FP
openstack,FP,llm_kernelshap,qwen36_27b_local,no_constraints,0.2,1.0,0.874,0.9467083333333332,0.96425,0.9176761720613872,0.834,0.882,-0.16472,0.168176,500,0,0.7943808345963478,0.8017261904761904,0.5607593984962406,0.1198992804225302,0.2409667919799498,1.0,1.0,06_openstack_llm_kernelshap_FP
openstack,FP,llm_kernelshap,qwen36_27b_local,no_grounding,0.2,1.0,0.903,0.9525416666666666,0.97325,0.932263542484679,0.86,0.926,-0.170472,0.174424,500,0,0.8054723181611139,0.8421428571428571,0.5345697577276525,0.1403289957747929,0.3075730994152046,1.0,1.0,06_openstack_llm_kernelshap_FP
openstack,FP,llm_kernelshap,qwen36_27b_local,no_instance_context,0.2,1.0,0.804,0.9264583333333332,0.9635833333333336,0.8389423997726819,0.64,0.786,-0.136104,0.1534319999999999,500,0,0.7331892402264885,0.699047619047619,0.6866365914786967,0.0419344220397616,0.0124110275689223,1.0,1.0,06_openstack_llm_kernelshap_FP
openstack,FP,llm_kernelshap,qwen36_27b_local,no_semantics,0.2,1.0,0.8380000000000001,0.9201458333333332,0.99225,0.7817055004955974,0.836,0.934,-0.15532,0.161544,500,0,0.8607195015295593,0.7442857142857142,0.4382698412698412,0.1477665471475915,0.3060158730158729,1.0,1.0,06_openstack_llm_kernelshap_FP
openstack,FN,llm_kernelshap,qwen36_27b_local,full,0.2,1.0,0.834,0.8996875,0.93775,0.8086829937165554,0.698,0.69,0.023796,0.065836,500,0,0.8270267009279691,0.7379166666666667,0.4935488721804511,0.1358465517006951,0.2443677944862155,1.0,1.0,07_openstack_llm_kernelshap_FN
openstack,FN,llm_kernelshap,qwen36_27b_local,no_constraints,0.2,1.0,0.8230000000000001,0.9113333333333332,0.9560833333333332,0.8091867715664094,0.7214428857715431,0.7014028056112225,0.0231022044088176,0.0684088176352705,499,0,0.8229651597588098,0.7304642857142857,0.5115258980785297,0.1346437403639548,0.218938387635756,1.0,1.0,07_openstack_llm_kernelshap_FN
openstack,FN,llm_kernelshap,qwen36_27b_local,no_grounding,0.2,1.0,0.875,0.926625,0.95825,0.8439903906254459,0.734,0.704,0.024544,0.06676,500,0,0.8250176749615108,0.8007142857142857,0.5040977443609023,0.1410929065092951,0.2966165413533834,1.0,1.0,07_openstack_llm_kernelshap_FN
openstack,FN,llm_kernelshap,qwen36_27b_local,no_instance_context,0.2,1.0,0.8009999999999999,0.8932916666666667,0.97875,0.7890448564750412,0.698,0.748,0.006708,0.080852,500,0,0.7369053492588383,0.6926190476190476,0.693734335839599,0.0460081291319715,-0.0011152882205514,1.0,1.0,07_openstack_llm_kernelshap_FN
openstack,FN,llm_kernelshap,qwen36_27b_local,no_semantics,0.2,1.0,0.835,0.9227083333333332,0.9553333333333331,0.7718515424758252,0.646,0.678,0.013108,0.059396,500,0,0.8904344659008415,0.750436507936508,0.3981679197994987,0.1505165022751759,0.3522685881370092,1.0,1.0,07_openstack_llm_kernelshap_FN
openstack,TP,llm_lofo,qwen36_27b_local,full,0.2,1.0,0.842,0.9478541666666668,1.0,0.8685050905892332,0.8891129032258065,0.9173387096774194,-0.2217903225806451,0.2243790322580645,496,0,0.8742129081682884,0.761797619047619,0.4038529657477026,0.1813180331568265,0.3579446532999164,1.0,1.0,08_openstack_llm_lofo_TP
openstack,TP,llm_lofo,qwen36_27b_local,no_constraints,0.2,1.0,0.721,0.8889583333333334,1.0,0.7399333424307283,0.9145833333333332,0.85,-0.1866791666666666,0.1925375,480,0,0.8808939239985071,0.6664246031746032,0.3499998329156223,0.1252223207357283,0.3164247702589808,0.99,1.0,08_openstack_llm_lofo_TP
openstack,TP,llm_lofo,qwen36_27b_local,no_grounding,0.2,1.0,0.8550000000000001,0.9589166666666668,1.0,0.8845419973974415,0.882,0.91,-0.220476,0.222796,500,0,0.8721248413264144,0.7697619047619048,0.4040676691729323,0.1694002734060391,0.3656942355889724,1.0,1.0,08_openstack_llm_lofo_TP
openstack,TP,llm_lofo,qwen36_27b_local,no_instance_context,0.2,1.0,0.701,0.918125,0.9779166666666668,0.8181920784502374,0.92,0.8775,-0.20897,0.21307,400,0,0.661602873021728,0.8043690476190476,0.6797894736842105,0.092756769183037,0.1245795739348371,0.99,1.0,08_openstack_llm_lofo_TP
openstack,TP,llm_lofo,qwen36_27b_local,no_semantics,0.2,1.0,0.825,0.8969791666666668,1.0,0.8012902405637107,0.8609406952965235,0.8977505112474438,-0.2038936605316973,0.2079836400817996,489,0,0.8495649072517976,0.7737619047619048,0.4908125313283207,0.1553719704252499,0.282949373433584,1.0,1.0,08_openstack_llm_lofo_TP
openstack,TN,llm_lofo,qwen36_27b_local,full,0.2,1.0,0.745,0.903125,1.0,0.6706059992610766,0.8272357723577236,0.6361788617886179,-0.0249878048780487,0.061020325203252,492,0,0.8596057650768121,0.6448333333333333,0.4240036758563074,0.1195337012939275,0.2208296574770258,1.0,1.0,09_openstack_llm_lofo_TN
openstack,TN,llm_lofo,qwen36_27b_local,no_constraints,0.2,1.0,0.6980000000000001,0.8706458333333333,0.9581666666666668,0.7008686591722784,0.8521739130434782,0.5847826086956521,-0.0332521739130434,0.0550521739130434,460,0,0.8914317857983711,0.6626111111111112,0.363728738512949,0.1729213836010845,0.2988823725981621,1.0,1.0,09_openstack_llm_lofo_TN
openstack,TN,llm_lofo,qwen36_27b_local,no_grounding,0.2,1.0,0.781,0.9234375,1.0,0.7765814111268305,0.8492871690427699,0.6354378818737271,-0.0303095723014256,0.0666761710794297,491,0,0.8666426086933918,0.6967261904761904,0.4331681704260651,0.1370336848000057,0.2635580200501253,1.0,1.0,09_openstack_llm_lofo_TN
openstack,TN,llm_lofo,qwen36_27b_local,no_instance_context,0.2,1.0,0.657,0.8966666666666667,0.9275,0.7632349484221759,0.7941952506596306,0.5725593667546174,-0.018,0.0597414248021108,379,0,0.6571602630152312,0.786797619047619,0.5902526315789474,0.1168399348627782,0.1965449874686716,1.0,1.0,09_openstack_llm_lofo_TN
openstack,TN,llm_lofo,qwen36_27b_local,no_semantics,0.2,1.0,0.787,0.8927916666666667,0.9938333333333332,0.7400276251314016,0.8157349896480331,0.6252587991718427,-0.0264265010351966,0.0527701863354037,483,0,0.8835233681541118,0.7231746031746031,0.4075409356725146,0.1745639216974231,0.3156336675020885,1.0,1.0,09_openstack_llm_lofo_TN
openstack,FP,llm_lofo,qwen36_27b_local,full,0.2,1.0,0.8480000000000001,0.9651041666666668,1.0,0.9070385410582852,0.8562753036437247,0.8866396761133604,-0.1630688259109311,0.1672874493927125,494,0,0.8474751283232175,0.7765833333333333,0.4353678362573099,0.1616269046183899,0.3412154970760234,1.0,1.0,10_openstack_llm_lofo_FP
openstack,FP,llm_lofo,qwen36_27b_local,no_constraints,0.2,1.0,0.7220000000000001,0.925625,1.0,0.7622269627927014,0.8864628820960698,0.8384279475982532,-0.14017903930131,0.152004366812227,458,0,0.8715299675437,0.7097777777777777,0.3690959064327485,0.1531046613812491,0.3406818713450292,1.0,1.0,10_openstack_llm_lofo_FP
openstack,FP,llm_lofo,qwen36_27b_local,no_grounding,0.2,1.0,0.851,0.9645833333333332,1.0,0.8965589925855587,0.8545454545454545,0.8888888888888888,-0.1637939393939394,0.1693535353535353,495,0,0.8324335415799412,0.7770714285714285,0.4673267335004177,0.1485391670200919,0.3097446950710108,1.0,1.0,10_openstack_llm_lofo_FP
openstack,FP,llm_lofo,qwen36_27b_local,no_instance_context,0.2,1.0,0.658,0.884375,0.9441071428571428,0.7594169308608972,0.9168765743073048,0.8639798488664987,-0.1496523929471032,0.1587304785894206,397,0,0.6901646715860956,0.74775,0.5989578947368421,0.1120683757787727,0.1487921052631579,1.0,1.0,10_openstack_llm_lofo_FP
openstack,FP,llm_lofo,qwen36_27b_local,no_semantics,0.2,1.0,0.755,0.8675,1.0,0.7285438326660858,0.8523908523908524,0.948024948024948,-0.1605654885654885,0.1689064449064449,481,0,0.8270717577021038,0.7021904761904761,0.5069799498746866,0.1223098307157262,0.1952105263157895,1.0,1.0,10_openstack_llm_lofo_FP
openstack,FN,llm_lofo,qwen36_27b_local,full,0.2,1.0,0.749,0.9058333333333334,1.0,0.7056309114773275,0.84,0.692,0.022472,0.068712,500,0,0.8687006517540589,0.6390674603174603,0.4446006683375104,0.1293826199025443,0.1944667919799498,1.0,1.0,11_openstack_llm_lofo_FN
openstack,FN,llm_lofo,qwen36_27b_local,no_constraints,0.2,1.0,0.726,0.9026875,1.0,0.7309986872712263,0.8542094455852156,0.6878850102669405,0.0254989733059548,0.0682258726899384,487,0,0.8655825204329861,0.6312857142857142,0.4332086883876357,0.1275740589271598,0.1980770258980784,1.0,1.0,11_openstack_llm_lofo_FN
openstack,FN,llm_lofo,qwen36_27b_local,no_grounding,0.2,1.0,0.777,0.9191666666666668,1.0,0.7557931876174391,0.8537074148296593,0.7254509018036072,0.0236192384769539,0.0726452905811623,499,0,0.857925233097188,0.6804761904761905,0.453621888053467,0.1304869025986762,0.2268543024227234,1.0,1.0,11_openstack_llm_lofo_FN
openstack,FN,llm_lofo,qwen36_27b_local,no_instance_context,0.2,1.0,0.7270000000000001,0.8868124999999999,0.9501666666666668,0.7632375869952885,0.9186602870813396,0.7511961722488039,0.0230430622009569,0.0746794258373205,418,0,0.6721085313787201,0.7975595238095238,0.6556696741854636,0.1012681875362066,0.1418898496240601,1.0,1.0,11_openstack_llm_lofo_FN
openstack,FN,llm_lofo,qwen36_27b_local,no_semantics,0.2,1.0,0.657,0.8217708333333332,1.0,0.6097629008212795,0.7914110429447853,0.6850715746421268,0.0124539877300613,0.0591697341513292,489,0,0.9204039490729548,0.5855972222222222,0.3691489557226399,0.1244515292304617,0.2164482664995823,1.0,1.0,11_openstack_llm_lofo_FN
openstack,TP,llm_counterfactual,qwen36_27b_local,full,0.2,1.0,0.845,0.9515208333333334,0.9816666666666668,0.8650418306016394,0.906,0.85,-0.207464,0.21204,500,0,0.8472914010101886,0.7631547619047618,0.4579924812030075,0.1513314571920556,0.3051622807017543,1.0,1.0,12_openstack_llm_counterfactual_TP
openstack,TP,llm_counterfactual,qwen36_27b_local,no_constraints,0.2,1.0,0.788,0.9163958333333332,0.96675,0.7745002843706308,0.896,0.836,-0.205824,0.210896,500,0,0.862540887283298,0.6729166666666666,0.4402456140350877,0.1343490678875844,0.2326710526315789,1.0,1.0,12_openstack_llm_counterfactual_TP
openstack,TP,llm_counterfactual,qwen36_27b_local,no_grounding,0.2,1.0,0.874,0.9626041666666668,0.9805,0.9052709590308498,0.89,0.884,-0.21404,0.219232,500,0,0.8448693505908518,0.8028571428571428,0.469906432748538,0.1611006447619357,0.3329507101086048,1.0,1.0,12_openstack_llm_counterfactual_TP
openstack,TP,llm_counterfactual,qwen36_27b_local,no_instance_context,0.2,1.0,0.729,0.8452708333333334,0.93325,0.569349183862323,0.8387096774193549,0.7612903225806451,-0.1896043010752688,0.1994795698924731,465,0,0.7309362899700518,0.6669285714285714,0.585668671679198,0.0448018190685012,0.0812598997493734,1.0,1.0,12_openstack_llm_counterfactual_TP
openstack,TP,llm_counterfactual,qwen36_27b_local,no_semantics,0.2,1.0,0.764,0.9212291666666668,0.9723703703703704,0.750924764024039,0.884,0.884,-0.209704,0.213808,500,0,0.8826920536149043,0.6595634920634921,0.3951587301587301,0.1332217944883921,0.2644047619047619,1.0,1.0,12_openstack_llm_counterfactual_TP
openstack,TN,llm_counterfactual,qwen36_27b_local,full,0.2,1.0,0.8,0.9013541666666668,0.9203333333333332,0.7570794692961877,0.806841046277666,0.6559356136820925,-0.0338913480885311,0.0650945674044265,497,0,0.7867259884566287,0.707484126984127,0.5498130325814536,0.0993909695698542,0.1576710944026733,1.0,1.0,13_openstack_llm_counterfactual_TN
openstack,TN,llm_counterfactual,qwen36_27b_local,no_constraints,0.2,1.0,0.808,0.8835625,0.94525,0.7594646639643516,0.8253012048192772,0.6526104417670683,-0.0355341365461847,0.0675180722891566,498,0,0.772201304858663,0.7097023809523809,0.550484962406015,0.0729089734888365,0.1592174185463659,1.0,1.0,13_openstack_llm_counterfactual_TN
openstack,TN,llm_counterfactual,qwen36_27b_local,no_grounding,0.2,1.0,0.819,0.8898541666666666,0.9345833333333332,0.7660250258662951,0.83,0.64,-0.03682,0.065988,500,0,0.7776881918545793,0.7185714285714285,0.5602999164578112,0.0831931880112461,0.1582715121136173,1.0,1.0,13_openstack_llm_counterfactual_TN
openstack,TN,llm_counterfactual,qwen36_27b_local,no_instance_context,0.2,1.0,0.713,0.883625,0.9410833333333332,0.7700504630197068,0.7782705099778271,0.6674057649667405,-0.0404567627494456,0.0697871396895787,451,0,0.7162611609956689,0.685202380952381,0.60525664160401,0.042492422928385,0.0799457393483709,1.0,1.0,13_openstack_llm_counterfactual_TN
openstack,TN,llm_counterfactual,qwen36_27b_local,no_semantics,0.2,1.0,0.743,0.8328333333333333,0.9125833333333332,0.6150074807843237,0.772,0.664,-0.022548,0.060172,500,0,0.910289670904076,0.6223214285714286,0.3757936507936508,0.1338907728327317,0.2465277777777778,1.0,1.0,13_openstack_llm_counterfactual_TN
openstack,FP,llm_counterfactual,qwen36_27b_local,full,0.2,1.0,0.82,0.9292083333333334,0.9594166666666666,0.8438923850714295,0.8891129032258065,0.8608870967741935,-0.1592741935483871,0.1623387096774193,496,0,0.8186678434420953,0.7329047619047618,0.4906003341687552,0.1136385657196318,0.2423044277360066,1.0,1.0,14_openstack_llm_counterfactual_FP
openstack,FP,llm_counterfactual,qwen36_27b_local,no_constraints,0.2,1.0,0.8460000000000001,0.8771666666666667,0.9469166666666666,0.7763479640467277,0.8709677419354839,0.8407258064516129,-0.1572903225806451,0.1607419354838709,496,0,0.7867968329616923,0.7690714285714285,0.5433005847953216,0.1016375553206916,0.2257708437761069,1.0,1.0,14_openstack_llm_counterfactual_FP
openstack,FP,llm_counterfactual,qwen36_27b_local,no_grounding,0.2,1.0,0.8130000000000001,0.9352708333333334,0.999,0.8478551696589184,0.8582995951417004,0.9089068825910932,-0.1634817813765182,0.171748987854251,494,0,0.8513121906773613,0.7279404761904762,0.444624895572264,0.1501806619046728,0.2833155806182122,1.0,1.0,14_openstack_llm_counterfactual_FP
openstack,FP,llm_counterfactual,qwen36_27b_local,no_instance_context,0.2,1.0,0.7150000000000001,0.8503125,0.9253333333333332,0.5901500110976524,0.7417218543046358,0.8675496688741722,-0.1561633554083885,0.1725783664459161,453,0,0.7206287363501857,0.6866309523809524,0.6065829573934837,0.04601805071967,0.0800479949874687,1.0,1.0,14_openstack_llm_counterfactual_FP
openstack,FP,llm_counterfactual,qwen36_27b_local,no_semantics,0.2,1.0,0.8160000000000001,0.9001666666666667,0.9841666666666666,0.7731361017536265,0.8913480885311871,0.8853118712273642,-0.1514688128772635,0.1585271629778672,497,0,0.8892847901451001,0.730452380952381,0.3851701754385965,0.1758350393743303,0.3452822055137844,1.0,1.0,14_openstack_llm_counterfactual_FP
openstack,FN,llm_counterfactual,qwen36_27b_local,full,0.2,1.0,0.8370000000000001,0.826375,0.8658333333333333,0.7307338933466367,0.7114228456913828,0.7354709418837675,0.0191783567134268,0.0751142284569138,499,0,0.7978933333315,0.743095238095238,0.559419715956558,0.1087139615004764,0.18367552213868,1.0,1.0,15_openstack_llm_counterfactual_FN
openstack,FN,llm_counterfactual,qwen36_27b_local,no_constraints,0.2,1.0,0.8220000000000001,0.8804166666666667,0.8973333333333333,0.7703019812347457,0.7991967871485943,0.7349397590361446,0.0206305220883534,0.0742048192771084,498,0,0.803847642828406,0.7270119047619047,0.5295315789473684,0.1099855481230367,0.1974803258145363,1.0,1.0,15_openstack_llm_counterfactual_FN
openstack,FN,llm_counterfactual,qwen36_27b_local,no_grounding,0.2,1.0,0.852,0.8708333333333333,0.8914166666666666,0.7687702612635394,0.7434869739478958,0.7294589178356713,0.021687374749499,0.0743847695390781,499,0,0.7781969378221988,0.7716785714285714,0.6011904761904762,0.1087704214018163,0.1704880952380952,1.0,1.0,15_openstack_llm_counterfactual_FN
openstack,FN,llm_counterfactual,qwen36_27b_local,no_instance_context,0.2,1.0,0.663,0.8776875000000001,0.929,0.7014777432964433,0.6964705882352941,0.7741176470588236,0.0081176470588235,0.086075294117647,425,0,0.7157672424762059,0.6647380952380952,0.5744666666666667,0.0614055721993381,0.0902714285714285,1.0,1.0,15_openstack_llm_counterfactual_FN
openstack,FN,llm_counterfactual,qwen36_27b_local,no_semantics,0.2,1.0,0.729,0.8118333333333334,0.8637685185185185,0.6202177343747334,0.822,0.69,0.021596,0.067468,500,0,0.9071379756044036,0.6109920634920635,0.3670860484544695,0.1424492715460758,0.2439060150375939,1.0,1.0,15_openstack_llm_counterfactual_FN
qt,TP,llm_lime,qwen36_27b_local,full,0.2,1.0,0.903,0.9505416666666668,0.98825,0.90694186181763,0.944,0.868,-0.1416412261289044,0.1545837538126581,500,0,0.776750210568596,0.8433928571428572,0.5803475355054302,0.1208267546337781,0.263045321637427,1.0,1.0,16_qt_llm_lime_TP
qt,TP,llm_lime,qwen36_27b_local,no_constraints,0.2,1.0,0.881,0.8978333333333334,0.9253333333333332,0.8306481452159687,0.886,0.818,-0.1307527386775254,0.1471570781092622,500,0,0.7644460448586125,0.8083333333333333,0.6073208020050125,0.1047252932492002,0.2010125313283208,1.0,1.0,16_qt_llm_lime_TP
qt,TP,llm_lime,qwen36_27b_local,no_grounding,0.2,1.0,0.8939999999999999,0.943875,0.9933333333333334,0.8984633018300796,0.938,0.844,-0.1370294037201394,0.1515747115431751,500,0,0.7531731087059763,0.836031746031746,0.6270977443609023,0.1007421649302118,0.2089340016708437,1.0,1.0,16_qt_llm_lime_TP
qt,TP,llm_lime,qwen36_27b_local,no_instance_context,0.2,1.0,0.7350000000000001,0.8640833333333333,0.9174166666666668,0.7257683333910978,0.7293064876957495,0.6890380313199105,-0.1100989830441392,0.1327077073836707,447,0,0.7042138209000788,0.7191428571428571,0.6086130325814536,0.0605317429558574,0.1105298245614034,1.0,1.0,16_qt_llm_lime_TP
qt,TP,llm_lime,qwen36_27b_local,no_semantics,0.2,1.0,0.791,0.9137083333333332,0.98575,0.7908651727586601,0.937875751503006,0.8256513026052105,-0.1220208441796784,0.1347728732144315,499,0,0.8787213556099726,0.6952083333333333,0.380753634085213,0.1362529277217056,0.3144546992481203,1.0,1.0,16_qt_llm_lime_TP
qt,TN,llm_lime,qwen36_27b_local,full,0.2,1.0,0.8240000000000001,0.9142083333333334,0.9485833333333332,0.8127437874407756,0.8654618473895582,0.5200803212851406,-0.0351253763821108,0.0494747773243486,498,0,0.7792640675238839,0.7301071428571428,0.5688808688387635,0.0884930026781007,0.1612262740183793,1.0,1.0,17_qt_llm_lime_TN
qt,TN,llm_lime,qwen36_27b_local,no_constraints,0.2,1.0,0.834,0.9216875,0.9751666666666668,0.8288098023936659,0.838,0.522,-0.0357067238743904,0.0498299385694964,500,0,0.7720752080176847,0.7442261904761904,0.5807769423558897,0.0872349077087422,0.1634492481203007,1.0,1.0,17_qt_llm_lime_TN
qt,TN,llm_lime,qwen36_27b_local,no_grounding,0.2,1.0,0.8019999999999999,0.8991666666666667,0.97075,0.784236922902413,0.8537074148296593,0.5190380761523046,-0.0365324061151971,0.0506284205755935,499,0,0.7794398512540935,0.7014047619047619,0.5547535505430242,0.0821663359342921,0.1466512113617376,1.0,1.0,17_qt_llm_lime_TN
qt,TN,llm_lime,qwen36_27b_local,no_instance_context,0.2,1.0,0.785,0.8986875,0.9436666666666668,0.823673980797096,0.8396624472573839,0.5126582278481012,-0.0434753401085983,0.0512558907144699,474,0,0.701286639936464,0.7275833333333334,0.6847137844611528,0.0467697375706753,0.0428695488721805,1.0,1.0,17_qt_llm_lime_TN
qt,TN,llm_lime,qwen36_27b_local,no_semantics,0.2,1.0,0.783,0.8654166666666667,0.9200833333333334,0.7077249230799991,0.836,0.47,-0.0288749366174733,0.042326499821765,500,0,0.8254137148680312,0.6815476190476191,0.4715137844611529,0.1008796532299524,0.2100338345864661,1.0,1.0,17_qt_llm_lime_TN
qt,FP,llm_lime,qwen36_27b_local,full,0.2,1.0,0.8710000000000001,0.9291875,0.9836666666666666,0.8470605433260161,0.9619238476953909,0.779559118236473,-0.1212493684380536,0.1308825129647878,499,0,0.8076181017085555,0.8014761904761905,0.5134445279866332,0.1347426010392608,0.2880316624895572,1.0,1.0,18_qt_llm_lime_FP
qt,FP,llm_lime,qwen36_27b_local,no_constraints,0.2,1.0,0.8550000000000001,0.8805208333333333,0.9573333333333334,0.7980944978387261,0.9275653923541248,0.7665995975855131,-0.1176899413525075,0.1289843456794023,497,0,0.784979403175758,0.7824523809523809,0.569472514619883,0.1220794282304414,0.2129798663324978,1.0,1.0,18_qt_llm_lime_FP
qt,FP,llm_lime,qwen36_27b_local,no_grounding,0.2,1.0,0.91,0.9557708333333336,0.992,0.9047635947298092,0.9759036144578314,0.7871485943775101,-0.1269579826857063,0.1356272256395946,498,0,0.7900436655371452,0.8599523809523809,0.5377664160401002,0.1267214977180549,0.3221859649122807,1.0,1.0,18_qt_llm_lime_FP
qt,FP,llm_lime,qwen36_27b_local,no_instance_context,0.2,1.0,0.773,0.81925,0.8998333333333333,0.6840960365338635,0.7483870967741936,0.7225806451612903,-0.1051851031436529,0.1204126525224387,465,0,0.7039653887477553,0.7346428571428572,0.6531774436090225,0.0582887946825298,0.0814654135338346,1.0,1.0,18_qt_llm_lime_FP
qt,FP,llm_lime,qwen36_27b_local,no_semantics,0.2,1.0,0.85,0.923125,0.9938333333333332,0.844932327132326,0.964,0.804,-0.1218969399227815,0.130594205287435,500,0,0.8498251126274369,0.7672619047619047,0.4285505430242272,0.1470928105236168,0.3387113617376774,1.0,1.0,18_qt_llm_lime_FP
qt,FN,llm_lime,qwen36_27b_local,full,0.2,1.0,0.818,0.8500624999999999,0.8883333333333333,0.7442602741088362,0.8189134808853119,0.5774647887323944,-0.0019016528107374,0.0484610346838254,497,0,0.780377307534565,0.7202380952380952,0.5875152046783626,0.1078325859231695,0.1327228905597326,1.0,1.0,19_qt_llm_lime_FN
qt,FN,llm_lime,qwen36_27b_local,no_constraints,0.2,1.0,0.825,0.8275625,0.9151666666666668,0.7333165816398596,0.8614457831325302,0.5863453815261044,-0.0029079745604347,0.0487097690793697,498,0,0.7921624427272533,0.7287738095238095,0.5480603174603175,0.1012735988418294,0.180713492063492,1.0,1.0,19_qt_llm_lime_FN
qt,FN,llm_lime,qwen36_27b_local,no_grounding,0.2,1.0,0.808,0.8535416666666666,0.8834166666666666,0.7220379584421288,0.8236472945891784,0.5551102204408818,-0.0021637414219443,0.0468069565479955,499,0,0.8055231901210123,0.7086666666666667,0.5310708437761069,0.1190840825049041,0.1775958228905597,1.0,1.0,19_qt_llm_lime_FN
qt,FN,llm_lime,qwen36_27b_local,no_instance_context,0.2,1.0,0.787,0.8488958333333333,0.8990833333333332,0.7274024911384,0.7744034707158352,0.5704989154013015,-0.0079317224851826,0.047219792210881,461,0,0.6874204236865157,0.7615714285714286,0.688772932330827,0.0492485188633396,0.0727984962406015,1.0,1.0,19_qt_llm_lime_FN
qt,FN,llm_lime,qwen36_27b_local,no_semantics,0.2,1.0,0.787,0.8628750000000001,0.9004166666666666,0.727341700009292,0.836,0.546,-0.0035057970153076,0.0455657046717018,500,0,0.8535284447957353,0.6840674603174604,0.4457101086048454,0.1256362210251329,0.2383573517126149,1.0,1.0,19_qt_llm_lime_FN
qt,TP,llm_kernelshap,qwen36_27b_local,full,0.2,1.0,0.916,0.9684375,0.98875,0.9462887006965331,0.906,0.894,-0.1493033747012739,0.1568575242857742,500,0,0.7915268302899989,0.8628571428571429,0.556781954887218,0.1327045408733347,0.3060751879699248,1.0,1.0,20_qt_llm_kernelshap_TP
qt,TP,llm_kernelshap,qwen36_27b_local,no_constraints,0.2,1.0,0.8960000000000001,0.962625,0.9875,0.9261985229183984,0.89,0.872,-0.1431102225606041,0.1550283422805418,500,0,0.7755977724345247,0.8352380952380952,0.5822756892230576,0.1124770296374794,0.2529624060150376,1.0,1.0,20_qt_llm_kernelshap_TP
qt,TP,llm_kernelshap,qwen36_27b_local,no_grounding,0.2,1.0,0.934,0.9660416666666668,0.99,0.9446496095952324,0.904,0.884,-0.1497213211305864,0.1552780478692934,500,0,0.7916333977328708,0.8904761904761904,0.5621821219715957,0.1453116556195238,0.3282940685045947,1.0,1.0,20_qt_llm_kernelshap_TP
qt,TP,llm_kernelshap,qwen36_27b_local,no_instance_context,0.2,1.0,0.844,0.9182708333333334,0.9406666666666668,0.8805812775252638,0.712,0.652,-0.0946446516355011,0.1168087815461114,500,0,0.7126249872581627,0.75,0.7502857142857142,0.0465435582989128,-0.0002857142857142,1.0,1.0,20_qt_llm_kernelshap_TP
qt,TP,llm_kernelshap,qwen36_27b_local,no_semantics,0.2,1.0,0.8390000000000001,0.9301666666666666,0.9378333333333334,0.787248309933187,0.816,0.798,-0.1181379392521664,0.1276323131766333,500,0,0.8448013578694691,0.7567261904761905,0.4718137009189641,0.146915292900646,0.2849124895572264,1.0,1.0,20_qt_llm_kernelshap_TP
qt,TN,llm_kernelshap,qwen36_27b_local,full,0.2,1.0,0.8150000000000001,0.8962708333333333,0.9746666666666666,0.7962518728379002,0.772,0.536,-0.0331750339661464,0.0508203010963658,500,0,0.7922745240763196,0.7092857142857143,0.5414243943191311,0.0963239139738629,0.1678613199665831,1.0,1.0,21_qt_llm_kernelshap_TN
qt,TN,llm_kernelshap,qwen36_27b_local,no_constraints,0.2,1.0,0.812,0.9098541666666666,0.9915,0.8183309274989036,0.7715430861723447,0.5370741482965932,-0.0333494532547449,0.0514665585213188,499,0,0.7834919664226202,0.7089642857142857,0.5645092731829574,0.097006590154486,0.1444550125313283,1.0,1.0,21_qt_llm_kernelshap_TN
qt,TN,llm_kernelshap,qwen36_27b_local,no_grounding,0.2,1.0,0.8039999999999999,0.922375,0.9741666666666668,0.7866473934443406,0.75,0.494,-0.0288047717366238,0.0462619827595184,500,0,0.8249183729992065,0.7016071428571429,0.4682205513784461,0.1099464990820029,0.2333865914786967,1.0,1.0,21_qt_llm_kernelshap_TN
qt,TN,llm_kernelshap,qwen36_27b_local,no_instance_context,0.2,1.0,0.8099999999999999,0.9223125,0.982,0.8241697373893105,0.678,0.508,-0.0366766255397945,0.0501649939765722,500,0,0.7237316333633171,0.7020238095238095,0.7197268170426064,0.0426935266709485,-0.0177030075187969,1.0,1.0,21_qt_llm_kernelshap_TN
qt,TN,llm_kernelshap,qwen36_27b_local,no_semantics,0.2,1.0,0.817,0.9097083333333332,0.97225,0.7546779730728773,0.656,0.394,-0.0169126437844308,0.0338660210150291,500,0,0.7775573263704104,0.7198214285714285,0.5881620718462823,0.0781533307325295,0.1316593567251461,1.0,1.0,21_qt_llm_kernelshap_TN
qt,FP,llm_kernelshap,qwen36_27b_local,full,0.2,1.0,0.916,0.968375,0.9740833333333332,0.9277352129314448,0.902,0.824,-0.1327288824478238,0.1375742489218535,500,0,0.8367954942032054,0.8633333333333333,0.4621010860484544,0.1611485467909015,0.4012322472848788,1.0,1.0,22_qt_llm_kernelshap_FP
qt,FP,llm_kernelshap,qwen36_27b_local,no_constraints,0.2,1.0,0.877,0.96,0.9666666666666666,0.9017990104264972,0.896,0.838,-0.1305354081721863,0.1385815805224063,500,0,0.8125496447415993,0.8035714285714286,0.504625730994152,0.1236087694782443,0.2989456975772766,1.0,1.0,22_qt_llm_kernelshap_FP
qt,FP,llm_kernelshap,qwen36_27b_local,no_grounding,0.2,1.0,0.8710000000000001,0.940375,0.96975,0.8849764455972343,0.916,0.834,-0.1314486375790713,0.136891509784259,500,0,0.8357450688606356,0.7916666666666666,0.4876507936507936,0.1504589706527185,0.304015873015873,1.0,1.0,22_qt_llm_kernelshap_FP
qt,FP,llm_kernelshap,qwen36_27b_local,no_instance_context,0.2,1.0,0.8300000000000001,0.9145416666666666,0.9598333333333332,0.8524133657158499,0.744,0.678,-0.0913093254109862,0.1080794278175055,500,0,0.7108802552346258,0.729047619047619,0.7378847117794486,0.0346011933571372,-0.0088370927318295,1.0,1.0,22_qt_llm_kernelshap_FP
qt,FP,llm_kernelshap,qwen36_27b_local,no_semantics,0.2,1.0,0.866,0.9413125,0.9615,0.8635611972743271,0.838,0.77,-0.1183436046527097,0.1246292485985406,500,0,0.8421306163785567,0.7925,0.4826056808688387,0.1545941911872144,0.3098943191311612,1.0,1.0,22_qt_llm_kernelshap_FP
qt,FN,llm_kernelshap,qwen36_27b_local,full,0.2,1.0,0.833,0.9464166666666668,0.9788333333333334,0.885677668817072,0.726,0.584,-0.0018801346176776,0.0498466909885411,500,0,0.8197848962259168,0.7355952380952381,0.5351896407685881,0.1407981093512713,0.2004055973266499,1.0,1.0,23_qt_llm_kernelshap_FN
qt,FN,llm_kernelshap,qwen36_27b_local,no_constraints,0.2,1.0,0.833,0.9391875,0.98025,0.8489347446999664,0.73,0.58,-0.0013337630530845,0.0489189721158408,500,0,0.8069765590904814,0.7401785714285714,0.5583508771929824,0.1197329134191026,0.1818276942355889,1.0,1.0,23_qt_llm_kernelshap_FN
qt,FN,llm_kernelshap,qwen36_27b_local,no_grounding,0.2,1.0,0.834,0.9571041666666666,0.98575,0.8807881376468769,0.722,0.592,-0.0017108057867567,0.0488026691815412,500,0,0.8293909031771409,0.7390476190476191,0.5036783625730994,0.1306147295002817,0.2353692564745196,1.0,1.0,23_qt_llm_kernelshap_FN
qt,FN,llm_kernelshap,qwen36_27b_local,no_instance_context,0.2,1.0,0.8240000000000001,0.9306458333333334,0.9671666666666668,0.8855492875292468,0.742,0.578,-0.0009224771604983,0.048810071307438,500,0,0.7190881986977677,0.719047619047619,0.7246416040100251,0.0463873431879963,-0.005593984962406,1.0,1.0,23_qt_llm_kernelshap_FN
qt,FN,llm_kernelshap,qwen36_27b_local,no_semantics,0.2,1.0,0.8099999999999999,0.9055833333333334,0.9624166666666668,0.6985568178762499,0.61,0.502,-0.0139324127369338,0.0379404662671571,500,0,0.8441382801603897,0.7112499999999999,0.4858203842940685,0.125608190289688,0.2254296157059314,1.0,1.0,23_qt_llm_kernelshap_FN
qt,TP,llm_lofo,qwen36_27b_local,full,0.2,1.0,0.8619999999999999,0.9597916666666666,1.0,0.8991067248855096,0.9477911646586346,0.8493975903614458,-0.1417930457781309,0.1516072289362396,498,0,0.8112448621282052,0.7910714285714285,0.5131370091896408,0.1406992528969907,0.2779344193817877,1.0,1.0,24_qt_llm_lofo_TP
qt,TP,llm_lofo,qwen36_27b_local,no_constraints,0.2,1.0,0.716,0.8755208333333334,0.9795833333333333,0.7661406000430844,0.9662162162162162,0.7567567567567568,-0.1081538803907595,0.1239210046949885,444,0,0.8556947369348383,0.745,0.3887817042606516,0.1555111461647796,0.3562182957393484,1.0,1.0,24_qt_llm_lofo_TP
qt,TP,llm_lofo,qwen36_27b_local,no_grounding,0.2,1.0,0.8870000000000001,0.9663541666666668,1.0,0.9181228273850988,0.952,0.862,-0.1429702997149959,0.1517497384407311,500,0,0.806151854644695,0.8238690476190476,0.5392556390977443,0.1543436129004249,0.2846134085213032,1.0,1.0,24_qt_llm_lofo_TP
qt,TP,llm_lofo,qwen36_27b_local,no_instance_context,0.2,1.0,0.625,0.9144791666666666,1.0,0.7712273892840109,0.941747572815534,0.7742718446601942,-0.1424995207258777,0.1473726770679357,412,0,0.7483055669243748,0.641,0.5515869674185464,0.1004321685119587,0.0894130325814536,1.0,1.0,24_qt_llm_lofo_TP
qt,TP,llm_lofo,qwen36_27b_local,no_semantics,0.2,1.0,0.704,0.8251041666666667,0.9733333333333332,0.7780856589752725,0.9582366589327146,0.7308584686774942,-0.0846426964150439,0.1030128446352594,431,0,0.8751808259245276,0.7805357142857143,0.4082037593984962,0.1819593004978525,0.3723319548872181,1.0,1.0,24_qt_llm_lofo_TP
qt,TN,llm_lofo,qwen36_27b_local,full,0.2,1.0,0.794,0.9523958333333332,1.0,0.7688183627236376,0.7875,0.4895833333333333,-0.0277882239718391,0.0456478594324321,480,0,0.7974129533628319,0.7413809523809524,0.4937136173767752,0.108085688008928,0.2476673350041771,1.0,1.0,25_qt_llm_lofo_TN
qt,TN,llm_lofo,qwen36_27b_local,no_constraints,0.2,1.0,0.6799999999999999,0.8708958333333333,0.9685,0.6833570649595362,0.8459915611814346,0.5084388185654009,-0.0274423053851351,0.0449049087185945,474,0,0.8750089996144712,0.6150119047619047,0.4284657477025897,0.1528866328998966,0.1865461570593149,1.0,1.0,25_qt_llm_lofo_TN
qt,TN,llm_lofo,qwen36_27b_local,no_grounding,0.2,1.0,0.7470000000000001,0.9336458333333332,1.0,0.7207040662441244,0.8020833333333334,0.5,-0.0296347254231925,0.0479447381068956,480,0,0.7942526749466182,0.6725476190476191,0.5213292397660818,0.0936844602290521,0.1512183792815372,1.0,1.0,25_qt_llm_lofo_TN
qt,TN,llm_lofo,qwen36_27b_local,no_instance_context,0.2,1.0,0.4600000000000001,0.8354166666666666,1.0,0.7451249364958962,0.7901639344262295,0.5114754098360655,-0.0340971316970347,0.0531910692475296,305,0,0.6938353138028315,0.6123333333333333,0.4316781954887218,0.1248729318765919,0.1806551378446114,0.95,1.0,25_qt_llm_lofo_TN
qt,TN,llm_lofo,qwen36_27b_local,no_semantics,0.2,1.0,0.529,0.7152499999999999,0.9589166666666668,0.5156900721484086,0.8577680525164114,0.4070021881838074,-0.0204885795829747,0.0362384039401374,457,0,0.9634765137568287,0.4839206349206349,0.2766852965747702,0.1364851057823381,0.2072353383458646,0.99,1.0,25_qt_llm_lofo_TN
qt,FP,llm_lofo,qwen36_27b_local,full,0.2,1.0,0.8779999999999999,0.9608333333333332,1.0,0.8877947611035616,0.976,0.82,-0.1293282850255175,0.1345602586469003,500,0,0.833248051930997,0.8083333333333333,0.4563241436925647,0.1430145960941903,0.3520091896407686,1.0,1.0,26_qt_llm_lofo_FP
qt,FP,llm_lofo,qwen36_27b_local,no_constraints,0.2,1.0,0.607,0.7854166666666667,0.9946428571428572,0.6188900538861783,0.9803063457330417,0.75054704595186,-0.1052993671656609,0.1146100632781314,457,0,0.8860116260374774,0.5724047619047619,0.3365314118629908,0.1116214071609952,0.235873350041771,1.0,1.0,26_qt_llm_lofo_FP
qt,FP,llm_lofo,qwen36_27b_local,no_grounding,0.2,1.0,0.8160000000000001,0.93875,1.0,0.8173047156903687,0.9898580121703854,0.795131845841785,-0.1311577409607322,0.1356395456036385,493,0,0.8454060278124494,0.7475595238095238,0.4557760233918128,0.1534359961816626,0.291783500417711,1.0,1.0,26_qt_llm_lofo_FP
qt,FP,llm_lofo,qwen36_27b_local,no_instance_context,0.2,1.0,0.5810000000000001,0.8695833333333333,1.0,0.7238023947739499,0.9596977329974812,0.7884130982367759,-0.1227236082488995,0.1294382228072316,397,0,0.7419399816499112,0.5961190476190475,0.5333052631578947,0.0973252467548752,0.0628137844611528,0.99,1.0,26_qt_llm_lofo_FP
qt,FP,llm_lofo,qwen36_27b_local,no_semantics,0.2,1.0,0.5730000000000001,0.6880208333333333,0.9791666666666666,0.6056959513916859,0.9210526315789472,0.6491228070175439,-0.0863293576646879,0.0965175484226517,456,0,0.9292826983412272,0.5680793650793651,0.3219988304093567,0.1308357071828809,0.2460805346700083,1.0,1.0,26_qt_llm_lofo_FP
qt,FN,llm_lofo,qwen36_27b_local,full,0.2,1.0,0.833,0.9510416666666666,1.0,0.8462869320484521,0.8336713995943205,0.563894523326572,-0.0011972732593759,0.0471225878924725,493,0,0.8740717959431638,0.7670357142857143,0.4080631578947368,0.1701697111816137,0.3589725563909774,1.0,1.0,27_qt_llm_lofo_FN
qt,FN,llm_lofo,qwen36_27b_local,no_constraints,0.2,1.0,0.741,0.8896875,0.97875,0.7237086484634448,0.8417849898580122,0.5537525354969574,-0.0043455350969904,0.045465227532352,493,0,0.9016260812967494,0.6451646825396825,0.3797076858813701,0.1583537026204333,0.2654569966583124,1.0,1.0,27_qt_llm_lofo_FN
qt,FN,llm_lofo,qwen36_27b_local,no_grounding,0.2,1.0,0.8130000000000001,0.9316666666666666,1.0,0.8072859305653235,0.8289205702647657,0.5478615071283096,-0.0014197248842635,0.0466036409651072,491,0,0.8735690050802017,0.7496626984126984,0.4029304093567251,0.159792197578474,0.3467322890559732,1.0,1.0,27_qt_llm_lofo_FN
qt,FN,llm_lofo,qwen36_27b_local,no_instance_context,0.2,1.0,0.567,0.9057291666666666,1.0,0.7841799927792291,0.8743169398907104,0.5683060109289617,0.0087115643701965,0.0495306234467674,366,0,0.726688202008922,0.6435714285714286,0.4690310776942356,0.1205735201025411,0.174540350877193,0.98,1.0,27_qt_llm_lofo_FN
qt,FN,llm_lofo,qwen36_27b_local,no_semantics,0.2,1.0,0.62,0.7616666666666667,0.9866666666666668,0.5965246336356527,0.826722338204593,0.4634655532359081,-0.0096753777189248,0.0362025829157905,479,0,0.9637564518990156,0.5689960317460317,0.2876070175438596,0.1482339376822886,0.2813890142021721,1.0,1.0,27_qt_llm_lofo_FN
qt,TP,llm_counterfactual,qwen36_27b_local,full,0.2,1.0,0.9,0.9478958333333332,0.98775,0.8880314825066357,0.956,0.806,-0.1323488697328463,0.1471560315554855,500,0,0.7231013266238862,0.8361904761904762,0.6986390977443608,0.066418631978873,0.1375513784461153,1.0,1.0,28_qt_llm_counterfactual_TP
qt,TP,llm_counterfactual,qwen36_27b_local,no_constraints,0.2,1.0,0.876,0.9147708333333334,0.9659166666666664,0.8394283384141203,0.93,0.814,-0.1314202641490403,0.1465940479161119,500,0,0.7490476160832661,0.8004761904761905,0.6464177109440267,0.0976743467104493,0.1540584795321637,1.0,1.0,28_qt_llm_counterfactual_TP
qt,TP,llm_counterfactual,qwen36_27b_local,no_grounding,0.2,1.0,0.883,0.9254583333333332,0.97875,0.8733790649866717,0.946,0.828,-0.1370135543289276,0.1489602437111283,500,0,0.7565243987303754,0.8113095238095238,0.6232539682539682,0.0981931685109735,0.1880555555555556,1.0,1.0,28_qt_llm_counterfactual_TP
qt,TP,llm_counterfactual,qwen36_27b_local,no_instance_context,0.2,1.0,0.77,0.8684166666666666,0.8936666666666667,0.7327661001870792,0.7158351409978309,0.6529284164859002,-0.1042457190038881,0.1252830115286458,461,0,0.7008339868751378,0.7333690476190476,0.643095238095238,0.0581519579414519,0.0902738095238095,1.0,1.0,28_qt_llm_counterfactual_TP
qt,TP,llm_counterfactual,qwen36_27b_local,no_semantics,0.2,1.0,0.779,0.9211666666666666,0.9759166666666668,0.7829291561162022,0.926,0.776,-0.1085700953579698,0.1274729410648191,500,0,0.8667877340735886,0.6881547619047619,0.4325329991645781,0.1324611555680289,0.2556217627401838,1.0,1.0,28_qt_llm_counterfactual_TP
qt,TN,llm_counterfactual,qwen36_27b_local,full,0.2,1.0,0.8450000000000001,0.8917083333333334,0.9429166666666668,0.8106315841299383,0.8313253012048193,0.5341365461847389,-0.0381036249943963,0.0510716755763192,498,0,0.7756064959397689,0.7645357142857143,0.5760003341687552,0.0908167098870502,0.1885353801169591,1.0,1.0,29_qt_llm_counterfactual_TN
qt,TN,llm_counterfactual,qwen36_27b_local,no_constraints,0.2,1.0,0.827,0.9111458333333332,0.96075,0.8099673476995491,0.8396793587174348,0.5531062124248497,-0.0418074817374467,0.0527200603196582,499,0,0.7754249775246338,0.733547619047619,0.5837894736842105,0.092575263602556,0.1497581453634084,1.0,1.0,29_qt_llm_counterfactual_TN
qt,TN,llm_counterfactual,qwen36_27b_local,no_grounding,0.2,1.0,0.833,0.8947499999999999,0.9525,0.8057509278422794,0.8490945674044266,0.545271629778672,-0.0386942558185971,0.052187433651395,497,0,0.76076032918542,0.7469404761904762,0.6168375939849624,0.1008796458300442,0.1301028822055138,1.0,1.0,29_qt_llm_counterfactual_TN
qt,TN,llm_counterfactual,qwen36_27b_local,no_instance_context,0.2,1.0,0.8220000000000001,0.8952291666666667,0.9205833333333332,0.816527393362794,0.8256302521008403,0.4852941176470588,-0.0415533819680603,0.0495335716108219,476,0,0.6919526312203523,0.7827857142857143,0.720116290726817,0.056794583280218,0.0626694235588972,1.0,1.0,29_qt_llm_counterfactual_TN
qt,TN,llm_counterfactual,qwen36_27b_local,no_semantics,0.2,1.0,0.7180000000000001,0.8082916666666666,0.8711666666666666,0.5648183299767485,0.826,0.42,-0.0230162369573135,0.0372020888130218,500,0,0.8696203625454014,0.6049404761904762,0.4202882205513784,0.1076353705751675,0.1846522556390977,1.0,1.0,29_qt_llm_counterfactual_TN
qt,FP,llm_counterfactual,qwen36_27b_local,full,0.2,1.0,0.8779999999999999,0.922875,0.989,0.8548034000178456,0.9558232931726908,0.7971887550200804,-0.124229200675601,0.1332822886135765,498,0,0.8233967548103173,0.8085238095238095,0.4916150375939849,0.1450535033463934,0.3169087719298246,1.0,1.0,30_qt_llm_counterfactual_FP
qt,FP,llm_counterfactual,qwen36_27b_local,no_constraints,0.2,1.0,0.857,0.9183125,0.96625,0.8171845805182668,0.9396378269617708,0.778672032193159,-0.1222007104841394,0.1322702486192312,497,0,0.7872409804357196,0.7825714285714286,0.5651181286549707,0.1174922573164604,0.2174532999164579,1.0,1.0,30_qt_llm_counterfactual_FP
qt,FP,llm_counterfactual,qwen36_27b_local,no_grounding,0.2,1.0,0.873,0.9335,0.9875,0.8542559545483062,0.9555555555555556,0.7838383838383839,-0.1252622106136787,0.1332520095184721,495,0,0.8066148371329727,0.8183690476190476,0.5176106934001671,0.1413700909035781,0.3007583542188805,1.0,1.0,30_qt_llm_counterfactual_FP
qt,FP,llm_counterfactual,qwen36_27b_local,no_instance_context,0.2,1.0,0.812,0.8404791666666667,0.8867499999999999,0.761553199311219,0.7081545064377682,0.703862660944206,-0.099604980459053,0.1157472817272969,466,0,0.6851125024330712,0.7942857142857143,0.7008070175438597,0.0596229981090551,0.0934786967418546,1.0,1.0,30_qt_llm_counterfactual_FP
qt,FP,llm_counterfactual,qwen36_27b_local,no_semantics,0.2,1.0,0.8540000000000001,0.9365,0.99525,0.8582095668229248,0.958,0.766,-0.1135400914931968,0.1232621985604763,500,0,0.8532529321430059,0.7755357142857142,0.4260668337510442,0.156064032423728,0.3494688805346699,1.0,1.0,30_qt_llm_counterfactual_FP
qt,FN,llm_counterfactual,qwen36_27b_local,full,0.2,1.0,0.8380000000000001,0.8502916666666668,0.8775833333333333,0.7380012424421307,0.710261569416499,0.5533199195171026,-0.0070010803596385,0.0466632550572683,497,0,0.773859779287939,0.7546309523809523,0.5763353383458646,0.0997911874654631,0.1782956140350877,1.0,1.0,31_qt_llm_counterfactual_FN
qt,FN,llm_counterfactual,qwen36_27b_local,no_constraints,0.2,1.0,0.8390000000000001,0.8207291666666666,0.8641666666666667,0.7018829829255154,0.7114228456913828,0.5511022044088176,-0.0061278203337689,0.0471323002844191,499,0,0.7696861041055747,0.7466785714285714,0.552641604010025,0.0743292637779865,0.1940369674185463,1.0,1.0,31_qt_llm_counterfactual_FN
qt,FN,llm_counterfactual,qwen36_27b_local,no_grounding,0.2,1.0,0.8939999999999999,0.8676666666666668,0.9045,0.7884459792067593,0.684,0.552,-0.0077993651550414,0.0471057644963734,500,0,0.7633392548013049,0.8339285714285715,0.5846040100250627,0.1042387948741547,0.2493245614035087,1.0,1.0,31_qt_llm_counterfactual_FN
qt,FN,llm_counterfactual,qwen36_27b_local,no_instance_context,0.2,1.0,0.8210000000000001,0.8568333333333333,0.8872500000000001,0.7919631128934936,0.7748917748917749,0.564935064935065,-0.0087802330207268,0.0477843010586688,462,0,0.678287242507505,0.8246190476190476,0.7303934837092732,0.0575804642273012,0.0942255639097744,1.0,1.0,31_qt_llm_counterfactual_FN
qt,FN,llm_counterfactual,qwen36_27b_local,no_semantics,0.2,1.0,0.735,0.7985416666666667,0.8258333333333333,0.60409045808128,0.7610441767068273,0.5281124497991968,-0.0071025783715098,0.0424763618550574,498,0,0.8831742030321942,0.6140753968253968,0.3892990810359231,0.115377598640389,0.2247763157894736,1.0,1.0,31_qt_llm_counterfactual_FN
