scope,metric,prompt_variant,n,mean,sd,median,q1,q3
overall,overlap_at_k,full,32,0.83925,0.04310676917129254,0.8375000000000001,0.81875,0.8657500000000001
overall,overlap_at_k,no_semantics,32,0.77278125,0.08200304257730613,0.789,0.741,0.827
overall,overlap_at_k,no_grounding,32,0.8428125000000001,0.04630225905448228,0.8394999999999999,0.8117500000000001,0.877
overall,overlap_at_k,no_constraints,32,0.80278125,0.07013201117845892,0.8240000000000001,0.74175,0.8555
overall,overlap_at_k,no_instance_context,32,0.7383125,0.08874262804457655,0.7665,0.71,0.804
overall,rank_agreement_at_k,full,32,0.9200260416666667,0.038755426186738925,0.9285520833333334,0.9009375000000001,0.9506666666666668
overall,rank_agreement_at_k,no_semantics,32,0.872736328125,0.0651163003981911,0.8985729166666667,0.8309010416666667,0.9204010416666666
overall,rank_agreement_at_k,no_grounding,32,0.9247838541666666,0.03246635145954247,0.9291458333333333,0.9051197916666667,0.9533489583333333
overall,rank_agreement_at_k,no_constraints,32,0.89483984375,0.03967942123398532,0.8937604166666666,0.8767552083333333,0.9183281249999999
overall,rank_agreement_at_k,no_instance_context,32,0.889359375,0.03191437672517313,0.8931875,0.8673333333333333,0.9181614583333333
overall,direction_agreement_at_k,full,32,0.9670442708333333,0.03627774543419262,0.9792500000000002,0.9567083333333333,0.99175
overall,direction_agreement_at_k,no_semantics,32,0.9597256944444443,0.04330895133671166,0.9728518518518519,0.9535208333333334,0.9880625000000001
overall,direction_agreement_at_k,no_grounding,32,0.9714244791666666,0.03197874909975711,0.9788749999999999,0.9568125000000001,0.99925
overall,direction_agreement_at_k,no_constraints,32,0.960686755952381,0.03142817335511935,0.9664583333333333,0.9465,0.9797499999999999
overall,direction_agreement_at_k,no_instance_context,32,0.9508314732142857,0.03508872133164198,0.9550000000000001,0.9269583333333333,0.9791458333333334
overall,score_stability,full,32,0.8239507351044579,0.07424643422830886,0.8353353509798631,0.7658836393667752,0.8862069418886944
overall,score_stability,no_semantics,32,0.7276118998897576,0.09084655201177132,0.7528013685484581,0.6745772720209021,0.7840089445704483
overall,score_stability,no_grounding,32,0.8319606006371957,0.0666202865951477,0.8284922480747026,0.7823230449585173,0.8878720823443154
overall,score_stability,no_constraints,32,0.7818561274088718,0.0724127150976632,0.7753522978679837,0.7327371080477012,0.8209506462225942
overall,score_stability,no_instance_context,32,0.7721076411614777,0.07264757736541094,0.7706389261518589,0.7314251979249095,0.8237979199451496
overall,direction_consistency_rate,full,32,0.8520738085660451,0.07883700664119808,0.8623083884835114,0.8158953722334004,0.906
overall,direction_consistency_rate,no_semantics,32,0.8352976023201832,0.09119135279577274,0.837,0.8157090578672874,0.8944629702060055
overall,direction_consistency_rate,no_grounding,32,0.8540009124439114,0.07799341708960161,0.8545454545454545,0.8216432865731463,0.904
overall,direction_consistency_rate,no_constraints,32,0.8550445610990121,0.06635829047607276,0.8566821875813402,0.8318253012048192,0.896
overall,direction_consistency_rate,no_instance_context,32,0.7787521183339237,0.08656200161577132,0.761637168141593,0.7148763557483732,0.8295917662499137
overall,meaningful_effect_rate,full,32,0.7338165549981013,0.1391178822081844,0.7610069233033472,0.611,0.8527217741935483
overall,meaningful_effect_rate,no_semantics,32,0.6968655815657947,0.16804420584124763,0.6875357873210634,0.5783837675350701,0.8331663326653307
overall,meaningful_effect_rate,no_grounding,32,0.7396645765223261,0.14607252384271,0.7566486508370276,0.6245784114052952,0.884
overall,meaningful_effect_rate,no_constraints,32,0.7182865762800774,0.12533429468091753,0.7427434024940023,0.5859546883184913,0.8365
overall,meaningful_effect_rate,no_instance_context,32,0.6900975962462355,0.11420258473619493,0.6964503461320583,0.5766398416886543,0.7741561964591662
overall,mean_delta_probability,full,32,-0.08656924981342606,0.08222904559345945,-0.07967649671622495,-0.15152371576491125,-0.02049112374844615
overall,mean_delta_probability,no_semantics,32,-0.07732552435460552,0.07581418986727632,-0.0567588165162586,-0.12788236660169267,-0.01616758602255655
overall,mean_delta_probability,no_grounding,32,-0.08826201103818661,0.0836159188439626,-0.0819782332161379,-0.1530061423630913,-0.0235534200912282
overall,mean_delta_probability,no_constraints,32,-0.08196582055673642,0.07714022981003844,-0.0735534244515538,-0.14091183511613353,-0.022113684122293552
overall,mean_delta_probability,no_instance_context,32,-0.07815376482718367,0.06991979957986777,-0.06832501668779395,-0.13770288018146942,-0.0156950582551817
overall,mean_absolute_delta_probability,full,32,0.11305432326783221,0.06113839606098867,0.1029983707108508,0.058533162796518795,0.15804675767216197
overall,mean_absolute_delta_probability,no_semantics,32,0.10092973709203801,0.06067848807882469,0.08199277421132585,0.0476860153462821,0.13976903366833865
overall,mean_absolute_delta_probability,no_grounding,32,0.1150034095007059,0.06264938893196664,0.1038183895287751,0.06253785841284876,0.15874540458883873
overall,mean_absolute_delta_probability,no_constraints,32,0.10915170809217523,0.05740122401182162,0.09440744127761991,0.0544691455146971,0.1527603606793057
overall,mean_absolute_delta_probability,no_instance_context,32,0.10813481350821821,0.05295796961033226,0.09998442544721425,0.058103835913465504,0.14888750780095175
overall,normalized_feature_entropy,full,32,0.8156141862541036,0.0351491329180013,0.8149563527851502,0.7917463299528608,0.838743909975388
overall,normalized_feature_entropy,no_semantics,32,0.8712342456600403,0.038471936388845704,0.8665880088549328,0.8493375531917701,0.8849637236518588
overall,normalized_feature_entropy,no_grounding,32,0.8174040994432448,0.03549002576631077,0.8249680239803586,0.7912359646839394,0.8450483923123313
overall,normalized_feature_entropy,no_constraints,32,0.8153592752635446,0.04339611389596512,0.8023202934038427,0.7843544462416732,0.8574062745219533
overall,normalized_feature_entropy,no_instance_context,32,0.7065972220362572,0.02364386402425051,0.704089604823917,0.6915056413117882,0.7244707755247184
overall,pairwise_jaccard_within_instance,full,32,0.7573678075396826,0.057295418024534014,0.7574940476190476,0.727639880952381,0.793672619047619
overall,pairwise_jaccard_within_instance,no_semantics,32,0.6936328125,0.07610458442724305,0.7124702380952381,0.6502529761904762,0.7463323412698413
overall,pairwise_jaccard_within_instance,no_grounding,32,0.7647973710317459,0.060761604068457674,0.7611607142857143,0.7116755952380952,0.8130744047619047
overall,pairwise_jaccard_within_instance,no_constraints,32,0.7256351066468254,0.06515216586178861,0.7320059523809523,0.6712936507936508,0.7824821428571428
overall,pairwise_jaccard_within_instance,no_instance_context,32,0.7235825892857142,0.05848366799624025,0.7283154761904762,0.6861220238095238,0.7713571428571429
overall,pairwise_jaccard_between_instance,full,32,0.5076009972848788,0.06357905366261421,0.4990382205513784,0.4610739348370927,0.5515552631578947
overall,pairwise_jaccard_between_instance,no_semantics,32,0.4242251383667502,0.06394600418141354,0.42389223057644104,0.38826685463659144,0.4701689223057644
overall,pairwise_jaccard_between_instance,no_grounding,32,0.5062384059106098,0.06234441452999786,0.5003286967418545,0.4601783416875522,0.5431301169590643
overall,pairwise_jaccard_between_instance,no_constraints,32,0.5044556860902255,0.08308394760085952,0.5344928989139515,0.4384863826232247,0.5616968671679198
overall,pairwise_jaccard_between_instance,no_instance_context,32,0.6480531328320802,0.07675994924339719,0.6798035087719299,0.6036819548872181,0.6955025062656641
overall,instance_idf_specificity,full,32,0.12599586946097002,0.02724684532125385,0.1251046872681612,0.10802241248748837,0.14135223103700104
overall,instance_idf_specificity,no_semantics,32,0.1387537803198587,0.021343000541933565,0.13864906594400256,0.12573382548038786,0.15084072741062504
overall,instance_idf_specificity,no_grounding,32,0.13045302839940032,0.025756177572647736,0.13592939196230253,0.1076375147699009,0.14894954074123712
overall,instance_idf_specificity,no_constraints,32,0.11655234440108282,0.02587851306233776,0.1149846434769699,0.10037378580898437,0.12926781116726596
overall,instance_idf_specificity,no_instance_context,32,0.0663902040063249,0.027169318675920144,0.058220376311990854,0.04601557032274538,0.08330905080988525
overall,separability_gap,full,32,0.24976681025480363,0.07351957071915517,0.24601756474519632,0.18732041562238932,0.3070850563909774
overall,separability_gap,no_semantics,32,0.26940767413324973,0.056866402330553956,0.26459362990810364,0.22526629072681695,0.31474944131161237
overall,separability_gap,no_grounding,32,0.25855896512113613,0.0686052529078627,0.27343680033416873,0.2041829260651628,0.3049051796157059
overall,separability_gap,no_constraints,32,0.2211794205565998,0.0624816964611582,0.21521658312447783,0.17922425856307428,0.2560860536758563
overall,separability_gap,no_instance_context,32,0.07552945645363407,0.05791867534648959,0.08065394736842105,0.03525491854636595,0.09830162907268165
overall,valid_interventions,full,32,497.59375,3.8925849691349685,498.5,497.0,500.0
overall,valid_interventions,no_semantics,32,492.34375,16.08567660794795,500.0,495.0,500.0
overall,valid_interventions,no_grounding,32,497.59375,4.233959292473486,499.5,496.5,500.0
overall,valid_interventions,no_constraints,32,491.40625,15.393461902861185,498.5,495.25,500.0
overall,valid_interventions,no_instance_context,32,448.90625,46.872069800888404,461.0,417.5,482.0
overall,invalid_interventions,full,32,0.0,0.0,0.0,0.0,0.0
overall,invalid_interventions,no_semantics,32,0.0,0.0,0.0,0.0,0.0
overall,invalid_interventions,no_grounding,32,0.0,0.0,0.0,0.0,0.0
overall,invalid_interventions,no_constraints,32,0.0,0.0,0.0,0.0,0.0
overall,invalid_interventions,no_instance_context,32,0.0,0.0,0.0,0.0,0.0
overall,structural_compliance_rate,full,32,1.0,0.0,1.0,1.0,1.0
overall,structural_compliance_rate,no_semantics,32,0.9996875000000001,0.0017677669529663704,1.0,1.0,1.0
overall,structural_compliance_rate,no_grounding,32,1.0,0.0,1.0,1.0,1.0
overall,structural_compliance_rate,no_constraints,32,0.9996875000000001,0.0017677669529663704,1.0,1.0,1.0
overall,structural_compliance_rate,no_instance_context,32,0.9971875,0.009583041136265407,1.0,1.0,1.0
overall,execution_success_rate,full,32,1.0,0.0,1.0,1.0,1.0
overall,execution_success_rate,no_semantics,32,1.0,0.0,1.0,1.0,1.0
overall,execution_success_rate,no_grounding,32,1.0,0.0,1.0,1.0,1.0
overall,execution_success_rate,no_constraints,32,1.0,0.0,1.0,1.0,1.0
overall,execution_success_rate,no_instance_context,32,1.0,0.0,1.0,1.0,1.0
