dataset,category,instance_id,method,llm_model,prompt_variant,temperature,top_p,n_runs,overlap_at_k,rank_agreement_at_k,direction_agreement_at_k,score_stability
openstack,FP,4b53e4edf9f7f8c794316d3a0920d727723d1bab,counterfactual,,,,,5,1.0,1.0,1.0,1.0
openstack,TN,467b4e4d419f0ca5db8468516d64ffec5cedc67e,counterfactual,,,,,5,1.0,1.0,1.0,1.0
openstack,TP,eaf6340847c35ace3b4b681a95b8a79a7a3f2491,counterfactual,,,,,5,1.0,1.0,1.0,1.0
openstack,TP,fd351903a1759109f66d0c66d42cd3a1b7f23861,counterfactual,,,,,5,1.0,1.0,1.0,1.0
openstack,FP,2530ccff8f0a0105d1626c65616080b27682e129,counterfactual,,,,,5,1.0,1.0,1.0,1.0
openstack,FN,1476b030bd53deddd85468c0d8b545d8f8f30f19,counterfactual,,,,,5,1.0,1.0,1.0,1.0
openstack,TP,83a5f90f82b40be4c74685f557d6af0f8a3b1a30,counterfactual,,,,,5,1.0,1.0,1.0,1.0
openstack,TP,6f1a1f5e8ead9ceb145e13927cd9ae7fdca9add4,counterfactual,,,,,5,1.0,1.0,1.0,1.0
openstack,FP,e847eed4a5600b6812338bb4903a0cffcde7f1f3,counterfactual,,,,,5,1.0,1.0,1.0,1.0
openstack,TP,e7bdd19f0ed7d4c61d195735ee43a11da78f97d6,counterfactual,,,,,5,1.0,1.0,1.0,1.0
openstack,TN,936f765b855d7af14ae557383f0dcc6fd9e8655c,counterfactual,,,,,5,1.0,1.0,1.0,1.0
openstack,FP,034db863a02ce38a520e4b8aa3a65e1ccdb37f30,counterfactual,,,,,5,1.0,1.0,1.0,1.0
openstack,FN,ab1cb6378f136ae8adcb0027385b43763e402cca,counterfactual,,,,,5,1.0,1.0,1.0,1.0
openstack,TP,7cfdf4aa811fb708d9fed4e36aec79c26d19cfee,counterfactual,,,,,5,1.0,1.0,1.0,1.0
openstack,TP,e55a5f412bf6bc343eb8bb11348afe57c2012066,counterfactual,,,,,5,1.0,1.0,1.0,1.0
openstack,TN,8b44c9df29572efca928c1d36fa3e7a90e94caa0,counterfactual,,,,,5,1.0,1.0,1.0,1.0
openstack,TN,4d75cbf3c35a8aa917d3970beac99d612f13eed3,counterfactual,,,,,5,1.0,1.0,1.0,1.0
openstack,TN,2ecaad46a737c24965ae81fc19947db9264de684,counterfactual,,,,,5,1.0,1.0,1.0,1.0
openstack,TN,bfb9d3f179607c25f91d77585f97df6d0704c253,counterfactual,,,,,5,1.0,1.0,1.0,1.0
openstack,FP,bfcd4b2f1be3ab37ae0801dd523ce952577cda14,counterfactual,,,,,5,1.0,1.0,1.0,1.0
openstack,TP,c08f99c7e072e349632684d565bcac357ce93b6d,counterfactual,,,,,5,1.0,1.0,1.0,1.0
openstack,TN,1a3f2e8f44f0138d0328312e07b1341970c7903a,counterfactual,,,,,5,1.0,1.0,1.0,1.0
openstack,TP,45662d77a2da77714f8e792e86ebd64a52270ef5,counterfactual,,,,,5,1.0,1.0,1.0,1.0
openstack,TP,6f31523b314e7ac4ad83d13842cf2fa1014c39b2,counterfactual,,,,,5,1.0,1.0,1.0,1.0
openstack,FP,410a83c89de9912207574999b3736a550ed253ba,counterfactual,,,,,5,1.0,1.0,1.0,1.0
openstack,FP,4e2919e6b208a2e95d75782f9cad0a6f0892d983,counterfactual,,,,,5,1.0,1.0,1.0,1.0
openstack,FP,558f7b00f56f37adaa68239c9ce95d25b2d65f56,counterfactual,,,,,5,1.0,1.0,1.0,1.0
openstack,TN,70fad48add19cc565726f098e1e7a2165b24cc77,counterfactual,,,,,5,1.0,1.0,1.0,1.0
openstack,TP,76d3c644f3f5866a5c07f80b66132d81b8b57e78,counterfactual,,,,,5,1.0,1.0,1.0,1.0
openstack,FN,2b60912d5667350eae7ecbc67d4dba3658518d10,counterfactual,,,,,5,1.0,1.0,1.0,1.0
openstack,TP,88c62c1ca290c1d2a33ff192a302e492a4b11cb3,counterfactual,,,,,5,1.0,1.0,1.0,1.0
openstack,FP,296da649452f66dd15a15ee4274ab0f8609250e2,counterfactual,,,,,5,1.0,1.0,1.0,1.0
openstack,TP,379cf65d82b11f5e6f8732a585d5373beda85046,counterfactual,,,,,5,1.0,1.0,1.0,1.0
openstack,TN,79a1a113775df87d420b242cea4bbf953df3779c,counterfactual,,,,,5,1.0,1.0,1.0,1.0
openstack,TN,dd444d84759d7b3c17e7c3e97f9565546f9d3df2,counterfactual,,,,,5,1.0,1.0,1.0,1.0
openstack,TN,747373f4bdfe4814000a88e4443b56545d5d55bd,counterfactual,,,,,5,1.0,1.0,1.0,1.0
openstack,FN,763fd62464e9a0753e061171cc1fd826055bbc01,counterfactual,,,,,5,1.0,1.0,1.0,1.0
openstack,FN,267eea50fd9e9c74faa96d529a7ec2fd8aa8d51f,counterfactual,,,,,5,1.0,1.0,1.0,1.0
openstack,TN,978066fe31a5331f143a05e1fd753c729b2dcf09,counterfactual,,,,,5,1.0,1.0,1.0,1.0
openstack,TN,545925c66cb3ee005aa7e497ad4b3c97eb2f410b,counterfactual,,,,,5,1.0,1.0,1.0,1.0
openstack,FN,bc6ca87a6a01ecbda926a78d07cadbd4e3ab97e0,counterfactual,,,,,5,1.0,1.0,1.0,1.0
openstack,FP,280cc7c5ae4b07a9a1e23b8f9cc925be9872c8e1,counterfactual,,,,,5,1.0,1.0,1.0,1.0
openstack,FP,6aecf475dbff9c7d477378c021749b987d47deae,counterfactual,,,,,5,1.0,1.0,1.0,1.0
openstack,FP,baa52224dc73e8ca3bdcbdaa5d62bc26fb38052f,counterfactual,,,,,5,1.0,1.0,1.0,1.0
openstack,TN,d2e40a3e49819dace92975de3e3d7ba3a3fac79d,counterfactual,,,,,5,1.0,1.0,1.0,1.0
openstack,TN,57566f4c8d2929c25e76564883369a7c6eda720a,counterfactual,,,,,5,1.0,1.0,1.0,1.0
openstack,TP,03db94ebaa3fc2c76694fd566e2c9eefbf851a7f,counterfactual,,,,,5,1.0,1.0,1.0,1.0
openstack,FN,703ba3c4e3d0b442c3097b6c844a59e560c09fe8,counterfactual,,,,,5,1.0,1.0,1.0,1.0
openstack,FN,e3df049cad2b7a264acbad4d6baecbc813546e5d,counterfactual,,,,,5,1.0,1.0,1.0,1.0
openstack,FN,d1b3adfbe471ad99ddf0dd2b483b77435c157aea,counterfactual,,,,,5,1.0,1.0,1.0,1.0
openstack,TN,87be408b126e81ded85b03896f9c85f8a8d4ac90,counterfactual,,,,,5,1.0,1.0,1.0,1.0
openstack,TP,22c9cf3d95c3d14351045bac2920b4e0994ec42f,counterfactual,,,,,5,1.0,1.0,1.0,1.0
openstack,TP,092820939d53268152893a15fdaf5129554fbcb3,counterfactual,,,,,5,1.0,1.0,1.0,1.0
openstack,TN,dd13c2784b5aec539197d1b76fafc6a6b38a33e8,counterfactual,,,,,5,1.0,1.0,1.0,1.0
openstack,TP,40eaa89a9001edda3e1146831b26aaf7ded64c4a,counterfactual,,,,,5,1.0,1.0,1.0,1.0
openstack,TN,1e6538d43e76b867776cf226e1d6d6c900412f99,counterfactual,,,,,5,1.0,1.0,1.0,1.0
openstack,FP,70de423255fd01822188bb9082a0c0cc1c8ec2d0,counterfactual,,,,,5,1.0,1.0,1.0,1.0
openstack,TP,56324c12aa58ff9cf46582611b071f3abb743ddf,counterfactual,,,,,5,1.0,1.0,1.0,1.0
openstack,FN,848664f646bf087df59778434daa6feae1e71c74,counterfactual,,,,,5,1.0,1.0,1.0,1.0
openstack,FN,91a8cd2952a25b340f5778cace95910e43cbcbb6,counterfactual,,,,,5,1.0,1.0,1.0,1.0
openstack,FN,d402747547e1a356c6c2c20b57f52af39b63e831,counterfactual,,,,,5,1.0,1.0,1.0,1.0
openstack,TN,348b7a9f7d64094d60ece0460aed02b66c52f1b1,counterfactual,,,,,5,1.0,1.0,1.0,1.0
openstack,FP,2bb9e5563c69f79d5da23668b08dd9c88f9d4348,counterfactual,,,,,5,1.0,1.0,1.0,1.0
openstack,TP,5f2b88b1aafb9a35638e54f796685f633428b6a5,counterfactual,,,,,5,1.0,1.0,1.0,1.0
openstack,FN,017dd6b4bcf92c14d49421268cb571c00879f3cc,counterfactual,,,,,5,1.0,1.0,1.0,1.0
openstack,FP,41d6b479fe8baf66578044b8773c3b892d64a2c4,counterfactual,,,,,5,1.0,1.0,1.0,1.0
openstack,FN,913a99c79456abbfef1642e6dc70e6a4ff4e25db,counterfactual,,,,,5,1.0,1.0,1.0,1.0
openstack,FP,e4ea54104ec38f5fe4c792d4d3d1865de34bb4c3,counterfactual,,,,,5,1.0,1.0,1.0,1.0
openstack,FN,1c6b2fce289b68af92afeddf8d30efcda1903f06,counterfactual,,,,,5,1.0,1.0,1.0,1.0
openstack,FN,8ccdc4ac5053c6e39660044a9f8c1f695370e9a7,counterfactual,,,,,5,1.0,1.0,1.0,1.0
openstack,FP,a985e34cdeef777fe7ff943e363a5f1be6d991b7,counterfactual,,,,,5,1.0,1.0,1.0,1.0
openstack,TP,3b28cb2a10f7746a32cb7f7b62b6fc92ebcfb1e5,counterfactual,,,,,5,1.0,1.0,1.0,1.0
openstack,FN,c2c37272bf788aac63399127cddd487dc0f15c38,counterfactual,,,,,5,1.0,1.0,1.0,1.0
openstack,FN,37510ac03478704bafba89e8c4f4e0e9041d661d,counterfactual,,,,,5,1.0,1.0,1.0,1.0
openstack,TN,5cc9d999352c21d3f4b5c39d3ea9d4378ca86544,counterfactual,,,,,5,1.0,1.0,1.0,1.0
openstack,FP,ce12d7a1e53fffce57baab18de2ab885ba1df8ee,counterfactual,,,,,5,1.0,1.0,1.0,1.0
openstack,FN,221f386029faf499c5a445374685cba5b67df31e,counterfactual,,,,,5,1.0,1.0,1.0,1.0
openstack,FP,3eea37b85b1abc72786a2b24baf01141b4d95f08,counterfactual,,,,,5,1.0,1.0,1.0,1.0
openstack,FN,589c495c1ae62129e20ab5e2641e330541eee01f,counterfactual,,,,,5,1.0,1.0,1.0,1.0
openstack,FP,750e065d6d137715dd03d5c90623145177f64cbb,counterfactual,,,,,5,1.0,1.0,1.0,1.0
openstack,FP,4b53e4edf9f7f8c794316d3a0920d727723d1bab,kernelshap,,,,,5,1.0,0.96,1.0,0.9865731540220068
openstack,TN,467b4e4d419f0ca5db8468516d64ffec5cedc67e,kernelshap,,,,,5,1.0,0.96,1.0,0.9885317956583137
openstack,TP,eaf6340847c35ace3b4b681a95b8a79a7a3f2491,kernelshap,,,,,5,1.0,0.9,1.0,0.9806266227319869
openstack,TP,fd351903a1759109f66d0c66d42cd3a1b7f23861,kernelshap,,,,,5,0.86,1.0,1.0,0.9571828903319496
openstack,FP,2530ccff8f0a0105d1626c65616080b27682e129,kernelshap,,,,,5,1.0,1.0,1.0,0.9852991465016168
openstack,FN,1476b030bd53deddd85468c0d8b545d8f8f30f19,kernelshap,,,,,5,1.0,0.87,1.0,0.9886401049822314
openstack,TP,83a5f90f82b40be4c74685f557d6af0f8a3b1a30,kernelshap,,,,,5,0.92,1.0,1.0,0.9638975286262939
openstack,TP,6f1a1f5e8ead9ceb145e13927cd9ae7fdca9add4,kernelshap,,,,,5,0.8,0.9254166666666667,1.0,0.8765428906741328
openstack,FP,e847eed4a5600b6812338bb4903a0cffcde7f1f3,kernelshap,,,,,5,1.0,0.96,1.0,0.9829818985589915
openstack,TP,e7bdd19f0ed7d4c61d195735ee43a11da78f97d6,kernelshap,,,,,5,1.0,0.9400000000000001,1.0,0.9842516644287388
openstack,TN,936f765b855d7af14ae557383f0dcc6fd9e8655c,kernelshap,,,,,5,1.0,0.96,1.0,0.9898689061625167
openstack,FP,034db863a02ce38a520e4b8aa3a65e1ccdb37f30,kernelshap,,,,,5,0.86,0.98125,1.0,0.9208604839207348
openstack,FN,ab1cb6378f136ae8adcb0027385b43763e402cca,kernelshap,,,,,5,1.0,0.9400000000000001,1.0,0.9909053870447633
openstack,TP,7cfdf4aa811fb708d9fed4e36aec79c26d19cfee,kernelshap,,,,,5,1.0,1.0,1.0,0.9750895045363613
openstack,TP,e55a5f412bf6bc343eb8bb11348afe57c2012066,kernelshap,,,,,5,0.74,0.8854166666666666,1.0,0.8294151499981215
openstack,TN,8b44c9df29572efca928c1d36fa3e7a90e94caa0,kernelshap,,,,,5,0.88,0.9525,1.0,0.9640806965511225
openstack,TN,4d75cbf3c35a8aa917d3970beac99d612f13eed3,kernelshap,,,,,5,1.0,1.0,1.0,0.9910121189434268
openstack,TN,2ecaad46a737c24965ae81fc19947db9264de684,kernelshap,,,,,5,1.0,0.9400000000000001,1.0,0.9905002938841224
openstack,TN,bfb9d3f179607c25f91d77585f97df6d0704c253,kernelshap,,,,,5,1.0,1.0,1.0,0.9913852710299813
openstack,FP,bfcd4b2f1be3ab37ae0801dd523ce952577cda14,kernelshap,,,,,5,1.0,1.0,1.0,0.9889249998807491
openstack,TP,c08f99c7e072e349632684d565bcac357ce93b6d,kernelshap,,,,,5,1.0,1.0,1.0,0.9891683356730895
openstack,TN,1a3f2e8f44f0138d0328312e07b1341970c7903a,kernelshap,,,,,5,1.0,1.0,1.0,0.9866292038726943
openstack,TP,45662d77a2da77714f8e792e86ebd64a52270ef5,kernelshap,,,,,5,1.0,1.0,1.0,0.9919269854943917
openstack,TP,6f31523b314e7ac4ad83d13842cf2fa1014c39b2,kernelshap,,,,,5,0.88,0.93,1.0,0.9522226503357833
openstack,FP,410a83c89de9912207574999b3736a550ed253ba,kernelshap,,,,,5,1.0,0.96,1.0,0.9863794103869992
openstack,FP,4e2919e6b208a2e95d75782f9cad0a6f0892d983,kernelshap,,,,,5,1.0,0.96,1.0,0.9891237921957842
openstack,FP,558f7b00f56f37adaa68239c9ce95d25b2d65f56,kernelshap,,,,,5,0.88,1.0,1.0,0.949201925769307
openstack,TN,70fad48add19cc565726f098e1e7a2165b24cc77,kernelshap,,,,,5,1.0,1.0,1.0,0.9868396439906988
openstack,TP,76d3c644f3f5866a5c07f80b66132d81b8b57e78,kernelshap,,,,,5,0.88,0.95125,1.0,0.9215516778416734
openstack,FN,2b60912d5667350eae7ecbc67d4dba3658518d10,kernelshap,,,,,5,1.0,0.9400000000000001,1.0,0.9931072461027657
openstack,TP,88c62c1ca290c1d2a33ff192a302e492a4b11cb3,kernelshap,,,,,5,0.92,1.0,1.0,0.9705528472736195
openstack,FP,296da649452f66dd15a15ee4274ab0f8609250e2,kernelshap,,,,,5,1.0,0.8500000000000001,1.0,0.979207659824877
openstack,TP,379cf65d82b11f5e6f8732a585d5373beda85046,kernelshap,,,,,5,0.88,1.0,1.0,0.9456987472170488
openstack,TN,79a1a113775df87d420b242cea4bbf953df3779c,kernelshap,,,,,5,1.0,1.0,1.0,0.992710199203596
openstack,TN,dd444d84759d7b3c17e7c3e97f9565546f9d3df2,kernelshap,,,,,5,1.0,0.9400000000000001,1.0,0.9842279355075855
openstack,TN,747373f4bdfe4814000a88e4443b56545d5d55bd,kernelshap,,,,,5,0.92,0.96375,1.0,0.9495937819583744
openstack,FN,763fd62464e9a0753e061171cc1fd826055bbc01,kernelshap,,,,,5,0.8400000000000001,0.95875,1.0,0.9247858099336422
openstack,FN,267eea50fd9e9c74faa96d529a7ec2fd8aa8d51f,kernelshap,,,,,5,1.0,1.0,1.0,0.9943911446214924
openstack,TN,978066fe31a5331f143a05e1fd753c729b2dcf09,kernelshap,,,,,5,1.0,1.0,1.0,0.9909252260363007
openstack,TN,545925c66cb3ee005aa7e497ad4b3c97eb2f410b,kernelshap,,,,,5,1.0,0.9400000000000001,1.0,0.9854494609627741
openstack,FN,bc6ca87a6a01ecbda926a78d07cadbd4e3ab97e0,kernelshap,,,,,5,1.0,1.0,1.0,0.9907198421469446
openstack,FP,280cc7c5ae4b07a9a1e23b8f9cc925be9872c8e1,kernelshap,,,,,5,1.0,0.96,1.0,0.9890970407173151
openstack,FP,6aecf475dbff9c7d477378c021749b987d47deae,kernelshap,,,,,5,0.92,0.9575,1.0,0.9676136813076712
openstack,FP,baa52224dc73e8ca3bdcbdaa5d62bc26fb38052f,kernelshap,,,,,5,0.92,1.0,1.0,0.9638674138807214
openstack,TN,d2e40a3e49819dace92975de3e3d7ba3a3fac79d,kernelshap,,,,,5,1.0,1.0,1.0,0.9858933490825835
openstack,TN,57566f4c8d2929c25e76564883369a7c6eda720a,kernelshap,,,,,5,0.88,1.0,1.0,0.9469512542079865
openstack,TP,03db94ebaa3fc2c76694fd566e2c9eefbf851a7f,kernelshap,,,,,5,0.8400000000000001,0.95,1.0,0.9145345770796339
openstack,FN,703ba3c4e3d0b442c3097b6c844a59e560c09fe8,kernelshap,,,,,5,0.92,0.8825000000000001,1.0,0.9440122249608691
openstack,FN,e3df049cad2b7a264acbad4d6baecbc813546e5d,kernelshap,,,,,5,0.88,0.9325,1.0,0.9146640052479071
openstack,FN,d1b3adfbe471ad99ddf0dd2b483b77435c157aea,kernelshap,,,,,5,0.86,0.89375,1.0,0.9363639683038378
openstack,TN,87be408b126e81ded85b03896f9c85f8a8d4ac90,kernelshap,,,,,5,1.0,1.0,1.0,0.9943676785180321
openstack,TP,22c9cf3d95c3d14351045bac2920b4e0994ec42f,kernelshap,,,,,5,0.86,1.0,1.0,0.9359351842598375
openstack,TP,092820939d53268152893a15fdaf5129554fbcb3,kernelshap,,,,,5,1.0,1.0,1.0,0.9875699343919481
openstack,TN,dd13c2784b5aec539197d1b76fafc6a6b38a33e8,kernelshap,,,,,5,1.0,1.0,1.0,0.9941787817191635
openstack,TP,40eaa89a9001edda3e1146831b26aaf7ded64c4a,kernelshap,,,,,5,1.0,1.0,1.0,0.9913671658148616
openstack,TN,1e6538d43e76b867776cf226e1d6d6c900412f99,kernelshap,,,,,5,1.0,0.96,1.0,0.9880797296940025
openstack,FP,70de423255fd01822188bb9082a0c0cc1c8ec2d0,kernelshap,,,,,5,0.92,0.9325,1.0,0.9460714065189814
openstack,TP,56324c12aa58ff9cf46582611b071f3abb743ddf,kernelshap,,,,,5,0.92,1.0,1.0,0.9610804331635959
openstack,FN,848664f646bf087df59778434daa6feae1e71c74,kernelshap,,,,,5,0.8400000000000001,0.975,1.0,0.8612337828999532
openstack,FN,91a8cd2952a25b340f5778cace95910e43cbcbb6,kernelshap,,,,,5,1.0,1.0,1.0,0.9966640812121313
openstack,FN,d402747547e1a356c6c2c20b57f52af39b63e831,kernelshap,,,,,5,1.0,1.0,1.0,0.9901137824462163
openstack,TN,348b7a9f7d64094d60ece0460aed02b66c52f1b1,kernelshap,,,,,5,0.8400000000000001,0.975,1.0,0.9577188744232652
openstack,FP,2bb9e5563c69f79d5da23668b08dd9c88f9d4348,kernelshap,,,,,5,1.0,1.0,1.0,0.9842521312555188
openstack,TP,5f2b88b1aafb9a35638e54f796685f633428b6a5,kernelshap,,,,,5,0.92,0.92125,1.0,0.9609680359661384
openstack,FN,017dd6b4bcf92c14d49421268cb571c00879f3cc,kernelshap,,,,,5,1.0,0.9400000000000001,1.0,0.9947032073974118
openstack,FP,41d6b479fe8baf66578044b8773c3b892d64a2c4,kernelshap,,,,,5,0.8200000000000001,0.89625,1.0,0.8427100427510537
openstack,FN,913a99c79456abbfef1642e6dc70e6a4ff4e25db,kernelshap,,,,,5,1.0,1.0,1.0,0.9938185243156908
openstack,FP,e4ea54104ec38f5fe4c792d4d3d1865de34bb4c3,kernelshap,,,,,5,1.0,1.0,1.0,0.9848584561661995
openstack,FN,1c6b2fce289b68af92afeddf8d30efcda1903f06,kernelshap,,,,,5,0.88,1.0,1.0,0.9645609999191812
openstack,FN,8ccdc4ac5053c6e39660044a9f8c1f695370e9a7,kernelshap,,,,,5,1.0,1.0,1.0,0.9946137858885313
openstack,FP,a985e34cdeef777fe7ff943e363a5f1be6d991b7,kernelshap,,,,,5,0.92,1.0,1.0,0.9507653059048514
openstack,TP,3b28cb2a10f7746a32cb7f7b62b6fc92ebcfb1e5,kernelshap,,,,,5,0.88,0.925,1.0,0.9104729309980569
openstack,FN,c2c37272bf788aac63399127cddd487dc0f15c38,kernelshap,,,,,5,0.88,0.865,1.0,0.8851652515058067
openstack,FN,37510ac03478704bafba89e8c4f4e0e9041d661d,kernelshap,,,,,5,1.0,1.0,1.0,0.9862941964844634
openstack,TN,5cc9d999352c21d3f4b5c39d3ea9d4378ca86544,kernelshap,,,,,5,1.0,1.0,1.0,0.9927117862581507
openstack,FP,ce12d7a1e53fffce57baab18de2ab885ba1df8ee,kernelshap,,,,,5,1.0,1.0,1.0,0.9932533659424999
openstack,FN,221f386029faf499c5a445374685cba5b67df31e,kernelshap,,,,,5,1.0,1.0,1.0,0.9950039863222967
openstack,FP,3eea37b85b1abc72786a2b24baf01141b4d95f08,kernelshap,,,,,5,0.86,0.9425,1.0,0.903641785010633
openstack,FN,589c495c1ae62129e20ab5e2641e330541eee01f,kernelshap,,,,,5,1.0,0.96,1.0,0.9946471125638526
openstack,FP,750e065d6d137715dd03d5c90623145177f64cbb,kernelshap,,,,,5,0.8,0.98125,1.0,0.9465389069179492
openstack,FP,4b53e4edf9f7f8c794316d3a0920d727723d1bab,lime,,,,,5,0.8,0.97125,1.0,0.9098756794127878
openstack,TN,467b4e4d419f0ca5db8468516d64ffec5cedc67e,lime,,,,,5,1.0,0.9,1.0,0.977219991691444
openstack,TP,eaf6340847c35ace3b4b681a95b8a79a7a3f2491,lime,,,,,5,0.92,0.935,1.0,0.9390166762259315
openstack,TP,fd351903a1759109f66d0c66d42cd3a1b7f23861,lime,,,,,5,0.92,0.9575,1.0,0.955930855633945
openstack,FP,2530ccff8f0a0105d1626c65616080b27682e129,lime,,,,,5,0.88,0.9675,1.0,0.9281077009432059
openstack,FN,1476b030bd53deddd85468c0d8b545d8f8f30f19,lime,,,,,5,0.92,0.9325,1.0,0.9501958780482328
openstack,TP,83a5f90f82b40be4c74685f557d6af0f8a3b1a30,lime,,,,,5,0.88,0.97125,1.0,0.9411071255871312
openstack,TP,6f1a1f5e8ead9ceb145e13927cd9ae7fdca9add4,lime,,,,,5,0.86,0.8475,1.0,0.8742996566542923
openstack,FP,e847eed4a5600b6812338bb4903a0cffcde7f1f3,lime,,,,,5,1.0,0.89,1.0,0.9804723930591159
openstack,TP,e7bdd19f0ed7d4c61d195735ee43a11da78f97d6,lime,,,,,5,0.88,0.9325,1.0,0.9350191199549227
openstack,TN,936f765b855d7af14ae557383f0dcc6fd9e8655c,lime,,,,,5,0.86,0.96125,1.0,0.9302453074531001
openstack,FP,034db863a02ce38a520e4b8aa3a65e1ccdb37f30,lime,,,,,5,0.88,0.9675,1.0,0.9404637990485349
openstack,FN,ab1cb6378f136ae8adcb0027385b43763e402cca,lime,,,,,5,0.92,0.9475,1.0,0.9459473320062499
openstack,TP,7cfdf4aa811fb708d9fed4e36aec79c26d19cfee,lime,,,,,5,0.46,0.8416666666666667,1.0,0.28960614481275204
openstack,TP,e55a5f412bf6bc343eb8bb11348afe57c2012066,lime,,,,,5,0.92,0.915,1.0,0.9509570279816801
openstack,TN,8b44c9df29572efca928c1d36fa3e7a90e94caa0,lime,,,,,5,1.0,0.96,1.0,0.9835436631522174
openstack,TN,4d75cbf3c35a8aa917d3970beac99d612f13eed3,lime,,,,,5,1.0,0.96,1.0,0.9820921287488242
openstack,TN,2ecaad46a737c24965ae81fc19947db9264de684,lime,,,,,5,0.92,0.91125,1.0,0.9477912599266862
openstack,TN,bfb9d3f179607c25f91d77585f97df6d0704c253,lime,,,,,5,1.0,0.9,1.0,0.983834321802579
openstack,FP,bfcd4b2f1be3ab37ae0801dd523ce952577cda14,lime,,,,,5,0.92,0.9475,1.0,0.9539682377834671
openstack,TP,c08f99c7e072e349632684d565bcac357ce93b6d,lime,,,,,5,0.92,0.9475,1.0,0.9454917938286144
openstack,TN,1a3f2e8f44f0138d0328312e07b1341970c7903a,lime,,,,,5,0.92,1.0,1.0,0.9358622981204577
openstack,TP,45662d77a2da77714f8e792e86ebd64a52270ef5,lime,,,,,5,0.88,0.935,1.0,0.9342176818673185
openstack,TP,6f31523b314e7ac4ad83d13842cf2fa1014c39b2,lime,,,,,5,1.0,0.96,1.0,0.982395351775901
openstack,FP,410a83c89de9912207574999b3736a550ed253ba,lime,,,,,5,0.88,1.0,1.0,0.9354830782602206
openstack,FP,4e2919e6b208a2e95d75782f9cad0a6f0892d983,lime,,,,,5,0.88,0.95125,1.0,0.9411313834904567
openstack,FP,558f7b00f56f37adaa68239c9ce95d25b2d65f56,lime,,,,,5,0.92,0.92125,1.0,0.9524475344694083
openstack,TN,70fad48add19cc565726f098e1e7a2165b24cc77,lime,,,,,5,0.88,0.9225,1.0,0.9346379738159493
openstack,TP,76d3c644f3f5866a5c07f80b66132d81b8b57e78,lime,,,,,5,0.92,0.96375,1.0,0.9489216512945752
openstack,FN,2b60912d5667350eae7ecbc67d4dba3658518d10,lime,,,,,5,1.0,0.9,1.0,0.9811941678679378
openstack,TP,88c62c1ca290c1d2a33ff192a302e492a4b11cb3,lime,,,,,5,0.92,0.96375,1.0,0.9546105309532479
openstack,FP,296da649452f66dd15a15ee4274ab0f8609250e2,lime,,,,,5,1.0,0.9400000000000001,1.0,0.9810707039220655
openstack,TP,379cf65d82b11f5e6f8732a585d5373beda85046,lime,,,,,5,0.88,0.9,1.0,0.9310757521841632
openstack,TN,79a1a113775df87d420b242cea4bbf953df3779c,lime,,,,,5,0.92,0.87875,1.0,0.9564052781833867
openstack,TN,dd444d84759d7b3c17e7c3e97f9565546f9d3df2,lime,,,,,5,1.0,0.88,1.0,0.9770093173976035
openstack,TN,747373f4bdfe4814000a88e4443b56545d5d55bd,lime,,,,,5,0.92,0.935,1.0,0.9528557201791643
openstack,FN,763fd62464e9a0753e061171cc1fd826055bbc01,lime,,,,,5,0.8400000000000001,0.9875,1.0,0.9025694925897795
openstack,FN,267eea50fd9e9c74faa96d529a7ec2fd8aa8d51f,lime,,,,,5,0.8,0.9416666666666667,1.0,0.9090334243806784
openstack,TN,978066fe31a5331f143a05e1fd753c729b2dcf09,lime,,,,,5,1.0,0.9400000000000001,1.0,0.9821287263840842
openstack,TN,545925c66cb3ee005aa7e497ad4b3c97eb2f410b,lime,,,,,5,0.88,0.9525,1.0,0.9452468502321626
openstack,FN,bc6ca87a6a01ecbda926a78d07cadbd4e3ab97e0,lime,,,,,5,0.86,0.875,1.0,0.9230099310530019
openstack,FP,280cc7c5ae4b07a9a1e23b8f9cc925be9872c8e1,lime,,,,,5,0.92,0.95125,1.0,0.9489874345382323
openstack,FP,6aecf475dbff9c7d477378c021749b987d47deae,lime,,,,,5,0.86,0.96125,1.0,0.9370628440058655
openstack,FP,baa52224dc73e8ca3bdcbdaa5d62bc26fb38052f,lime,,,,,5,1.0,0.96,1.0,0.9806896329103955
openstack,TN,d2e40a3e49819dace92975de3e3d7ba3a3fac79d,lime,,,,,5,0.86,0.96125,1.0,0.935853377287859
openstack,TN,57566f4c8d2929c25e76564883369a7c6eda720a,lime,,,,,5,0.92,0.935,1.0,0.9574034587257906
openstack,TP,03db94ebaa3fc2c76694fd566e2c9eefbf851a7f,lime,,,,,5,1.0,1.0,1.0,0.9785696755765476
openstack,FN,703ba3c4e3d0b442c3097b6c844a59e560c09fe8,lime,,,,,5,1.0,0.9400000000000001,1.0,0.9820537300060711
openstack,FN,e3df049cad2b7a264acbad4d6baecbc813546e5d,lime,,,,,5,0.92,0.90125,1.0,0.9502924165104791
openstack,FN,d1b3adfbe471ad99ddf0dd2b483b77435c157aea,lime,,,,,5,1.0,0.88,1.0,0.9784610703520622
openstack,TN,87be408b126e81ded85b03896f9c85f8a8d4ac90,lime,,,,,5,0.92,0.91125,1.0,0.9449248874897062
openstack,TP,22c9cf3d95c3d14351045bac2920b4e0994ec42f,lime,,,,,5,1.0,0.92,1.0,0.9744688311438203
openstack,TP,092820939d53268152893a15fdaf5129554fbcb3,lime,,,,,5,1.0,1.0,1.0,0.9656637611288847
openstack,TN,dd13c2784b5aec539197d1b76fafc6a6b38a33e8,lime,,,,,5,1.0,0.9400000000000001,1.0,0.9840252915562452
openstack,TP,40eaa89a9001edda3e1146831b26aaf7ded64c4a,lime,,,,,5,1.0,0.9400000000000001,1.0,0.9809262974248729
openstack,TN,1e6538d43e76b867776cf226e1d6d6c900412f99,lime,,,,,5,0.86,0.91125,1.0,0.9308424563338559
openstack,FP,70de423255fd01822188bb9082a0c0cc1c8ec2d0,lime,,,,,5,0.88,0.9075,1.0,0.9216824977468485
openstack,TP,56324c12aa58ff9cf46582611b071f3abb743ddf,lime,,,,,5,0.86,0.89125,1.0,0.930582258726492
openstack,FN,848664f646bf087df59778434daa6feae1e71c74,lime,,,,,5,0.92,0.9137500000000001,1.0,0.9511175226288799
openstack,FN,91a8cd2952a25b340f5778cace95910e43cbcbb6,lime,,,,,5,0.8400000000000001,0.9275,1.0,0.912464630753568
openstack,FN,d402747547e1a356c6c2c20b57f52af39b63e831,lime,,,,,5,0.86,0.9225,1.0,0.9328693134132756
openstack,TN,348b7a9f7d64094d60ece0460aed02b66c52f1b1,lime,,,,,5,0.78,0.97125,1.0,0.90589666382055
openstack,FP,2bb9e5563c69f79d5da23668b08dd9c88f9d4348,lime,,,,,5,1.0,0.92,1.0,0.982397665699646
openstack,TP,5f2b88b1aafb9a35638e54f796685f633428b6a5,lime,,,,,5,0.8400000000000001,1.0,1.0,0.9325618344392228
openstack,FN,017dd6b4bcf92c14d49421268cb571c00879f3cc,lime,,,,,5,0.92,0.95125,1.0,0.9522245871796745
openstack,FP,41d6b479fe8baf66578044b8773c3b892d64a2c4,lime,,,,,5,0.88,0.9675,1.0,0.9430156435007985
openstack,FN,913a99c79456abbfef1642e6dc70e6a4ff4e25db,lime,,,,,5,1.0,0.9400000000000001,1.0,0.9741935344218191
openstack,FP,e4ea54104ec38f5fe4c792d4d3d1865de34bb4c3,lime,,,,,5,0.88,0.955,1.0,0.9410102237485071
openstack,FN,1c6b2fce289b68af92afeddf8d30efcda1903f06,lime,,,,,5,0.8,0.975,1.0,0.919090914592378
openstack,FN,8ccdc4ac5053c6e39660044a9f8c1f695370e9a7,lime,,,,,5,0.92,0.9087500000000001,1.0,0.9476276036409425
openstack,FP,a985e34cdeef777fe7ff943e363a5f1be6d991b7,lime,,,,,5,0.8400000000000001,0.97125,1.0,0.9238116671393243
openstack,TP,3b28cb2a10f7746a32cb7f7b62b6fc92ebcfb1e5,lime,,,,,5,1.0,0.96,1.0,0.9623186776068837
openstack,FN,c2c37272bf788aac63399127cddd487dc0f15c38,lime,,,,,5,0.88,0.92,1.0,0.944735317414805
openstack,FN,37510ac03478704bafba89e8c4f4e0e9041d661d,lime,,,,,5,0.86,0.96125,1.0,0.9241119271091764
openstack,TN,5cc9d999352c21d3f4b5c39d3ea9d4378ca86544,lime,,,,,5,0.92,1.0,1.0,0.9529852427439184
openstack,FP,ce12d7a1e53fffce57baab18de2ab885ba1df8ee,lime,,,,,5,0.92,0.9325,1.0,0.9467130403983112
openstack,FN,221f386029faf499c5a445374685cba5b67df31e,lime,,,,,5,1.0,0.9400000000000001,1.0,0.978215139531066
openstack,FP,3eea37b85b1abc72786a2b24baf01141b4d95f08,lime,,,,,5,0.92,0.95125,1.0,0.9487516671847565
openstack,FN,589c495c1ae62129e20ab5e2641e330541eee01f,lime,,,,,5,1.0,0.9400000000000001,1.0,0.9764297069761725
openstack,FP,750e065d6d137715dd03d5c90623145177f64cbb,lime,,,,,5,0.92,0.895,1.0,0.9520820481528561
openstack,FP,4b53e4edf9f7f8c794316d3a0920d727723d1bab,lofo,,,,,5,1.0,1.0,1.0,1.0
openstack,TN,467b4e4d419f0ca5db8468516d64ffec5cedc67e,lofo,,,,,5,1.0,1.0,1.0,1.0
openstack,TP,eaf6340847c35ace3b4b681a95b8a79a7a3f2491,lofo,,,,,5,1.0,1.0,1.0,1.0
openstack,TP,fd351903a1759109f66d0c66d42cd3a1b7f23861,lofo,,,,,5,1.0,1.0,1.0,1.0
openstack,FP,2530ccff8f0a0105d1626c65616080b27682e129,lofo,,,,,5,1.0,1.0,1.0,1.0
openstack,FN,1476b030bd53deddd85468c0d8b545d8f8f30f19,lofo,,,,,5,1.0,1.0,1.0,1.0
openstack,TP,83a5f90f82b40be4c74685f557d6af0f8a3b1a30,lofo,,,,,5,1.0,1.0,1.0,1.0
openstack,TP,6f1a1f5e8ead9ceb145e13927cd9ae7fdca9add4,lofo,,,,,5,1.0,1.0,1.0,1.0
openstack,FP,e847eed4a5600b6812338bb4903a0cffcde7f1f3,lofo,,,,,5,1.0,1.0,1.0,1.0
openstack,TP,e7bdd19f0ed7d4c61d195735ee43a11da78f97d6,lofo,,,,,5,1.0,1.0,1.0,1.0
openstack,TN,936f765b855d7af14ae557383f0dcc6fd9e8655c,lofo,,,,,5,1.0,1.0,1.0,1.0
openstack,FP,034db863a02ce38a520e4b8aa3a65e1ccdb37f30,lofo,,,,,5,1.0,1.0,1.0,1.0
openstack,FN,ab1cb6378f136ae8adcb0027385b43763e402cca,lofo,,,,,5,1.0,1.0,1.0,1.0
openstack,TP,7cfdf4aa811fb708d9fed4e36aec79c26d19cfee,lofo,,,,,5,1.0,1.0,1.0,1.0
openstack,TP,e55a5f412bf6bc343eb8bb11348afe57c2012066,lofo,,,,,5,1.0,1.0,1.0,1.0
openstack,TN,8b44c9df29572efca928c1d36fa3e7a90e94caa0,lofo,,,,,5,1.0,1.0,1.0,1.0
openstack,TN,4d75cbf3c35a8aa917d3970beac99d612f13eed3,lofo,,,,,5,1.0,1.0,1.0,1.0
openstack,TN,2ecaad46a737c24965ae81fc19947db9264de684,lofo,,,,,5,1.0,1.0,1.0,1.0
openstack,TN,bfb9d3f179607c25f91d77585f97df6d0704c253,lofo,,,,,5,1.0,1.0,1.0,1.0
openstack,FP,bfcd4b2f1be3ab37ae0801dd523ce952577cda14,lofo,,,,,5,1.0,1.0,1.0,1.0
openstack,TP,c08f99c7e072e349632684d565bcac357ce93b6d,lofo,,,,,5,1.0,1.0,1.0,1.0
openstack,TN,1a3f2e8f44f0138d0328312e07b1341970c7903a,lofo,,,,,5,1.0,1.0,1.0,1.0
openstack,TP,45662d77a2da77714f8e792e86ebd64a52270ef5,lofo,,,,,5,1.0,1.0,1.0,1.0
openstack,TP,6f31523b314e7ac4ad83d13842cf2fa1014c39b2,lofo,,,,,5,1.0,1.0,1.0,1.0
openstack,FP,410a83c89de9912207574999b3736a550ed253ba,lofo,,,,,5,1.0,1.0,1.0,1.0
openstack,FP,4e2919e6b208a2e95d75782f9cad0a6f0892d983,lofo,,,,,5,1.0,1.0,1.0,1.0
openstack,FP,558f7b00f56f37adaa68239c9ce95d25b2d65f56,lofo,,,,,5,1.0,1.0,1.0,1.0
openstack,TN,70fad48add19cc565726f098e1e7a2165b24cc77,lofo,,,,,5,1.0,1.0,1.0,1.0
openstack,TP,76d3c644f3f5866a5c07f80b66132d81b8b57e78,lofo,,,,,5,1.0,1.0,1.0,1.0
openstack,FN,2b60912d5667350eae7ecbc67d4dba3658518d10,lofo,,,,,5,1.0,1.0,1.0,1.0
openstack,TP,88c62c1ca290c1d2a33ff192a302e492a4b11cb3,lofo,,,,,5,1.0,1.0,1.0,1.0
openstack,FP,296da649452f66dd15a15ee4274ab0f8609250e2,lofo,,,,,5,1.0,1.0,1.0,1.0
openstack,TP,379cf65d82b11f5e6f8732a585d5373beda85046,lofo,,,,,5,1.0,1.0,1.0,1.0
openstack,TN,79a1a113775df87d420b242cea4bbf953df3779c,lofo,,,,,5,1.0,1.0,1.0,1.0
openstack,TN,dd444d84759d7b3c17e7c3e97f9565546f9d3df2,lofo,,,,,5,1.0,1.0,1.0,1.0
openstack,TN,747373f4bdfe4814000a88e4443b56545d5d55bd,lofo,,,,,5,1.0,1.0,1.0,1.0
openstack,FN,763fd62464e9a0753e061171cc1fd826055bbc01,lofo,,,,,5,1.0,1.0,1.0,1.0
openstack,FN,267eea50fd9e9c74faa96d529a7ec2fd8aa8d51f,lofo,,,,,5,1.0,1.0,1.0,1.0
openstack,TN,978066fe31a5331f143a05e1fd753c729b2dcf09,lofo,,,,,5,1.0,1.0,1.0,1.0
openstack,TN,545925c66cb3ee005aa7e497ad4b3c97eb2f410b,lofo,,,,,5,1.0,1.0,1.0,1.0
openstack,FN,bc6ca87a6a01ecbda926a78d07cadbd4e3ab97e0,lofo,,,,,5,1.0,1.0,1.0,1.0
openstack,FP,280cc7c5ae4b07a9a1e23b8f9cc925be9872c8e1,lofo,,,,,5,1.0,1.0,1.0,1.0
openstack,FP,6aecf475dbff9c7d477378c021749b987d47deae,lofo,,,,,5,1.0,1.0,1.0,1.0
openstack,FP,baa52224dc73e8ca3bdcbdaa5d62bc26fb38052f,lofo,,,,,5,1.0,1.0,1.0,1.0
openstack,TN,d2e40a3e49819dace92975de3e3d7ba3a3fac79d,lofo,,,,,5,1.0,1.0,1.0,1.0
openstack,TN,57566f4c8d2929c25e76564883369a7c6eda720a,lofo,,,,,5,1.0,1.0,1.0,1.0
openstack,TP,03db94ebaa3fc2c76694fd566e2c9eefbf851a7f,lofo,,,,,5,1.0,1.0,1.0,1.0
openstack,FN,703ba3c4e3d0b442c3097b6c844a59e560c09fe8,lofo,,,,,5,1.0,1.0,1.0,1.0
openstack,FN,e3df049cad2b7a264acbad4d6baecbc813546e5d,lofo,,,,,5,1.0,1.0,1.0,1.0
openstack,FN,d1b3adfbe471ad99ddf0dd2b483b77435c157aea,lofo,,,,,5,1.0,1.0,1.0,1.0
openstack,TN,87be408b126e81ded85b03896f9c85f8a8d4ac90,lofo,,,,,5,1.0,1.0,1.0,1.0
openstack,TP,22c9cf3d95c3d14351045bac2920b4e0994ec42f,lofo,,,,,5,1.0,1.0,1.0,1.0
openstack,TP,092820939d53268152893a15fdaf5129554fbcb3,lofo,,,,,5,1.0,1.0,1.0,1.0
openstack,TN,dd13c2784b5aec539197d1b76fafc6a6b38a33e8,lofo,,,,,5,1.0,1.0,1.0,1.0
openstack,TP,40eaa89a9001edda3e1146831b26aaf7ded64c4a,lofo,,,,,5,1.0,1.0,1.0,1.0
openstack,TN,1e6538d43e76b867776cf226e1d6d6c900412f99,lofo,,,,,5,1.0,1.0,1.0,1.0
openstack,FP,70de423255fd01822188bb9082a0c0cc1c8ec2d0,lofo,,,,,5,1.0,1.0,1.0,1.0
openstack,TP,56324c12aa58ff9cf46582611b071f3abb743ddf,lofo,,,,,5,1.0,1.0,1.0,1.0
openstack,FN,848664f646bf087df59778434daa6feae1e71c74,lofo,,,,,5,1.0,1.0,1.0,1.0
openstack,FN,91a8cd2952a25b340f5778cace95910e43cbcbb6,lofo,,,,,5,1.0,1.0,1.0,1.0
openstack,FN,d402747547e1a356c6c2c20b57f52af39b63e831,lofo,,,,,5,1.0,1.0,1.0,1.0
openstack,TN,348b7a9f7d64094d60ece0460aed02b66c52f1b1,lofo,,,,,5,1.0,1.0,1.0,1.0
openstack,FP,2bb9e5563c69f79d5da23668b08dd9c88f9d4348,lofo,,,,,5,1.0,1.0,1.0,1.0
openstack,TP,5f2b88b1aafb9a35638e54f796685f633428b6a5,lofo,,,,,5,1.0,1.0,1.0,1.0
openstack,FN,017dd6b4bcf92c14d49421268cb571c00879f3cc,lofo,,,,,5,1.0,1.0,1.0,1.0
openstack,FP,41d6b479fe8baf66578044b8773c3b892d64a2c4,lofo,,,,,5,1.0,1.0,1.0,1.0
openstack,FN,913a99c79456abbfef1642e6dc70e6a4ff4e25db,lofo,,,,,5,1.0,1.0,1.0,1.0
openstack,FP,e4ea54104ec38f5fe4c792d4d3d1865de34bb4c3,lofo,,,,,5,1.0,1.0,1.0,1.0
openstack,FN,1c6b2fce289b68af92afeddf8d30efcda1903f06,lofo,,,,,5,1.0,1.0,1.0,1.0
openstack,FN,8ccdc4ac5053c6e39660044a9f8c1f695370e9a7,lofo,,,,,5,1.0,1.0,1.0,1.0
openstack,FP,a985e34cdeef777fe7ff943e363a5f1be6d991b7,lofo,,,,,5,1.0,1.0,1.0,1.0
openstack,TP,3b28cb2a10f7746a32cb7f7b62b6fc92ebcfb1e5,lofo,,,,,5,1.0,1.0,1.0,1.0
openstack,FN,c2c37272bf788aac63399127cddd487dc0f15c38,lofo,,,,,5,1.0,1.0,1.0,1.0
openstack,FN,37510ac03478704bafba89e8c4f4e0e9041d661d,lofo,,,,,5,1.0,1.0,1.0,1.0
openstack,TN,5cc9d999352c21d3f4b5c39d3ea9d4378ca86544,lofo,,,,,5,1.0,1.0,1.0,1.0
openstack,FP,ce12d7a1e53fffce57baab18de2ab885ba1df8ee,lofo,,,,,5,1.0,1.0,1.0,1.0
openstack,FN,221f386029faf499c5a445374685cba5b67df31e,lofo,,,,,5,1.0,1.0,1.0,1.0
openstack,FP,3eea37b85b1abc72786a2b24baf01141b4d95f08,lofo,,,,,5,1.0,1.0,1.0,1.0
openstack,FN,589c495c1ae62129e20ab5e2641e330541eee01f,lofo,,,,,5,1.0,1.0,1.0,1.0
openstack,FP,750e065d6d137715dd03d5c90623145177f64cbb,lofo,,,,,5,1.0,1.0,1.0,1.0
qt,FP,3d3ce2afe1937531f5fdc2af56697e93133e6d98,counterfactual,,,,,5,1.0,1.0,1.0,1.0
qt,TN,eb5994df1307b2e17e729374e1f7ab1c8fe82750,counterfactual,,,,,5,1.0,1.0,1.0,0.9999999999999999
qt,FN,2ad213cc02094e003802530757fa4010720a22e6,counterfactual,,,,,5,1.0,1.0,1.0,0.9999999999999998
qt,TP,256bbc4f139036a780a63b80af8bb461a77d333a,counterfactual,,,,,5,1.0,1.0,1.0,1.0
qt,TP,ae292be8690109940fdd9862321b2389a0957404,counterfactual,,,,,5,1.0,1.0,1.0,1.0
qt,FN,3786411f7f8770f28ba2a97cb646a0eb7a5eaa99,counterfactual,,,,,5,1.0,1.0,1.0,0.9999999999999999
qt,FP,8835c0376befd009702b9a17c506639e31c842b9,counterfactual,,,,,5,1.0,1.0,1.0,1.0
qt,FN,9e99dba4a22bbf212b3e6d1e2607a16dbbd04d90,counterfactual,,,,,5,1.0,1.0,1.0,1.0
qt,FN,f506e01665c9bf689887ccf057a03588829efeea,counterfactual,,,,,5,1.0,1.0,1.0,0.9999999999999999
qt,TP,fa7626713b3a943609453459190e16c49d61dfd3,counterfactual,,,,,5,1.0,1.0,1.0,0.9999999999999999
qt,FP,093064fdeb6e777d2dc88dbb4f4adb8fddac3aa5,counterfactual,,,,,5,1.0,1.0,1.0,1.0
qt,TP,da8ace713a19d2a8c9831ddf50d17607bc4856cc,counterfactual,,,,,5,1.0,1.0,1.0,1.0
qt,FP,08cfd02312d21391c956b8bf50ab7d6caa0d8082,counterfactual,,,,,5,1.0,1.0,1.0,1.0
qt,FP,a02b371eb2f34bf198c95cf0caa1fbad639f96bb,counterfactual,,,,,5,1.0,1.0,1.0,1.0
qt,TN,5cb54cb5ebae99fab121061e25e26eec3056203a,counterfactual,,,,,5,1.0,1.0,1.0,1.0
qt,TN,9a50333dd03969abb3f09c0f90dcb4afd048e47a,counterfactual,,,,,5,1.0,1.0,1.0,1.0
qt,FN,18f7e6dc9f59159b70cb7e6a8745738f42d4f46f,counterfactual,,,,,5,1.0,1.0,1.0,0.9999999999999999
qt,TP,d31304eab9e7424edc20fb83a8a19cd979458029,counterfactual,,,,,5,1.0,1.0,1.0,1.0
qt,TN,bd79c331f14e6cfab9e0b5815404c8194526e8f1,counterfactual,,,,,5,1.0,1.0,1.0,0.9999999999999998
qt,TN,67ee72f3145fd14b36af408918ed3420504d3035,counterfactual,,,,,5,1.0,1.0,1.0,0.9999999999999999
qt,FN,67ced4791ddabebfa19a2f101aa292b5eba60b90,counterfactual,,,,,5,1.0,1.0,1.0,1.0
qt,FP,86d91d2bf8e7ac7a75f88f0e4886140abc06fd4c,counterfactual,,,,,5,1.0,1.0,1.0,1.0
qt,TN,121cdbdd30de1bee58e349859409dd08865c17f5,counterfactual,,,,,5,1.0,1.0,1.0,0.9999999999999998
qt,TP,9bd30943bae136d28d42b9a9188a8586c963d461,counterfactual,,,,,5,1.0,1.0,1.0,1.0
qt,FN,ac48071b185d17022d48c6379a2549ac2736cb8c,counterfactual,,,,,5,1.0,1.0,1.0,0.9999999999999999
qt,TN,fc2f0fb39008f95133f6fd24662fe92195431808,counterfactual,,,,,5,1.0,1.0,1.0,0.9999999999999999
qt,FP,41ae544c40e0568bd627a992a23b8c8f8f5cc27d,counterfactual,,,,,5,1.0,1.0,1.0,1.0
qt,FN,895cb4681ee78caaf9b99c88390a74ff1d79ae61,counterfactual,,,,,5,1.0,1.0,1.0,0.9999999999999998
qt,TP,dfda6f14b3e210a33b71ef1c6fa3c75a9c866cce,counterfactual,,,,,5,1.0,1.0,1.0,0.9999999999999999
qt,TN,9b3d91237bf38492fd97457624d4cb5cd486bd56,counterfactual,,,,,5,1.0,1.0,1.0,0.9999999999999999
qt,TN,2831fa76655c614ed3df0816401514950e79b5e6,counterfactual,,,,,5,1.0,1.0,1.0,0.9999999999999998
qt,FN,d8782b0cc680f09d605133bd37a44d290894c01e,counterfactual,,,,,5,1.0,1.0,1.0,0.9999999999999999
qt,TP,5dd76ba31c3c7cb9c0d9d97cd62f0d2f535a23f7,counterfactual,,,,,5,1.0,1.0,1.0,1.0
qt,FP,237c867a002c8035aac7ff8a870da717eb7b0878,counterfactual,,,,,5,1.0,1.0,1.0,1.0
qt,TN,f3ca13f3d12f52c60f4cd41d0b336c24a8d3359d,counterfactual,,,,,5,1.0,1.0,1.0,1.0
qt,TP,267edbec198a0cedbf7bed4c3c5fa93c1dbc86bd,counterfactual,,,,,5,1.0,1.0,1.0,1.0
qt,TN,e3b7957d6552e88aa23bd0ecc474db5f14981707,counterfactual,,,,,5,1.0,1.0,1.0,0.9999999999999998
qt,FP,571b11d41c9dadd5ef11e4e954c16c5ca39d718e,counterfactual,,,,,5,1.0,1.0,1.0,1.0
qt,FN,8cf186cc7c56144b02d5b40d8f4832ff3021e68a,counterfactual,,,,,5,1.0,1.0,1.0,1.0
qt,FP,02b7ec05d5713aec67577cebc18e5906b5a98598,counterfactual,,,,,5,1.0,1.0,1.0,1.0
qt,TN,88a8deea86fe69448ca1586c2ee567a53dee1008,counterfactual,,,,,5,1.0,1.0,1.0,1.0
qt,FP,1af927976ac953f922e35d71a16a32d328bb2efd,counterfactual,,,,,5,1.0,1.0,1.0,1.0
qt,FN,eaa54a8f9884652513c7c3ab489f31ff1e5d712c,counterfactual,,,,,5,1.0,1.0,1.0,0.9999999999999999
qt,TP,9d23aebb271ea534a66cb3aceb2e63d9a1c870d6,counterfactual,,,,,5,1.0,1.0,1.0,0.9999999999999999
qt,FN,4e3917587b11432d2d892f5146b367de2a3e4864,counterfactual,,,,,5,1.0,1.0,1.0,0.9999999999999998
qt,TN,bcf1167ccb52341d72e6e2921077d2244803ee8d,counterfactual,,,,,5,1.0,1.0,1.0,0.9999999999999999
qt,TN,3e379bcc799edb6a78bc8cea093a278dbe32f33c,counterfactual,,,,,5,1.0,1.0,1.0,0.9999999999999998
qt,TN,4ebc2cf74e557b65a8ce1dc518ca92f399ce89e8,counterfactual,,,,,5,1.0,1.0,1.0,0.9999999999999999
qt,FN,7e298e2f2ceeee1a2d1a81238ca019d9a0c9519f,counterfactual,,,,,5,1.0,1.0,1.0,1.0
qt,FN,93dabeba9dc5f6cbab60e65b3cc8df5fe48745a9,counterfactual,,,,,5,1.0,1.0,1.0,0.9999999999999999
qt,TN,0234e5c96417f451f8de279b8ff92734836badd4,counterfactual,,,,,5,1.0,1.0,1.0,1.0
qt,FP,eb93d7b51773b43e6a3e41961898a6033bcd9479,counterfactual,,,,,5,1.0,1.0,1.0,1.0
qt,FN,e6d17c8691bfafa033b82a4d81a9caf4a2fd1b85,counterfactual,,,,,5,1.0,1.0,1.0,0.9999999999999994
qt,FN,5303225aef739c534714c1ac1d4dd096f0cc38d0,counterfactual,,,,,5,1.0,1.0,1.0,0.9999999999999998
qt,FN,a69edf01cb0a2a06282dc7b89724ffa542f6546d,counterfactual,,,,,5,1.0,1.0,1.0,1.0
qt,FP,e58fdbaeb033a801ac7b5dd1f63657b36d6e1305,counterfactual,,,,,5,1.0,1.0,1.0,1.0
qt,TP,d3393ce25833c0afd7f0fa6b85fd6f3bd7ad520a,counterfactual,,,,,5,1.0,1.0,1.0,0.9999999999999999
qt,FN,6486a4bd196ca2bf0047ae80e78eee06e5e18e18,counterfactual,,,,,5,1.0,1.0,1.0,0.9999999999999997
qt,FP,ddb4fb4c60987ce6e0b9e50de9a5f3a7ff0e8757,counterfactual,,,,,5,1.0,1.0,1.0,1.0
qt,TP,03a1675eac4baf8c7a6e0602102bbafa3176771c,counterfactual,,,,,5,1.0,1.0,1.0,1.0
qt,FP,36997810d9fec492635152be89efaa55208e224a,counterfactual,,,,,5,1.0,1.0,1.0,1.0
qt,TN,4f4ad7c262ce4723417efa14c4d3fdb875be53d0,counterfactual,,,,,5,1.0,1.0,1.0,1.0
qt,TP,a50911bc0bfca1185e99ce6638fbf03cf592789d,counterfactual,,,,,5,1.0,1.0,1.0,1.0
qt,TP,bb199cc8ad4111808260f6255312b08c7d81dcbc,counterfactual,,,,,5,1.0,1.0,1.0,0.9999999999999999
qt,FP,6a91dcba2e4fa85dc345c2d403c757ab7676e28c,counterfactual,,,,,5,1.0,1.0,1.0,1.0
qt,TN,e38a98ad4453974b2848eeed02d81e0c408ce0c6,counterfactual,,,,,5,1.0,1.0,1.0,0.9999999999999999
qt,FP,1c6d5b0696f324495e95a12f7718ae7593c9b58a,counterfactual,,,,,5,1.0,1.0,1.0,1.0
qt,FP,cd542a82b0c2d5c9a4ea167a84e5ea8a25c5d969,counterfactual,,,,,5,1.0,1.0,1.0,0.9999999999999999
qt,TP,b254b03dc3b1cfcfc5f17158d2470e0a9a946a0e,counterfactual,,,,,5,1.0,1.0,1.0,1.0
qt,TP,1a7bc520c5df4da80b7e65acbec1f546f9c87870,counterfactual,,,,,5,1.0,1.0,1.0,1.0
qt,FN,5629823b05ca7d24924ac879b5a0469a3cb03e78,counterfactual,,,,,5,1.0,1.0,1.0,0.9999999999999998
qt,TN,9b54447e453e2cb7b7375e2c6104b2595ab1594e,counterfactual,,,,,5,1.0,1.0,1.0,0.9999999999999999
qt,FP,3981a1f440914e8108af3d854a1b01dd596a8a0e,counterfactual,,,,,5,1.0,1.0,1.0,1.0
qt,TN,4331ccd4b735d9d721a384193a3d42ee2ce6c805,counterfactual,,,,,5,1.0,1.0,1.0,0.9999999999999999
qt,TP,afbb57ae84ecbee5fab9eb6e58356b19d7995ea5,counterfactual,,,,,5,1.0,1.0,1.0,1.0
qt,TP,17513266b81e88b84fda250734f07c94a198fabc,counterfactual,,,,,5,1.0,1.0,1.0,1.0
qt,FN,cdbc4b83d59e08189d6ece9ccd88a646be155c08,counterfactual,,,,,5,1.0,1.0,1.0,0.9999999999999999
qt,FP,753c744b23abfecad6463890dfdf6e97c7eeaa5c,counterfactual,,,,,5,1.0,1.0,1.0,1.0
qt,TP,a4f8b9ae6dfacf9ad5c190cde6098ebf13102f41,counterfactual,,,,,5,1.0,1.0,1.0,0.9999999999999999
qt,TP,fca89004d75412dd378cc44ad79ed3c1e05c765b,counterfactual,,,,,5,1.0,1.0,1.0,1.0
qt,FP,3d3ce2afe1937531f5fdc2af56697e93133e6d98,kernelshap,,,,,5,1.0,1.0,1.0,0.994003926462546
qt,TN,eb5994df1307b2e17e729374e1f7ab1c8fe82750,kernelshap,,,,,5,1.0,0.9400000000000001,1.0,0.9878245198573025
qt,FN,2ad213cc02094e003802530757fa4010720a22e6,kernelshap,,,,,5,1.0,0.96,1.0,0.9877894899988513
qt,TP,256bbc4f139036a780a63b80af8bb461a77d333a,kernelshap,,,,,5,0.92,0.9325,1.0,0.9753382272616418
qt,TP,ae292be8690109940fdd9862321b2389a0957404,kernelshap,,,,,5,1.0,1.0,1.0,0.9929347728292256
qt,FN,3786411f7f8770f28ba2a97cb646a0eb7a5eaa99,kernelshap,,,,,5,1.0,1.0,1.0,0.9942844810278838
qt,FP,8835c0376befd009702b9a17c506639e31c842b9,kernelshap,,,,,5,0.8,0.97125,1.0,0.9264271880079787
qt,FN,9e99dba4a22bbf212b3e6d1e2607a16dbbd04d90,kernelshap,,,,,5,1.0,1.0,1.0,0.9963896728302883
qt,FN,f506e01665c9bf689887ccf057a03588829efeea,kernelshap,,,,,5,1.0,1.0,1.0,0.9912329950273755
qt,TP,fa7626713b3a943609453459190e16c49d61dfd3,kernelshap,,,,,5,1.0,0.96,1.0,0.9948887660839969
qt,FP,093064fdeb6e777d2dc88dbb4f4adb8fddac3aa5,kernelshap,,,,,5,0.92,1.0,1.0,0.9474979095978013
qt,TP,da8ace713a19d2a8c9831ddf50d17607bc4856cc,kernelshap,,,,,5,0.92,0.96375,1.0,0.9407851334258165
qt,FP,08cfd02312d21391c956b8bf50ab7d6caa0d8082,kernelshap,,,,,5,1.0,1.0,1.0,0.9960343889873543
qt,FP,a02b371eb2f34bf198c95cf0caa1fbad639f96bb,kernelshap,,,,,5,0.88,0.9625,1.0,0.9071206942155322
qt,TN,5cb54cb5ebae99fab121061e25e26eec3056203a,kernelshap,,,,,5,0.88,1.0,1.0,0.9373964347152973
qt,TN,9a50333dd03969abb3f09c0f90dcb4afd048e47a,kernelshap,,,,,5,0.88,1.0,1.0,0.9313255242139109
qt,FN,18f7e6dc9f59159b70cb7e6a8745738f42d4f46f,kernelshap,,,,,5,0.88,1.0,1.0,0.925593243448047
qt,TP,d31304eab9e7424edc20fb83a8a19cd979458029,kernelshap,,,,,5,1.0,0.96,1.0,0.9886299443682331
qt,TN,bd79c331f14e6cfab9e0b5815404c8194526e8f1,kernelshap,,,,,5,1.0,1.0,1.0,0.9916164090442683
qt,TN,67ee72f3145fd14b36af408918ed3420504d3035,kernelshap,,,,,5,0.92,1.0,1.0,0.9601819182335624
qt,FN,67ced4791ddabebfa19a2f101aa292b5eba60b90,kernelshap,,,,,5,1.0,1.0,1.0,0.993683704071578
qt,FP,86d91d2bf8e7ac7a75f88f0e4886140abc06fd4c,kernelshap,,,,,5,1.0,0.9400000000000001,1.0,0.9923918061312925
qt,TN,121cdbdd30de1bee58e349859409dd08865c17f5,kernelshap,,,,,5,1.0,0.92,1.0,0.9907052104592601
qt,TP,9bd30943bae136d28d42b9a9188a8586c963d461,kernelshap,,,,,5,1.0,1.0,1.0,0.9899633737793596
qt,FN,ac48071b185d17022d48c6379a2549ac2736cb8c,kernelshap,,,,,5,1.0,1.0,1.0,0.9937530588462287
qt,TN,fc2f0fb39008f95133f6fd24662fe92195431808,kernelshap,,,,,5,1.0,0.96,1.0,0.9865947949545608
qt,FP,41ae544c40e0568bd627a992a23b8c8f8f5cc27d,kernelshap,,,,,5,1.0,1.0,1.0,0.9875589572802027
qt,FN,895cb4681ee78caaf9b99c88390a74ff1d79ae61,kernelshap,,,,,5,1.0,1.0,1.0,0.9956023559401611
qt,TP,dfda6f14b3e210a33b71ef1c6fa3c75a9c866cce,kernelshap,,,,,5,1.0,1.0,1.0,0.9930481442429473
qt,TN,9b3d91237bf38492fd97457624d4cb5cd486bd56,kernelshap,,,,,5,1.0,0.96,1.0,0.9845628622530905
qt,TN,2831fa76655c614ed3df0816401514950e79b5e6,kernelshap,,,,,5,1.0,0.96,1.0,0.9819349619400093
qt,FN,d8782b0cc680f09d605133bd37a44d290894c01e,kernelshap,,,,,5,0.92,1.0,1.0,0.958049359744804
qt,TP,5dd76ba31c3c7cb9c0d9d97cd62f0d2f535a23f7,kernelshap,,,,,5,1.0,1.0,1.0,0.9935648545791187
qt,FP,237c867a002c8035aac7ff8a870da717eb7b0878,kernelshap,,,,,5,1.0,1.0,1.0,0.9948822733865981
qt,TN,f3ca13f3d12f52c60f4cd41d0b336c24a8d3359d,kernelshap,,,,,5,0.88,1.0,1.0,0.9180311654062139
qt,TP,267edbec198a0cedbf7bed4c3c5fa93c1dbc86bd,kernelshap,,,,,5,1.0,0.9400000000000001,1.0,0.9942148446036638
qt,TN,e3b7957d6552e88aa23bd0ecc474db5f14981707,kernelshap,,,,,5,1.0,1.0,1.0,0.9915202541635233
qt,FP,571b11d41c9dadd5ef11e4e954c16c5ca39d718e,kernelshap,,,,,5,0.92,0.935,1.0,0.9556353151573017
qt,FN,8cf186cc7c56144b02d5b40d8f4832ff3021e68a,kernelshap,,,,,5,0.88,1.0,1.0,0.9379159244998185
qt,FP,02b7ec05d5713aec67577cebc18e5906b5a98598,kernelshap,,,,,5,1.0,1.0,1.0,0.9907233206531971
qt,TN,88a8deea86fe69448ca1586c2ee567a53dee1008,kernelshap,,,,,5,1.0,0.9400000000000001,1.0,0.9942788649754877
qt,FP,1af927976ac953f922e35d71a16a32d328bb2efd,kernelshap,,,,,5,0.88,0.925,1.0,0.8949542948214348
qt,FN,eaa54a8f9884652513c7c3ab489f31ff1e5d712c,kernelshap,,,,,5,1.0,1.0,1.0,0.989228990764584
qt,TP,9d23aebb271ea534a66cb3aceb2e63d9a1c870d6,kernelshap,,,,,5,1.0,0.9400000000000001,1.0,0.9863874402570767
qt,FN,4e3917587b11432d2d892f5146b367de2a3e4864,kernelshap,,,,,5,0.8,0.97125,1.0,0.9229452056217939
qt,TN,bcf1167ccb52341d72e6e2921077d2244803ee8d,kernelshap,,,,,5,1.0,0.96,1.0,0.9906859038146096
qt,TN,3e379bcc799edb6a78bc8cea093a278dbe32f33c,kernelshap,,,,,5,0.92,1.0,1.0,0.9325635162746236
qt,TN,4ebc2cf74e557b65a8ce1dc518ca92f399ce89e8,kernelshap,,,,,5,1.0,1.0,1.0,0.9937014256039747
qt,FN,7e298e2f2ceeee1a2d1a81238ca019d9a0c9519f,kernelshap,,,,,5,0.92,1.0,1.0,0.9491945182153677
qt,FN,93dabeba9dc5f6cbab60e65b3cc8df5fe48745a9,kernelshap,,,,,5,1.0,1.0,1.0,0.9923244508905513
qt,TN,0234e5c96417f451f8de279b8ff92734836badd4,kernelshap,,,,,5,1.0,0.96,1.0,0.9794982762972054
qt,FP,eb93d7b51773b43e6a3e41961898a6033bcd9479,kernelshap,,,,,5,1.0,1.0,1.0,0.9899615960345378
qt,FN,e6d17c8691bfafa033b82a4d81a9caf4a2fd1b85,kernelshap,,,,,5,0.92,0.9575,1.0,0.9581990173990861
qt,FN,5303225aef739c534714c1ac1d4dd096f0cc38d0,kernelshap,,,,,5,1.0,1.0,1.0,0.9938247264526603
qt,FN,a69edf01cb0a2a06282dc7b89724ffa542f6546d,kernelshap,,,,,5,1.0,1.0,1.0,0.9966953482271974
qt,FP,e58fdbaeb033a801ac7b5dd1f63657b36d6e1305,kernelshap,,,,,5,1.0,0.9400000000000001,1.0,0.9854206792951223
qt,TP,d3393ce25833c0afd7f0fa6b85fd6f3bd7ad520a,kernelshap,,,,,5,0.92,1.0,1.0,0.9647476896508794
qt,FN,6486a4bd196ca2bf0047ae80e78eee06e5e18e18,kernelshap,,,,,5,1.0,1.0,1.0,0.9936745796796731
qt,FP,ddb4fb4c60987ce6e0b9e50de9a5f3a7ff0e8757,kernelshap,,,,,5,1.0,1.0,1.0,0.9959472078648887
qt,TP,03a1675eac4baf8c7a6e0602102bbafa3176771c,kernelshap,,,,,5,1.0,1.0,1.0,0.9947642509222415
qt,FP,36997810d9fec492635152be89efaa55208e224a,kernelshap,,,,,5,0.88,0.955,1.0,0.9537056211554744
qt,TN,4f4ad7c262ce4723417efa14c4d3fdb875be53d0,kernelshap,,,,,5,0.92,1.0,1.0,0.9644680563767349
qt,TP,a50911bc0bfca1185e99ce6638fbf03cf592789d,kernelshap,,,,,5,0.92,1.0,1.0,0.9580753100716083
qt,TP,bb199cc8ad4111808260f6255312b08c7d81dcbc,kernelshap,,,,,5,0.8400000000000001,0.94625,1.0,0.9192012354878895
qt,FP,6a91dcba2e4fa85dc345c2d403c757ab7676e28c,kernelshap,,,,,5,1.0,1.0,1.0,0.9912539643573995
qt,TN,e38a98ad4453974b2848eeed02d81e0c408ce0c6,kernelshap,,,,,5,1.0,1.0,1.0,0.992282406603364
qt,FP,1c6d5b0696f324495e95a12f7718ae7593c9b58a,kernelshap,,,,,5,1.0,1.0,1.0,0.9893653807467029
qt,FP,cd542a82b0c2d5c9a4ea167a84e5ea8a25c5d969,kernelshap,,,,,5,1.0,1.0,1.0,0.9906097446359983
qt,TP,b254b03dc3b1cfcfc5f17158d2470e0a9a946a0e,kernelshap,,,,,5,0.8200000000000001,0.855,1.0,0.924007850262935
qt,TP,1a7bc520c5df4da80b7e65acbec1f546f9c87870,kernelshap,,,,,5,1.0,1.0,1.0,0.9929046704145852
qt,FN,5629823b05ca7d24924ac879b5a0469a3cb03e78,kernelshap,,,,,5,1.0,0.96,1.0,0.9928760132627414
qt,TN,9b54447e453e2cb7b7375e2c6104b2595ab1594e,kernelshap,,,,,5,1.0,0.96,1.0,0.9935113840832894
qt,FP,3981a1f440914e8108af3d854a1b01dd596a8a0e,kernelshap,,,,,5,1.0,1.0,1.0,0.9888883959798235
qt,TN,4331ccd4b735d9d721a384193a3d42ee2ce6c805,kernelshap,,,,,5,1.0,1.0,1.0,0.9916270991045203
qt,TP,afbb57ae84ecbee5fab9eb6e58356b19d7995ea5,kernelshap,,,,,5,1.0,1.0,1.0,0.9948984120098815
qt,TP,17513266b81e88b84fda250734f07c94a198fabc,kernelshap,,,,,5,1.0,1.0,1.0,0.9948085739239569
qt,FN,cdbc4b83d59e08189d6ece9ccd88a646be155c08,kernelshap,,,,,5,0.88,0.9325,1.0,0.8955992669157331
qt,FP,753c744b23abfecad6463890dfdf6e97c7eeaa5c,kernelshap,,,,,5,1.0,1.0,1.0,0.9952844920521581
qt,TP,a4f8b9ae6dfacf9ad5c190cde6098ebf13102f41,kernelshap,,,,,5,1.0,1.0,1.0,0.9947315383207156
qt,TP,fca89004d75412dd378cc44ad79ed3c1e05c765b,kernelshap,,,,,5,1.0,0.96,1.0,0.9914198924558209
qt,FP,3d3ce2afe1937531f5fdc2af56697e93133e6d98,lime,,,,,5,0.92,0.915,1.0,0.9456393032233046
qt,TN,eb5994df1307b2e17e729374e1f7ab1c8fe82750,lime,,,,,5,0.92,1.0,1.0,0.9619783425157118
qt,FN,2ad213cc02094e003802530757fa4010720a22e6,lime,,,,,5,0.8400000000000001,0.8825000000000001,1.0,0.9220660255056372
qt,TP,256bbc4f139036a780a63b80af8bb461a77d333a,lime,,,,,5,0.8200000000000001,0.88,1.0,0.923075931897621
qt,TP,ae292be8690109940fdd9862321b2389a0957404,lime,,,,,5,0.92,0.85,1.0,0.9488085626197514
qt,FN,3786411f7f8770f28ba2a97cb646a0eb7a5eaa99,lime,,,,,5,0.8400000000000001,0.8775,1.0,0.9192362965716906
qt,FP,8835c0376befd009702b9a17c506639e31c842b9,lime,,,,,5,0.92,1.0,1.0,0.9525759059344109
qt,FN,9e99dba4a22bbf212b3e6d1e2607a16dbbd04d90,lime,,,,,5,0.92,0.9575,1.0,0.9491442716971901
qt,FN,f506e01665c9bf689887ccf057a03588829efeea,lime,,,,,5,0.88,0.8825000000000001,1.0,0.9391695100714892
qt,TP,fa7626713b3a943609453459190e16c49d61dfd3,lime,,,,,5,0.92,0.9575,1.0,0.945102712161302
qt,FP,093064fdeb6e777d2dc88dbb4f4adb8fddac3aa5,lime,,,,,5,1.0,0.96,1.0,0.9819051160343617
qt,TP,da8ace713a19d2a8c9831ddf50d17607bc4856cc,lime,,,,,5,0.92,0.9575,1.0,0.9583474826837428
qt,FP,08cfd02312d21391c956b8bf50ab7d6caa0d8082,lime,,,,,5,0.88,0.955,1.0,0.9338360270873213
qt,FP,a02b371eb2f34bf198c95cf0caa1fbad639f96bb,lime,,,,,5,1.0,0.96,1.0,0.9800986103084224
qt,TN,5cb54cb5ebae99fab121061e25e26eec3056203a,lime,,,,,5,0.88,0.955,1.0,0.9434776761791589
qt,TN,9a50333dd03969abb3f09c0f90dcb4afd048e47a,lime,,,,,5,0.88,0.8875,1.0,0.9388691603171813
qt,FN,18f7e6dc9f59159b70cb7e6a8745738f42d4f46f,lime,,,,,5,0.92,0.9075,1.0,0.9553905616708394
qt,TP,d31304eab9e7424edc20fb83a8a19cd979458029,lime,,,,,5,0.92,0.9325,1.0,0.9533872210827672
qt,TN,bd79c331f14e6cfab9e0b5815404c8194526e8f1,lime,,,,,5,1.0,0.92,1.0,0.9805921396669208
qt,TN,67ee72f3145fd14b36af408918ed3420504d3035,lime,,,,,5,1.0,0.9400000000000001,1.0,0.9772652345798823
qt,FN,67ced4791ddabebfa19a2f101aa292b5eba60b90,lime,,,,,5,0.92,0.9575,1.0,0.9547103953787163
qt,FP,86d91d2bf8e7ac7a75f88f0e4886140abc06fd4c,lime,,,,,5,0.92,0.8925000000000001,1.0,0.9501189979427256
qt,TN,121cdbdd30de1bee58e349859409dd08865c17f5,lime,,,,,5,1.0,0.8500000000000001,1.0,0.97925581329228
qt,TP,9bd30943bae136d28d42b9a9188a8586c963d461,lime,,,,,5,0.92,0.885,1.0,0.9536679472079557
qt,FN,ac48071b185d17022d48c6379a2549ac2736cb8c,lime,,,,,5,0.86,0.8125,1.0,0.9337189259595193
qt,TN,fc2f0fb39008f95133f6fd24662fe92195431808,lime,,,,,5,0.8400000000000001,0.93,1.0,0.923542745508119
qt,FP,41ae544c40e0568bd627a992a23b8c8f8f5cc27d,lime,,,,,5,0.92,0.935,1.0,0.9546937745641145
qt,FN,895cb4681ee78caaf9b99c88390a74ff1d79ae61,lime,,,,,5,0.88,0.875,1.0,0.9404394657191022
qt,TP,dfda6f14b3e210a33b71ef1c6fa3c75a9c866cce,lime,,,,,5,1.0,0.9,1.0,0.9738241909876963
qt,TN,9b3d91237bf38492fd97457624d4cb5cd486bd56,lime,,,,,5,0.88,0.8275,1.0,0.9328615373918332
qt,TN,2831fa76655c614ed3df0816401514950e79b5e6,lime,,,,,5,1.0,0.89,1.0,0.9831866428640338
qt,FN,d8782b0cc680f09d605133bd37a44d290894c01e,lime,,,,,5,0.92,0.84,1.0,0.9520189487786683
qt,TP,5dd76ba31c3c7cb9c0d9d97cd62f0d2f535a23f7,lime,,,,,5,1.0,0.9400000000000001,1.0,0.9769881420310882
qt,FP,237c867a002c8035aac7ff8a870da717eb7b0878,lime,,,,,5,1.0,0.92,1.0,0.9792079370189588
qt,TN,f3ca13f3d12f52c60f4cd41d0b336c24a8d3359d,lime,,,,,5,0.88,0.80125,1.0,0.9302362183736119
qt,TP,267edbec198a0cedbf7bed4c3c5fa93c1dbc86bd,lime,,,,,5,1.0,0.9,1.0,0.9812209943026308
qt,TN,e3b7957d6552e88aa23bd0ecc474db5f14981707,lime,,,,,5,0.92,0.8375,1.0,0.9524802586134604
qt,FP,571b11d41c9dadd5ef11e4e954c16c5ca39d718e,lime,,,,,5,1.0,0.92,1.0,0.9778441048611846
qt,FN,8cf186cc7c56144b02d5b40d8f4832ff3021e68a,lime,,,,,5,0.86,0.905,1.0,0.9293031255557662
qt,FP,02b7ec05d5713aec67577cebc18e5906b5a98598,lime,,,,,5,0.88,0.885,1.0,0.9388645166055423
qt,TN,88a8deea86fe69448ca1586c2ee567a53dee1008,lime,,,,,5,1.0,0.9400000000000001,1.0,0.9775332373843939
qt,FP,1af927976ac953f922e35d71a16a32d328bb2efd,lime,,,,,5,1.0,0.96,1.0,0.9743776931768221
qt,FN,eaa54a8f9884652513c7c3ab489f31ff1e5d712c,lime,,,,,5,1.0,0.9400000000000001,1.0,0.9750516784382101
qt,TP,9d23aebb271ea534a66cb3aceb2e63d9a1c870d6,lime,,,,,5,0.92,0.8575,1.0,0.953487194644691
qt,FN,4e3917587b11432d2d892f5146b367de2a3e4864,lime,,,,,5,0.88,0.885,1.0,0.9336247961895182
qt,TN,bcf1167ccb52341d72e6e2921077d2244803ee8d,lime,,,,,5,0.92,0.915,1.0,0.9520063109329123
qt,TN,3e379bcc799edb6a78bc8cea093a278dbe32f33c,lime,,,,,5,0.88,1.0,1.0,0.9245769584227245
qt,TN,4ebc2cf74e557b65a8ce1dc518ca92f399ce89e8,lime,,,,,5,1.0,0.96,1.0,0.9821854937675465
qt,FN,7e298e2f2ceeee1a2d1a81238ca019d9a0c9519f,lime,,,,,5,1.0,0.9400000000000001,1.0,0.9833340903140031
qt,FN,93dabeba9dc5f6cbab60e65b3cc8df5fe48745a9,lime,,,,,5,1.0,0.96,1.0,0.9745443696568943
qt,TN,0234e5c96417f451f8de279b8ff92734836badd4,lime,,,,,5,0.86,0.93,1.0,0.9375243006046976
qt,FP,eb93d7b51773b43e6a3e41961898a6033bcd9479,lime,,,,,5,0.92,0.845,1.0,0.9514650941503875
qt,FN,e6d17c8691bfafa033b82a4d81a9caf4a2fd1b85,lime,,,,,5,0.92,0.89,1.0,0.9560608353261508
qt,FN,5303225aef739c534714c1ac1d4dd096f0cc38d0,lime,,,,,5,0.88,0.885,1.0,0.93336825949884
qt,FN,a69edf01cb0a2a06282dc7b89724ffa542f6546d,lime,,,,,5,1.0,0.9400000000000001,1.0,0.9821987261055173
qt,FP,e58fdbaeb033a801ac7b5dd1f63657b36d6e1305,lime,,,,,5,0.92,0.9575,1.0,0.9532705898415239
qt,TP,d3393ce25833c0afd7f0fa6b85fd6f3bd7ad520a,lime,,,,,5,0.92,0.89,1.0,0.9544884064857532
qt,FN,6486a4bd196ca2bf0047ae80e78eee06e5e18e18,lime,,,,,5,0.92,0.89,1.0,0.9558950212348409
qt,FP,ddb4fb4c60987ce6e0b9e50de9a5f3a7ff0e8757,lime,,,,,5,0.88,0.8175,1.0,0.9300305917510798
qt,TP,03a1675eac4baf8c7a6e0602102bbafa3176771c,lime,,,,,5,0.88,0.9075,1.0,0.9371769220113968
qt,FP,36997810d9fec492635152be89efaa55208e224a,lime,,,,,5,1.0,0.9400000000000001,1.0,0.9660009163675884
qt,TN,4f4ad7c262ce4723417efa14c4d3fdb875be53d0,lime,,,,,5,0.88,0.86,1.0,0.9435759256127147
qt,TP,a50911bc0bfca1185e99ce6638fbf03cf592789d,lime,,,,,5,0.88,0.885,1.0,0.936160174158791
qt,TP,bb199cc8ad4111808260f6255312b08c7d81dcbc,lime,,,,,5,1.0,0.9400000000000001,1.0,0.9785812631391462
qt,FP,6a91dcba2e4fa85dc345c2d403c757ab7676e28c,lime,,,,,5,0.88,0.9325,1.0,0.9268634192368745
qt,TN,e38a98ad4453974b2848eeed02d81e0c408ce0c6,lime,,,,,5,1.0,0.88,1.0,0.9834974565525796
qt,FP,1c6d5b0696f324495e95a12f7718ae7593c9b58a,lime,,,,,5,0.88,0.8525,1.0,0.9496195647548938
qt,FP,cd542a82b0c2d5c9a4ea167a84e5ea8a25c5d969,lime,,,,,5,0.6,0.88125,1.0,0.4635187062263923
qt,TP,b254b03dc3b1cfcfc5f17158d2470e0a9a946a0e,lime,,,,,5,0.92,0.935,1.0,0.9542930071871458
qt,TP,1a7bc520c5df4da80b7e65acbec1f546f9c87870,lime,,,,,5,1.0,0.86,1.0,0.9811982568823892
qt,FN,5629823b05ca7d24924ac879b5a0469a3cb03e78,lime,,,,,5,0.92,1.0,1.0,0.9459257768984494
qt,TN,9b54447e453e2cb7b7375e2c6104b2595ab1594e,lime,,,,,5,0.88,0.955,1.0,0.9334160951600753
qt,FP,3981a1f440914e8108af3d854a1b01dd596a8a0e,lime,,,,,5,0.92,0.8775000000000001,1.0,0.9587875594857684
qt,TN,4331ccd4b735d9d721a384193a3d42ee2ce6c805,lime,,,,,5,1.0,0.96,1.0,0.9808553813213429
qt,TP,afbb57ae84ecbee5fab9eb6e58356b19d7995ea5,lime,,,,,5,0.88,0.8775,1.0,0.9333814799364422
qt,TP,17513266b81e88b84fda250734f07c94a198fabc,lime,,,,,5,0.92,0.87,1.0,0.9563643166052496
qt,FN,cdbc4b83d59e08189d6ece9ccd88a646be155c08,lime,,,,,5,0.92,0.8475,1.0,0.954349143802401
qt,FP,753c744b23abfecad6463890dfdf6e97c7eeaa5c,lime,,,,,5,0.8400000000000001,0.97125,1.0,0.9131797779827228
qt,TP,a4f8b9ae6dfacf9ad5c190cde6098ebf13102f41,lime,,,,,5,0.88,0.8300000000000001,1.0,0.9371990144702453
qt,TP,fca89004d75412dd378cc44ad79ed3c1e05c765b,lime,,,,,5,0.92,0.89,1.0,0.9489409319129631
qt,FP,3d3ce2afe1937531f5fdc2af56697e93133e6d98,lofo,,,,,5,1.0,1.0,1.0,1.0
qt,TN,eb5994df1307b2e17e729374e1f7ab1c8fe82750,lofo,,,,,5,1.0,1.0,1.0,1.0
qt,FN,2ad213cc02094e003802530757fa4010720a22e6,lofo,,,,,5,1.0,1.0,1.0,0.9999999999999993
qt,TP,256bbc4f139036a780a63b80af8bb461a77d333a,lofo,,,,,5,1.0,1.0,1.0,1.0
qt,TP,ae292be8690109940fdd9862321b2389a0957404,lofo,,,,,5,1.0,1.0,1.0,1.0
qt,FN,3786411f7f8770f28ba2a97cb646a0eb7a5eaa99,lofo,,,,,5,1.0,1.0,1.0,0.9999999999999996
qt,FP,8835c0376befd009702b9a17c506639e31c842b9,lofo,,,,,5,1.0,1.0,1.0,0.9999999999999999
qt,FN,9e99dba4a22bbf212b3e6d1e2607a16dbbd04d90,lofo,,,,,5,1.0,1.0,1.0,0.9999999999999996
qt,FN,f506e01665c9bf689887ccf057a03588829efeea,lofo,,,,,5,1.0,1.0,1.0,0.9999999999999997
qt,TP,fa7626713b3a943609453459190e16c49d61dfd3,lofo,,,,,5,1.0,1.0,1.0,0.9999999999999999
qt,FP,093064fdeb6e777d2dc88dbb4f4adb8fddac3aa5,lofo,,,,,5,1.0,1.0,1.0,1.0
qt,TP,da8ace713a19d2a8c9831ddf50d17607bc4856cc,lofo,,,,,5,1.0,1.0,1.0,1.0
qt,FP,08cfd02312d21391c956b8bf50ab7d6caa0d8082,lofo,,,,,5,1.0,1.0,1.0,1.0
qt,FP,a02b371eb2f34bf198c95cf0caa1fbad639f96bb,lofo,,,,,5,1.0,1.0,1.0,1.0
qt,TN,5cb54cb5ebae99fab121061e25e26eec3056203a,lofo,,,,,5,1.0,1.0,1.0,0.9999999999999997
qt,TN,9a50333dd03969abb3f09c0f90dcb4afd048e47a,lofo,,,,,5,1.0,1.0,1.0,0.9999999999999996
qt,FN,18f7e6dc9f59159b70cb7e6a8745738f42d4f46f,lofo,,,,,5,1.0,1.0,1.0,1.0
qt,TP,d31304eab9e7424edc20fb83a8a19cd979458029,lofo,,,,,5,1.0,1.0,1.0,1.0
qt,TN,bd79c331f14e6cfab9e0b5815404c8194526e8f1,lofo,,,,,5,1.0,1.0,1.0,1.0
qt,TN,67ee72f3145fd14b36af408918ed3420504d3035,lofo,,,,,5,1.0,1.0,1.0,1.0
qt,FN,67ced4791ddabebfa19a2f101aa292b5eba60b90,lofo,,,,,5,1.0,1.0,1.0,0.9999999999999998
qt,FP,86d91d2bf8e7ac7a75f88f0e4886140abc06fd4c,lofo,,,,,5,1.0,1.0,1.0,0.9999999999999998
qt,TN,121cdbdd30de1bee58e349859409dd08865c17f5,lofo,,,,,5,1.0,1.0,1.0,0.9999999999999993
qt,TP,9bd30943bae136d28d42b9a9188a8586c963d461,lofo,,,,,5,1.0,1.0,1.0,0.9999999999999999
qt,FN,ac48071b185d17022d48c6379a2549ac2736cb8c,lofo,,,,,5,1.0,1.0,1.0,1.0
qt,TN,fc2f0fb39008f95133f6fd24662fe92195431808,lofo,,,,,5,1.0,1.0,1.0,0.9999999999999998
qt,FP,41ae544c40e0568bd627a992a23b8c8f8f5cc27d,lofo,,,,,5,1.0,1.0,1.0,1.0
qt,FN,895cb4681ee78caaf9b99c88390a74ff1d79ae61,lofo,,,,,5,1.0,1.0,1.0,0.9999999999999999
qt,TP,dfda6f14b3e210a33b71ef1c6fa3c75a9c866cce,lofo,,,,,5,1.0,1.0,1.0,0.9999999999999998
qt,TN,9b3d91237bf38492fd97457624d4cb5cd486bd56,lofo,,,,,5,1.0,1.0,1.0,0.9999999999999998
qt,TN,2831fa76655c614ed3df0816401514950e79b5e6,lofo,,,,,5,1.0,1.0,1.0,0.9999999999999993
qt,FN,d8782b0cc680f09d605133bd37a44d290894c01e,lofo,,,,,5,1.0,1.0,1.0,1.0
qt,TP,5dd76ba31c3c7cb9c0d9d97cd62f0d2f535a23f7,lofo,,,,,5,1.0,1.0,1.0,0.9999999999999999
qt,FP,237c867a002c8035aac7ff8a870da717eb7b0878,lofo,,,,,5,1.0,1.0,1.0,1.0
qt,TN,f3ca13f3d12f52c60f4cd41d0b336c24a8d3359d,lofo,,,,,5,1.0,1.0,1.0,0.9999999999999998
qt,TP,267edbec198a0cedbf7bed4c3c5fa93c1dbc86bd,lofo,,,,,5,1.0,1.0,1.0,1.0
qt,TN,e3b7957d6552e88aa23bd0ecc474db5f14981707,lofo,,,,,5,1.0,1.0,1.0,0.9999999999999987
qt,FP,571b11d41c9dadd5ef11e4e954c16c5ca39d718e,lofo,,,,,5,1.0,1.0,1.0,0.9999999999999999
qt,FN,8cf186cc7c56144b02d5b40d8f4832ff3021e68a,lofo,,,,,5,1.0,1.0,1.0,1.0
qt,FP,02b7ec05d5713aec67577cebc18e5906b5a98598,lofo,,,,,5,1.0,1.0,1.0,1.0
qt,TN,88a8deea86fe69448ca1586c2ee567a53dee1008,lofo,,,,,5,1.0,1.0,1.0,1.0
qt,FP,1af927976ac953f922e35d71a16a32d328bb2efd,lofo,,,,,5,1.0,1.0,1.0,1.0
qt,FN,eaa54a8f9884652513c7c3ab489f31ff1e5d712c,lofo,,,,,5,1.0,1.0,1.0,0.9999999999999997
qt,TP,9d23aebb271ea534a66cb3aceb2e63d9a1c870d6,lofo,,,,,5,1.0,1.0,1.0,1.0
qt,FN,4e3917587b11432d2d892f5146b367de2a3e4864,lofo,,,,,5,1.0,1.0,1.0,0.9999999999999996
qt,TN,bcf1167ccb52341d72e6e2921077d2244803ee8d,lofo,,,,,5,1.0,1.0,1.0,0.9999999999999996
qt,TN,3e379bcc799edb6a78bc8cea093a278dbe32f33c,lofo,,,,,5,1.0,1.0,1.0,1.0
qt,TN,4ebc2cf74e557b65a8ce1dc518ca92f399ce89e8,lofo,,,,,5,1.0,1.0,1.0,0.9999999999999999
qt,FN,7e298e2f2ceeee1a2d1a81238ca019d9a0c9519f,lofo,,,,,5,1.0,1.0,1.0,0.9999999999999997
qt,FN,93dabeba9dc5f6cbab60e65b3cc8df5fe48745a9,lofo,,,,,5,1.0,1.0,1.0,0.9999999999999998
qt,TN,0234e5c96417f451f8de279b8ff92734836badd4,lofo,,,,,5,1.0,1.0,1.0,1.0
qt,FP,eb93d7b51773b43e6a3e41961898a6033bcd9479,lofo,,,,,5,1.0,1.0,1.0,0.9999999999999999
qt,FN,e6d17c8691bfafa033b82a4d81a9caf4a2fd1b85,lofo,,,,,5,1.0,1.0,1.0,0.9999999999999994
qt,FN,5303225aef739c534714c1ac1d4dd096f0cc38d0,lofo,,,,,5,1.0,1.0,1.0,0.9999999999999991
qt,FN,a69edf01cb0a2a06282dc7b89724ffa542f6546d,lofo,,,,,5,1.0,1.0,1.0,0.9999999999999997
qt,FP,e58fdbaeb033a801ac7b5dd1f63657b36d6e1305,lofo,,,,,5,1.0,1.0,1.0,1.0
qt,TP,d3393ce25833c0afd7f0fa6b85fd6f3bd7ad520a,lofo,,,,,5,1.0,1.0,1.0,0.9999999999999998
qt,FN,6486a4bd196ca2bf0047ae80e78eee06e5e18e18,lofo,,,,,5,1.0,1.0,1.0,0.9999999999999993
qt,FP,ddb4fb4c60987ce6e0b9e50de9a5f3a7ff0e8757,lofo,,,,,5,1.0,1.0,1.0,1.0
qt,TP,03a1675eac4baf8c7a6e0602102bbafa3176771c,lofo,,,,,5,1.0,1.0,1.0,1.0
qt,FP,36997810d9fec492635152be89efaa55208e224a,lofo,,,,,5,1.0,1.0,1.0,1.0
qt,TN,4f4ad7c262ce4723417efa14c4d3fdb875be53d0,lofo,,,,,5,1.0,1.0,1.0,1.0
qt,TP,a50911bc0bfca1185e99ce6638fbf03cf592789d,lofo,,,,,5,1.0,1.0,1.0,1.0
qt,TP,bb199cc8ad4111808260f6255312b08c7d81dcbc,lofo,,,,,5,1.0,1.0,1.0,0.9999999999999999
qt,FP,6a91dcba2e4fa85dc345c2d403c757ab7676e28c,lofo,,,,,5,1.0,1.0,1.0,1.0
qt,TN,e38a98ad4453974b2848eeed02d81e0c408ce0c6,lofo,,,,,5,1.0,1.0,1.0,1.0
qt,FP,1c6d5b0696f324495e95a12f7718ae7593c9b58a,lofo,,,,,5,1.0,1.0,1.0,0.9999999999999999
qt,FP,cd542a82b0c2d5c9a4ea167a84e5ea8a25c5d969,lofo,,,,,5,1.0,1.0,1.0,1.0
qt,TP,b254b03dc3b1cfcfc5f17158d2470e0a9a946a0e,lofo,,,,,5,1.0,1.0,1.0,0.9999999999999999
qt,TP,1a7bc520c5df4da80b7e65acbec1f546f9c87870,lofo,,,,,5,1.0,1.0,1.0,1.0
qt,FN,5629823b05ca7d24924ac879b5a0469a3cb03e78,lofo,,,,,5,1.0,1.0,1.0,0.9999999999999996
qt,TN,9b54447e453e2cb7b7375e2c6104b2595ab1594e,lofo,,,,,5,1.0,1.0,1.0,0.9999999999999993
qt,FP,3981a1f440914e8108af3d854a1b01dd596a8a0e,lofo,,,,,5,1.0,1.0,1.0,0.9999999999999999
qt,TN,4331ccd4b735d9d721a384193a3d42ee2ce6c805,lofo,,,,,5,1.0,1.0,1.0,0.9999999999999998
qt,TP,afbb57ae84ecbee5fab9eb6e58356b19d7995ea5,lofo,,,,,5,1.0,1.0,1.0,0.9999999999999999
qt,TP,17513266b81e88b84fda250734f07c94a198fabc,lofo,,,,,5,1.0,1.0,1.0,0.9999999999999999
qt,FN,cdbc4b83d59e08189d6ece9ccd88a646be155c08,lofo,,,,,5,1.0,1.0,1.0,1.0
qt,FP,753c744b23abfecad6463890dfdf6e97c7eeaa5c,lofo,,,,,5,1.0,1.0,1.0,0.9999999999999999
qt,TP,a4f8b9ae6dfacf9ad5c190cde6098ebf13102f41,lofo,,,,,5,1.0,1.0,1.0,1.0
qt,TP,fca89004d75412dd378cc44ad79ed3c1e05c765b,lofo,,,,,5,1.0,1.0,1.0,0.9999999999999996
