scope,dataset,category,metric,traditional_method,llm_informed_method,llm_model,n_pairs,traditional_mean,llm_mean,mean_difference_llm_minus_traditional,wilcoxon_statistic,p_value,rank_biserial_correlation,paired_bootstrap_ci_low,paired_bootstrap_ci_high,confidence_level,p_holm,significant_holm_0_05,multiplicity_family
overall,,,overlap_at_k,lime,llm_lime,qwen36_27b_local,160,0.917375,0.8300000000000001,-0.08737500000000001,1536.5,3.1171825971538236e-13,-0.7015345765345765,-0.10787499999999998,-0.06649687500000005,0.95,4.3640556360153528e-12,True,primary_overall_32
overall,,,overlap_at_k,kernelshap,llm_kernelshap,qwen36_27b_local,160,0.9564999999999999,0.850375,-0.10612499999999998,741.5,2.162509835503479e-18,-0.8497467071935157,-0.12349999999999998,-0.089,0.95,3.8925177039062617e-17,True,primary_overall_32
overall,,,overlap_at_k,lofo,llm_lofo,qwen36_27b_local,160,1.0,0.8285,-0.17149999999999999,0.0,1.827609471962058e-24,-1.0,-0.18987499999999996,-0.15362499999999998,0.95,5.3000674686899679e-23,True,primary_overall_32
overall,,,overlap_at_k,counterfactual,llm_counterfactual,qwen36_27b_local,160,1.0,0.829,-0.17099999999999999,0.0,2.871510640364527e-25,-1.0,-0.18612499999999996,-0.15599999999999997,0.95,8.9016829851300339e-24,True,primary_overall_32
overall,,,rank_agreement_at_k,lime,llm_lime,qwen36_27b_local,160,0.9230208333333334,0.8936718750000001,-0.029348958333333335,4220.5,0.0005168927828815565,-0.3194388454406192,-0.043674609375,-0.015221093750000006,0.95,0.0020675711315262259,True,primary_overall_32
overall,,,rank_agreement_at_k,kernelshap,llm_kernelshap,qwen36_27b_local,160,0.9740364583333335,0.9377812500000001,-0.03625520833333333,1335.0,8.710247138523237e-13,-0.7091503267973857,-0.0456380859375,-0.0273095703125,0.95,1.0452296566227884e-11,True,primary_overall_32
overall,,,rank_agreement_at_k,lofo,llm_lofo,qwen36_27b_local,160,1.0,0.9393072916666666,-0.060692708333333345,0.0,5.895805707078227e-21,-1.0,-0.07019036458333333,-0.05164062500000001,0.95,1.4739514267695567e-19,True,primary_overall_32
overall,,,rank_agreement_at_k,counterfactual,llm_counterfactual,qwen36_27b_local,160,1.0,0.9012578125000001,-0.0987421875,0.0,3.0332243934701535e-23,-1.0,-0.11224485677083335,-0.085991796875,0.95,8.1897058623694142e-22,True,primary_overall_32
overall,,,direction_agreement_at_k,lime,llm_lime,qwen36_27b_local,160,1.0,0.9564583333333335,-0.043541666666666666,0.0,2.3864226208669033e-09,-1.0,-0.05656276041666666,-0.031176822916666673,0.95,1.6704958346068323e-08,True,primary_overall_32
overall,,,direction_agreement_at_k,kernelshap,llm_kernelshap,qwen36_27b_local,160,1.0,0.9784375000000001,-0.021562500000000002,0.0,3.6207583197915065e-07,-1.0,-0.029395833333333333,-0.014552083333333335,0.95,2.172454991874904e-06,True,primary_overall_32
overall,,,direction_agreement_at_k,lofo,llm_lofo,qwen36_27b_local,160,1.0,0.9978958333333333,-0.0021041666666666665,0.0,0.17971249487899976,-1.0,-0.005479166666666667,0.0,0.95,0.35942498975799952,False,primary_overall_32
overall,,,direction_agreement_at_k,counterfactual,llm_counterfactual,qwen36_27b_local,160,1.0,0.9394166666666667,-0.06058333333333334,0.0,1.1043089620507046e-10,-1.0,-0.07706302083333331,-0.04546848958333334,0.95,9.9387806584563403e-10,True,primary_overall_32
overall,,,direction_consistency_rate,lime,llm_lime,qwen36_27b_local,160,0.61325,0.8704374999999999,0.2571875,908.0,1.1548071101144801e-18,0.8352983856339561,0.21212499999999998,0.3038765625,0.95,2.3096142202289601e-17,True,primary_overall_32
overall,,,direction_consistency_rate,kernelshap,llm_kernelshap,qwen36_27b_local,160,0.9385000000000001,0.767,-0.1715,408.5,2.322011134645539e-20,-0.9123014169171318,-0.19699999999999998,-0.14550000000000002,0.95,5.3406256096847402e-19,True,primary_overall_32
overall,,,direction_consistency_rate,lofo,llm_lofo,qwen36_27b_local,160,0.9475,0.8651249999999999,-0.08237500000000002,248.5,6.215980092289752e-13,-0.8759051186017478,-0.1016875,-0.06393750000000001,0.95,8.0807741199766772e-12,True,primary_overall_32
overall,,,direction_consistency_rate,counterfactual,llm_counterfactual,qwen36_27b_local,160,0.8800000000000001,0.8379375,-0.04206250000000001,2567.0,0.03169434566496034,-0.2302848575712144,-0.0743140625,-0.010123437500000028,0.95,0.095083036994881021,False,primary_overall_32
overall,,,meaningful_effect_rate,lime,llm_lime,qwen36_27b_local,160,0.7237499999999999,0.7137499999999999,-0.009999999999999995,3745.0,0.5335154132187818,-0.06386701662292213,-0.035689062499999986,0.015314062499999984,0.95,0.53351541321878182,False,primary_overall_32
overall,,,meaningful_effect_rate,kernelshap,llm_kernelshap,qwen36_27b_local,160,0.841,0.7135,-0.1275,805.5,4.2010358412958146e-15,-0.8017962598425197,-0.15475,-0.10175000000000001,0.95,6.3015537619437218e-14,True,primary_overall_32
overall,,,meaningful_effect_rate,lofo,llm_lofo,qwen36_27b_local,160,0.8275,0.7004374999999999,-0.1270625,1018.0,1.6527539329746044e-12,-0.7330186205087857,-0.1555625,-0.09824843750000001,0.95,1.6527539329746043e-11,True,primary_overall_32
overall,,,meaningful_effect_rate,counterfactual,llm_counterfactual,qwen36_27b_local,160,0.8125,0.7042499999999999,-0.10825,1895.0,1.1144837655289344e-09,-0.5990690785993864,-0.139625,-0.0773125,0.95,8.9158701242314754e-09,True,primary_overall_32
overall,,,mean_absolute_delta_probability,lime,llm_lime,qwen36_27b_local,160,0.10985841750726326,0.10324518183958223,-0.006613235667681028,4274.0,0.0003341374761614619,-0.3279874213836478,-0.009949648773433864,-0.003307061437675242,0.95,0.0016706873808073094,True,primary_overall_32
overall,,,mean_absolute_delta_probability,kernelshap,llm_kernelshap,qwen36_27b_local,160,0.1261753713122638,0.10423812387895923,-0.021937247433304573,542.0,2.2348239701245616e-23,-0.9137011384443914,-0.025455399498494093,-0.01855628164486638,0.95,6.2575071163487727e-22,True,primary_overall_32
overall,,,mean_absolute_delta_probability,lofo,llm_lofo,qwen36_27b_local,160,0.12129784855789758,0.10279865680138664,-0.018499191756510963,1414.0,1.1040684395449938e-17,-0.7804347826086957,-0.02224576499079178,-0.014886515587827207,0.95,1.7665095032719902e-16,True,primary_overall_32
overall,,,mean_absolute_delta_probability,counterfactual,llm_counterfactual,qwen36_27b_local,160,0.12373798027090417,0.10142410951743197,-0.022313870753472208,932.5,6.4213272158911725e-21,-0.8552018633540373,-0.026300618473098482,-0.018341635688001196,0.95,1.5411185318138815e-19,True,primary_overall_32
overall,,,pairwise_jaccard_between_instance,lime,llm_lime,qwen36_27b_local,160,0.8194299289891396,0.5048087719298245,-0.314621157059315,1.0,5.339081441389514e-28,-0.9998447204968944,-0.33066969729010026,-0.2988013123955723,0.95,1.7085060612446444e-26,True,primary_overall_32
overall,,,pairwise_jaccard_between_instance,kernelshap,llm_kernelshap,qwen36_27b_local,160,0.4028359440267334,0.5012195071010861,0.09838356307435255,1223.0,6.225345095675506e-19,0.8100931677018633,0.08272820332080201,0.11436030049081036,0.95,1.3073224700918562e-17,True,primary_overall_32
overall,,,pairwise_jaccard_between_instance,lofo,llm_lofo,qwen36_27b_local,160,0.3298558897243108,0.43458743734335836,0.1047315476190476,1315.0,2.519797692185193e-18,0.7958074534161491,0.0865971600877193,0.12264527373120299,0.95,4.2836560767148279e-17,True,primary_overall_32
overall,,,pairwise_jaccard_between_instance,counterfactual,llm_counterfactual,qwen36_27b_local,160,0.4236842105263158,0.5415101086048454,0.11782589807852965,2265.0,1.137652323309258e-12,0.6482919254658385,0.09102213071741855,0.14414467209690893,0.95,1.2514175556401837e-11,True,primary_overall_32
overall,,,instance_idf_specificity,lime,llm_lime,qwen36_27b_local,160,0.05125031020773748,0.124454437034163,0.07320412682642552,1283.0,1.5529271427069085e-18,0.800776397515528,0.05885932736146698,0.08717482393801905,0.95,2.950561571143126e-17,True,primary_overall_32
overall,,,instance_idf_specificity,kernelshap,llm_kernelshap,qwen36_27b_local,160,0.21926515024138346,0.13643304140292292,-0.08283210883846052,1080.0,6.751938848924999e-20,-0.8322981366459627,-0.09609517635039261,-0.06985460385484525,0.95,1.4854265467634998e-18,True,primary_overall_32
overall,,,instance_idf_specificity,lofo,llm_lofo,qwen36_27b_local,160,0.2735944429020274,0.14747125300194908,-0.12612318990007834,419.0,1.0931034283554746e-24,-0.9349378881987578,-0.140535487407185,-0.11164288847644019,0.95,3.279310285066424e-23,True,primary_overall_32
overall,,,instance_idf_specificity,counterfactual,llm_counterfactual,qwen36_27b_local,160,0.22709570539241114,0.10874267813057939,-0.11835302726183175,672.0,8.644321159529636e-23,-0.8956521739130435,-0.1342128081641351,-0.10229270319602085,0.95,2.2475235014777056e-21,True,primary_overall_32
