method,threshold,n_pairs,traditional_mean,llm_mean,mean_difference_llm_minus_traditional,wilcoxon_statistic,p_raw,p_holm_sensitivity8,p_holm_primary32,mean_direction,p_used,significant,interpretation
counterfactual,0.01,160,0.93875,0.8829374999999999,-0.0558125,1162.0,1.898524065885417e-05,5.695572197656252e-05,,Traditional,5.695572197656252e-05,True,Traditional favored
counterfactual,0.03,160,0.8125,0.7042499999999999,-0.10825,1895.0,1.1144837655289344e-09,,8.915870124231474e-09,Traditional,8.915870124231474e-09,True,Traditional favored
counterfactual,0.05,160,0.70375,0.5680625,-0.13568750000000002,1482.0,1.1081044373556437e-12,7.756731061489506e-12,,Traditional,7.756731061489506e-12,True,Traditional favored
kernelshap,0.01,160,0.9592499999999999,0.8949999999999999,-0.06425,351.5,1.6762831126142058e-09,8.381415563071029e-09,,Traditional,8.381415563071029e-09,True,Traditional favored
kernelshap,0.03,160,0.841,0.7135,-0.1275,805.5,4.2010358412958146e-15,,6.301553761943722e-14,Traditional,6.301553761943722e-14,True,Traditional favored
kernelshap,0.05,160,0.7357499999999999,0.591,-0.14475000000000002,705.5,1.6043627502155476e-15,1.283490200172438e-14,,Traditional,1.283490200172438e-14,True,Traditional favored
lime,0.01,160,0.893,0.8881874999999999,-0.0048125,1428.5,0.5757507363616539,0.5757507363616539,,Traditional,0.5757507363616539,False,NS
lime,0.03,160,0.7237499999999999,0.7137499999999999,-0.009999999999999995,3745.0,0.5335154132187818,,0.5335154132187818,Traditional,0.5335154132187818,False,NS
lime,0.05,160,0.6057499999999999,0.5790625,-0.026687500000000003,3175.0,0.06015264333823413,0.12030528667646825,,Traditional,0.12030528667646825,False,NS
lofo,0.01,160,0.9625,0.8933125000000001,-0.0691875,437.0,1.2675243300698318e-08,5.070097320279327e-08,,Traditional,5.070097320279327e-08,True,Traditional favored
lofo,0.03,160,0.8275,0.7004374999999999,-0.1270625,1018.0,1.6527539329746044e-12,,1.6527539329746043e-11,Traditional,1.6527539329746043e-11,True,Traditional favored
lofo,0.05,160,0.6962499999999999,0.576,-0.12025000000000001,1233.0,5.667342301803048e-12,3.400405381081829e-11,,Traditional,3.400405381081829e-11,True,Traditional favored
