metric,traditional_method,llm_informed_method,llm_model,n_pairs,traditional_mean,llm_mean,mean_difference_llm_minus_traditional,metric_direction,improvement_signed,paired_bootstrap_ci_low,paired_bootstrap_ci_high,p_value,p_holm,rank_biserial_correlation,holm_interpretation
overlap_at_k,lime,llm_lime,qwen36_27b_local,160,0.917375,0.8300000000000001,-0.087375,higher_is_better,-0.087375,-0.1078749999999999,-0.066496875,3.117182597153824e-13,4.364055636015353e-12,-0.7015345765345765,traditional_better
overlap_at_k,kernelshap,llm_kernelshap,qwen36_27b_local,160,0.9565,0.850375,-0.1061249999999999,higher_is_better,-0.1061249999999999,-0.1234999999999999,-0.089,2.1625098355034792e-18,3.892517703906262e-17,-0.8497467071935157,traditional_better
overlap_at_k,lofo,llm_lofo,qwen36_27b_local,160,1.0,0.8285,-0.1714999999999999,higher_is_better,-0.1714999999999999,-0.1898749999999999,-0.1536249999999999,1.827609471962058e-24,5.300067468689968e-23,-1.0,traditional_better
overlap_at_k,counterfactual,llm_counterfactual,qwen36_27b_local,160,1.0,0.829,-0.1709999999999999,higher_is_better,-0.1709999999999999,-0.1861249999999999,-0.1559999999999999,2.871510640364527e-25,8.901682985130035e-24,-1.0,traditional_better
rank_agreement_at_k,lime,llm_lime,qwen36_27b_local,160,0.9230208333333334,0.8936718750000001,-0.0293489583333333,higher_is_better,-0.0293489583333333,-0.043674609375,-0.01522109375,0.0005168927828815,0.0020675711315262,-0.3194388454406192,traditional_better
rank_agreement_at_k,kernelshap,llm_kernelshap,qwen36_27b_local,160,0.9740364583333336,0.93778125,-0.0362552083333333,higher_is_better,-0.0362552083333333,-0.0456380859375,-0.0273095703125,8.710247138523237e-13,1.0452296566227884e-11,-0.7091503267973857,traditional_better
rank_agreement_at_k,lofo,llm_lofo,qwen36_27b_local,160,1.0,0.9393072916666666,-0.0606927083333333,higher_is_better,-0.0606927083333333,-0.0701903645833333,-0.051640625,5.895805707078227e-21,1.473951426769557e-19,-1.0,traditional_better
rank_agreement_at_k,counterfactual,llm_counterfactual,qwen36_27b_local,160,1.0,0.9012578125,-0.0987421875,higher_is_better,-0.0987421875,-0.1122448567708333,-0.085991796875,3.0332243934701535e-23,8.189705862369414e-22,-1.0,traditional_better
direction_agreement_at_k,lime,llm_lime,qwen36_27b_local,160,1.0,0.9564583333333336,-0.0435416666666666,higher_is_better,-0.0435416666666666,-0.0565627604166666,-0.0311768229166666,2.3864226208669033e-09,1.6704958346068323e-08,-1.0,traditional_better
direction_agreement_at_k,kernelshap,llm_kernelshap,qwen36_27b_local,160,1.0,0.9784375,-0.0215625,higher_is_better,-0.0215625,-0.0293958333333333,-0.0145520833333333,3.6207583197915065e-07,2.172454991874904e-06,-1.0,traditional_better
direction_agreement_at_k,lofo,llm_lofo,qwen36_27b_local,160,1.0,0.9978958333333332,-0.0021041666666666,higher_is_better,-0.0021041666666666,-0.0054791666666666,0.0,0.1797124948789997,0.3594249897579995,-1.0,no_significant_difference
direction_agreement_at_k,counterfactual,llm_counterfactual,qwen36_27b_local,160,1.0,0.9394166666666668,-0.0605833333333333,higher_is_better,-0.0605833333333333,-0.0770630208333333,-0.0454684895833333,1.1043089620507046e-10,9.938780658456338e-10,-1.0,traditional_better
direction_consistency_rate,lime,llm_lime,qwen36_27b_local,160,0.61325,0.8704374999999999,0.2571875,higher_is_better,0.2571875,0.2121249999999999,0.3038765625,1.1548071101144801e-18,2.30961422022896e-17,0.8352983856339561,llm_informed_better
direction_consistency_rate,kernelshap,llm_kernelshap,qwen36_27b_local,160,0.9385,0.767,-0.1715,higher_is_better,-0.1715,-0.1969999999999999,-0.1455,2.322011134645539e-20,5.34062560968474e-19,-0.9123014169171318,traditional_better
direction_consistency_rate,lofo,llm_lofo,qwen36_27b_local,160,0.9475,0.8651249999999999,-0.082375,higher_is_better,-0.082375,-0.1016875,-0.0639375,6.215980092289752e-13,8.080774119976677e-12,-0.8759051186017478,traditional_better
direction_consistency_rate,counterfactual,llm_counterfactual,qwen36_27b_local,160,0.8800000000000001,0.8379375,-0.0420625,higher_is_better,-0.0420625,-0.0743140625,-0.0101234375,0.0316943456649603,0.095083036994881,-0.2302848575712144,no_significant_difference
meaningful_effect_rate,lime,llm_lime,qwen36_27b_local,160,0.7237499999999999,0.7137499999999999,-0.0099999999999999,higher_is_better,-0.0099999999999999,-0.0356890624999999,0.0153140624999999,0.5335154132187818,0.5335154132187818,-0.0638670166229221,no_significant_difference
meaningful_effect_rate,kernelshap,llm_kernelshap,qwen36_27b_local,160,0.841,0.7135,-0.1275,higher_is_better,-0.1275,-0.15475,-0.10175,4.201035841295815e-15,6.301553761943722e-14,-0.8017962598425197,traditional_better
meaningful_effect_rate,lofo,llm_lofo,qwen36_27b_local,160,0.8275,0.7004374999999999,-0.1270625,higher_is_better,-0.1270625,-0.1555625,-0.0982484375,1.6527539329746044e-12,1.6527539329746043e-11,-0.7330186205087857,traditional_better
meaningful_effect_rate,counterfactual,llm_counterfactual,qwen36_27b_local,160,0.8125,0.7042499999999999,-0.10825,higher_is_better,-0.10825,-0.139625,-0.0773125,1.1144837655289342e-09,8.915870124231474e-09,-0.5990690785993864,traditional_better
mean_absolute_delta_probability,lime,llm_lime,qwen36_27b_local,160,0.1098584175072632,0.1032451818395822,-0.006613235667681,higher_is_better,-0.006613235667681,-0.0099496487734338,-0.0033070614376752,0.0003341374761614,0.0016706873808073,-0.3279874213836478,traditional_better
mean_absolute_delta_probability,kernelshap,llm_kernelshap,qwen36_27b_local,160,0.1261753713122638,0.1042381238789592,-0.0219372474333045,higher_is_better,-0.0219372474333045,-0.025455399498494,-0.0185562816448663,2.2348239701245616e-23,6.257507116348773e-22,-0.9137011384443914,traditional_better
mean_absolute_delta_probability,lofo,llm_lofo,qwen36_27b_local,160,0.1212978485578975,0.1027986568013866,-0.0184991917565109,higher_is_better,-0.0184991917565109,-0.0222457649907917,-0.0148865155878272,1.1040684395449938e-17,1.7665095032719902e-16,-0.7804347826086957,traditional_better
mean_absolute_delta_probability,counterfactual,llm_counterfactual,qwen36_27b_local,160,0.1237379802709041,0.1014241095174319,-0.0223138707534722,higher_is_better,-0.0223138707534722,-0.0263006184730984,-0.0183416356880011,6.421327215891173e-21,1.5411185318138817e-19,-0.8552018633540373,traditional_better
pairwise_jaccard_between_instance,lime,llm_lime,qwen36_27b_local,160,0.8194299289891396,0.5048087719298245,-0.314621157059315,lower_is_better,0.314621157059315,-0.3306696972901002,-0.2988013123955723,5.339081441389514e-28,1.7085060612446444e-26,-0.9998447204968944,llm_informed_better
pairwise_jaccard_between_instance,kernelshap,llm_kernelshap,qwen36_27b_local,160,0.4028359440267334,0.5012195071010861,0.0983835630743525,lower_is_better,-0.0983835630743525,0.082728203320802,0.1143603004908103,6.225345095675507e-19,1.3073224700918563e-17,0.8100931677018633,traditional_better
pairwise_jaccard_between_instance,lofo,llm_lofo,qwen36_27b_local,160,0.3298558897243108,0.4345874373433583,0.1047315476190476,lower_is_better,-0.1047315476190476,0.0865971600877193,0.1226452737312029,2.519797692185193e-18,4.2836560767148285e-17,0.7958074534161491,traditional_better
pairwise_jaccard_between_instance,counterfactual,llm_counterfactual,qwen36_27b_local,160,0.4236842105263158,0.5415101086048454,0.1178258980785296,lower_is_better,-0.1178258980785296,0.0910221307174185,0.1441446720969089,1.137652323309258e-12,1.2514175556401836e-11,0.6482919254658385,traditional_better
instance_idf_specificity,lime,llm_lime,qwen36_27b_local,160,0.0512503102077374,0.124454437034163,0.0732041268264255,higher_is_better,0.0732041268264255,0.0588593273614669,0.087174823938019,1.5529271427069085e-18,2.950561571143126e-17,0.800776397515528,llm_informed_better
instance_idf_specificity,kernelshap,llm_kernelshap,qwen36_27b_local,160,0.2192651502413834,0.1364330414029229,-0.0828321088384605,higher_is_better,-0.0828321088384605,-0.0960951763503926,-0.0698546038548452,6.751938848924999e-20,1.4854265467635e-18,-0.8322981366459627,traditional_better
instance_idf_specificity,lofo,llm_lofo,qwen36_27b_local,160,0.2735944429020274,0.147471253001949,-0.1261231899000783,higher_is_better,-0.1261231899000783,-0.140535487407185,-0.1116428884764401,1.0931034283554746e-24,3.279310285066424e-23,-0.9349378881987578,traditional_better
instance_idf_specificity,counterfactual,llm_counterfactual,qwen36_27b_local,160,0.2270957053924111,0.1087426781305793,-0.1183530272618317,higher_is_better,-0.1183530272618317,-0.1342128081641351,-0.1022927031960208,8.644321159529636e-23,2.2475235014777056e-21,-0.8956521739130435,traditional_better
