scope,dataset,category,metric,traditional_method,llm_informed_method,llm_model,n_pairs,traditional_mean,llm_mean,mean_difference_llm_minus_traditional,wilcoxon_statistic,p_value,rank_biserial_correlation,paired_bootstrap_ci_low,paired_bootstrap_ci_high,confidence_level
overall,,,overlap_at_k,lime,llm_lime,qwen36_27b_local,160,0.917375,0.8300000000000001,-0.08737500000000001,1536.5,3.1171825971538236e-13,-0.7015345765345765,-0.10787499999999998,-0.06649687500000005,0.95
dataset_category,openstack,TP,overlap_at_k,lime,llm_lime,qwen36_27b_local,20,0.9030000000000001,0.8240000000000002,-0.07899999999999999,21.0,0.008542393861876165,-0.7254901960784313,-0.13899999999999996,-0.004999999999999982,0.95
dataset_category,openstack,TN,overlap_at_k,lime,llm_lime,qwen36_27b_local,20,0.9279999999999999,0.7750000000000001,-0.15299999999999997,6.0,0.000527547122891061,-0.9298245614035088,-0.21399999999999997,-0.094,0.95
dataset_category,openstack,FP,overlap_at_k,lime,llm_lime,qwen36_27b_local,20,0.909,0.9020000000000001,-0.006999999999999995,94.0,0.6788542488443727,0.10476190476190476,-0.064,0.044000000000000004,0.95
dataset_category,openstack,FN,overlap_at_k,lime,llm_lime,qwen36_27b_local,20,0.913,0.807,-0.10600000000000002,22.0,0.0032657170490866913,-0.7684210526315789,-0.15400000000000003,-0.05400000000000001,0.95
dataset_category,qt,TP,overlap_at_k,lime,llm_lime,qwen36_27b_local,20,0.9270000000000002,0.8720000000000001,-0.05500000000000001,23.0,0.019435484929866183,-0.6617647058823529,-0.09200000000000001,-0.017000000000000022,0.95
dataset_category,qt,TN,overlap_at_k,lime,llm_lime,qwen36_27b_local,20,0.9309999999999998,0.8200000000000001,-0.11100000000000002,8.0,0.0011376258050609428,-0.8954248366013072,-0.15599999999999997,-0.06699999999999999,0.95
dataset_category,qt,FP,overlap_at_k,lime,llm_lime,qwen36_27b_local,20,0.9140000000000003,0.8370000000000001,-0.07699999999999999,42.0,0.05748212420396657,-0.5087719298245614,-0.14200000000000004,-0.009999999999999981,0.95
dataset_category,qt,FN,overlap_at_k,lime,llm_lime,qwen36_27b_local,20,0.914,0.8029999999999999,-0.11100000000000002,10.0,0.0009977003654748353,-0.8830409356725146,-0.16399999999999998,-0.059999999999999984,0.95
overall,,,overlap_at_k,kernelshap,llm_kernelshap,qwen36_27b_local,160,0.9564999999999999,0.850375,-0.10612499999999998,741.5,2.162509835503479e-18,-0.8497467071935157,-0.12349999999999998,-0.089,0.95
dataset_category,openstack,TP,overlap_at_k,kernelshap,llm_kernelshap,qwen36_27b_local,20,0.9149999999999998,0.8549999999999999,-0.06000000000000001,41.0,0.09253921963184694,-0.46405228758169936,-0.121,0.0,0.95
dataset_category,openstack,TN,overlap_at_k,kernelshap,llm_kernelshap,qwen36_27b_local,20,0.976,0.8110000000000002,-0.165,0.0,0.00012774301113149903,-1.0,-0.205,-0.12799999999999997,0.95
dataset_category,openstack,FP,overlap_at_k,kernelshap,llm_kernelshap,qwen36_27b_local,20,0.945,0.8950000000000001,-0.049999999999999996,44.0,0.06671181621419171,-0.4853801169590643,-0.10200000000000001,-0.001999999999999996,0.95
dataset_category,openstack,FN,overlap_at_k,kernelshap,llm_kernelshap,qwen36_27b_local,20,0.9549999999999998,0.851,-0.10400000000000001,8.5,0.002018300675933877,-0.875,-0.154,-0.05500000000000001,0.95
dataset_category,qt,TP,overlap_at_k,kernelshap,llm_kernelshap,qwen36_27b_local,20,0.967,0.8960000000000001,-0.071,13.0,0.004194047655944127,-0.8088235294117647,-0.10599999999999998,-0.034999999999999996,0.95
dataset_category,qt,TN,overlap_at_k,kernelshap,llm_kernelshap,qwen36_27b_local,20,0.97,0.796,-0.174,0.0,0.00012814775902709785,-1.0,-0.213,-0.135,0.95
dataset_category,qt,FP,overlap_at_k,kernelshap,llm_kernelshap,qwen36_27b_local,20,0.9640000000000001,0.8710000000000001,-0.09299999999999997,9.0,0.0021193326829695015,-0.8676470588235294,-0.13099999999999998,-0.05299999999999998,0.95
dataset_category,qt,FN,overlap_at_k,kernelshap,llm_kernelshap,qwen36_27b_local,20,0.9600000000000002,0.8280000000000001,-0.13199999999999998,4.0,0.00024022570805091637,-0.9578947368421052,-0.174,-0.08900000000000001,0.95
overall,,,overlap_at_k,lofo,llm_lofo,qwen36_27b_local,160,1.0,0.8285,-0.17149999999999999,0.0,1.827609471962058e-24,-1.0,-0.18987499999999996,-0.15362499999999998,0.95
dataset_category,openstack,TP,overlap_at_k,lofo,llm_lofo,qwen36_27b_local,20,1.0,0.8830000000000002,-0.11699999999999999,0.0,0.0005655466975986879,-1.0,-0.16299999999999998,-0.07399999999999998,0.95
dataset_category,openstack,TN,overlap_at_k,lofo,llm_lofo,qwen36_27b_local,20,1.0,0.7770000000000001,-0.223,0.0,8.646063208626282e-05,-1.0,-0.286,-0.16699999999999998,0.95
dataset_category,openstack,FP,overlap_at_k,lofo,llm_lofo,qwen36_27b_local,20,1.0,0.8850000000000001,-0.11499999999999999,0.0,0.0006289394206546052,-1.0,-0.156,-0.07799999999999997,0.95
dataset_category,openstack,FN,overlap_at_k,lofo,llm_lofo,qwen36_27b_local,20,1.0,0.8180000000000002,-0.182,0.0,0.0002867807710225915,-1.0,-0.242,-0.127,0.95
dataset_category,qt,TP,overlap_at_k,lofo,llm_lofo,qwen36_27b_local,20,1.0,0.8240000000000001,-0.176,0.0,0.00028734688212536007,-1.0,-0.22600000000000003,-0.12499999999999997,0.95
dataset_category,qt,TN,overlap_at_k,lofo,llm_lofo,qwen36_27b_local,20,1.0,0.819,-0.181,0.0,0.0004310317673230324,-1.0,-0.23199999999999998,-0.129,0.95
dataset_category,qt,FP,overlap_at_k,lofo,llm_lofo,qwen36_27b_local,20,1.0,0.833,-0.16699999999999998,0.0,0.00018831717940617367,-1.0,-0.2160249999999998,-0.121,0.95
dataset_category,qt,FN,overlap_at_k,lofo,llm_lofo,qwen36_27b_local,20,1.0,0.7889999999999999,-0.211,0.0,8.646063208626282e-05,-1.0,-0.244,-0.17999999999999997,0.95
overall,,,overlap_at_k,counterfactual,llm_counterfactual,qwen36_27b_local,160,1.0,0.829,-0.17099999999999999,0.0,2.871510640364527e-25,-1.0,-0.18612499999999996,-0.15599999999999997,0.95
dataset_category,openstack,TP,overlap_at_k,counterfactual,llm_counterfactual,qwen36_27b_local,20,1.0,0.783,-0.217,0.0,0.00028396230879607526,-1.0,-0.2700249999999998,-0.16199999999999998,0.95
dataset_category,openstack,TN,overlap_at_k,counterfactual,llm_counterfactual,qwen36_27b_local,20,1.0,0.8110000000000002,-0.18899999999999997,0.0,0.0001265345176495922,-1.0,-0.23199999999999998,-0.146,0.95
dataset_category,openstack,FP,overlap_at_k,counterfactual,llm_counterfactual,qwen36_27b_local,20,1.0,0.827,-0.173,0.0,0.00019336227204951276,-1.0,-0.20800000000000002,-0.135,0.95
dataset_category,openstack,FN,overlap_at_k,counterfactual,llm_counterfactual,qwen36_27b_local,20,1.0,0.8100000000000002,-0.19000000000000003,0.0,0.00012754099700777524,-1.0,-0.23099999999999996,-0.15099999999999997,0.95
dataset_category,qt,TP,overlap_at_k,counterfactual,llm_counterfactual,qwen36_27b_local,20,1.0,0.8940000000000001,-0.10599999999999998,0.0,0.0006162019349793729,-1.0,-0.14200000000000004,-0.072,0.95
dataset_category,qt,TN,overlap_at_k,counterfactual,llm_counterfactual,qwen36_27b_local,20,1.0,0.812,-0.188,0.0,0.0001295719512967522,-1.0,-0.227,-0.149,0.95
dataset_category,qt,FP,overlap_at_k,counterfactual,llm_counterfactual,qwen36_27b_local,20,1.0,0.867,-0.133,0.0,0.0002789396696956437,-1.0,-0.16599999999999998,-0.09899999999999998,0.95
dataset_category,qt,FN,overlap_at_k,counterfactual,llm_counterfactual,qwen36_27b_local,20,1.0,0.8280000000000001,-0.172,0.0,0.0001287566826091384,-1.0,-0.20700000000000002,-0.13699999999999998,0.95
overall,,,rank_agreement_at_k,lime,llm_lime,qwen36_27b_local,160,0.9230208333333334,0.8936718750000001,-0.029348958333333335,4220.5,0.0005168927828815565,-0.3194388454406192,-0.043674609375,-0.015221093750000006,0.95
dataset_category,openstack,TP,rank_agreement_at_k,lime,llm_lime,qwen36_27b_local,20,0.9390833333333333,0.9280416666666665,-0.011041666666666672,95.0,0.7285060882568359,-0.09523809523809523,-0.04095885416666666,0.018146354166666642,0.95
dataset_category,openstack,TN,rank_agreement_at_k,lime,llm_lime,qwen36_27b_local,20,0.9365625000000002,0.8689791666666666,-0.06758333333333334,21.0,0.00171142256919972,-0.8,-0.10083437499999999,-0.03491666666666667,0.95
dataset_category,openstack,FP,rank_agreement_at_k,lime,llm_lime,qwen36_27b_local,20,0.9464375,0.9317500000000003,-0.01468750000000001,94.0,0.6812960891900375,-0.10476190476190476,-0.04958333333333335,0.018520833333333313,0.95
dataset_category,openstack,FN,rank_agreement_at_k,lime,llm_lime,qwen36_27b_local,20,0.9302708333333334,0.8694791666666667,-0.06079166666666665,27.0,0.0035889055532021094,-0.7428571428571429,-0.09560468749999997,-0.027457812499999987,0.95
dataset_category,qt,TP,rank_agreement_at_k,lime,llm_lime,qwen36_27b_local,20,0.8972499999999999,0.9023541666666667,0.005104166666666665,74.0,0.26109886169433594,0.29523809523809524,-0.041396874999999986,0.04320833333333331,0.95
dataset_category,qt,TN,rank_agreement_at_k,lime,llm_lime,qwen36_27b_local,20,0.9119375,0.8700416666666667,-0.04189583333333333,55.0,0.06372261047363281,-0.47619047619047616,-0.08150052083333331,-0.0002677083333333827,0.95
dataset_category,qt,FP,rank_agreement_at_k,lime,llm_lime,qwen36_27b_local,20,0.9188749999999999,0.9092291666666668,-0.009645833333333336,88.0,0.7781771795228314,-0.07368421052631578,-0.047938020833333345,0.027585937499999956,0.95
dataset_category,qt,FN,rank_agreement_at_k,lime,llm_lime,qwen36_27b_local,20,0.9037500000000002,0.8694999999999998,-0.03425000000000002,63.0,0.32714387454989213,-0.2631578947368421,-0.08933541666666667,0.01660416666666665,0.95
overall,,,rank_agreement_at_k,kernelshap,llm_kernelshap,qwen36_27b_local,160,0.9740364583333335,0.9377812500000001,-0.03625520833333333,1335.0,8.710247138523237e-13,-0.7091503267973857,-0.0456380859375,-0.0273095703125,0.95
dataset_category,openstack,TP,rank_agreement_at_k,kernelshap,llm_kernelshap,qwen36_27b_local,20,0.9664166666666667,0.9525625000000002,-0.013854166666666678,57.5,0.22241433063369975,-0.32748538011695905,-0.03470833333333333,0.007562499999999983,0.95
dataset_category,openstack,TN,rank_agreement_at_k,kernelshap,llm_kernelshap,qwen36_27b_local,20,0.9795625000000001,0.9021458333333332,-0.07741666666666666,0.0,0.00013162704518922692,-1.0,-0.10437552083333335,-0.05318697916666669,0.95
dataset_category,openstack,FP,rank_agreement_at_k,kernelshap,llm_kernelshap,qwen36_27b_local,20,0.9670625000000002,0.9496249999999999,-0.017437500000000005,48.0,0.10235848911704382,-0.43859649122807015,-0.04329374999999999,0.010458333333333302,0.95
dataset_category,openstack,FN,rank_agreement_at_k,kernelshap,llm_kernelshap,qwen36_27b_local,20,0.9578750000000001,0.9251041666666667,-0.03277083333333331,14.5,0.0019851712401522323,-0.8304093567251462,-0.051333333333333286,-0.015416666666666651,0.95
dataset_category,qt,TP,rank_agreement_at_k,kernelshap,llm_kernelshap,qwen36_27b_local,20,0.9728750000000002,0.9594583333333336,-0.013416666666666643,35.0,0.2719476239947354,-0.3333333333333333,-0.0362083333333333,0.006729687500000012,0.95
dataset_category,qt,TN,rank_agreement_at_k,kernelshap,llm_kernelshap,qwen36_27b_local,20,0.9780000000000001,0.9104374999999999,-0.0675625,11.0,0.0011733890966920638,-0.8713450292397661,-0.10395937499999999,-0.03508333333333334,0.95
dataset_category,qt,FP,rank_agreement_at_k,kernelshap,llm_kernelshap,qwen36_27b_local,20,0.9814375,0.9595833333333333,-0.021854166666666664,15.0,0.03299341248385263,-0.6703296703296703,-0.0404171875,-0.0044375,0.95
dataset_category,qt,FN,rank_agreement_at_k,kernelshap,llm_kernelshap,qwen36_27b_local,20,0.9890625,0.9433333333333334,-0.04572916666666666,6.0,0.0008387616582055303,-0.9215686274509803,-0.06502135416666664,-0.026999479166666677,0.95
overall,,,rank_agreement_at_k,lofo,llm_lofo,qwen36_27b_local,160,1.0,0.9393072916666666,-0.060692708333333345,0.0,5.895805707078227e-21,-1.0,-0.07019036458333333,-0.05164062500000001,0.95
dataset_category,openstack,TP,rank_agreement_at_k,lofo,llm_lofo,qwen36_27b_local,20,1.0,0.9747500000000002,-0.02525,0.0,0.0014201288658119606,-1.0,-0.03675000000000002,-0.014685937500000015,0.95
dataset_category,openstack,TN,rank_agreement_at_k,lofo,llm_lofo,qwen36_27b_local,20,1.0,0.9278124999999999,-0.07218749999999999,0.0,0.00028791380091943705,-1.0,-0.10427083333333331,-0.045625000000000006,0.95
dataset_category,openstack,FP,rank_agreement_at_k,lofo,llm_lofo,qwen36_27b_local,20,1.0,0.9561458333333333,-0.04385416666666668,0.0,0.0022090203462313877,-1.0,-0.06468750000000001,-0.024791666666666674,0.95
dataset_category,openstack,FN,rank_agreement_at_k,lofo,llm_lofo,qwen36_27b_local,20,1.0,0.9144791666666666,-0.08552083333333334,0.0,0.0009758787856927137,-1.0,-0.12635677083333333,-0.0490625,0.95
dataset_category,qt,TP,rank_agreement_at_k,lofo,llm_lofo,qwen36_27b_local,20,1.0,0.9321875000000002,-0.06781250000000001,0.0,0.0009730565294466851,-1.0,-0.09395833333333334,-0.04322656250000004,0.95
dataset_category,qt,TN,rank_agreement_at_k,lofo,llm_lofo,qwen36_27b_local,20,1.0,0.9497916666666667,-0.05020833333333334,0.0,0.0014492334559826675,-1.0,-0.07541666666666669,-0.02812500000000001,0.95
dataset_category,qt,FP,rank_agreement_at_k,lofo,llm_lofo,qwen36_27b_local,20,1.0,0.9480208333333333,-0.051979166666666674,0.0,0.0006516660806139112,-1.0,-0.07739583333333333,-0.031250000000000035,0.95
dataset_category,qt,FN,rank_agreement_at_k,lofo,llm_lofo,qwen36_27b_local,20,1.0,0.9112708333333334,-0.08872916666666668,0.0,0.0001308020996998329,-1.0,-0.10787500000000003,-0.07000000000000002,0.95
overall,,,rank_agreement_at_k,counterfactual,llm_counterfactual,qwen36_27b_local,160,1.0,0.9012578125000001,-0.0987421875,0.0,3.0332243934701535e-23,-1.0,-0.11224485677083335,-0.085991796875,0.95
dataset_category,openstack,TP,rank_agreement_at_k,counterfactual,llm_counterfactual,qwen36_27b_local,20,1.0,0.9299375000000001,-0.07006249999999999,0.0,0.00029247830381213256,-1.0,-0.09677187500000001,-0.04602031249999998,0.95
dataset_category,openstack,TN,rank_agreement_at_k,counterfactual,llm_counterfactual,qwen36_27b_local,20,1.0,0.9019583333333333,-0.09804166666666667,0.0,0.00043777719457466354,-1.0,-0.1285427083333333,-0.0682291666666667,0.95
dataset_category,openstack,FP,rank_agreement_at_k,counterfactual,llm_counterfactual,qwen36_27b_local,20,1.0,0.9128333333333334,-0.08716666666666666,0.0,0.00029247830381213256,-1.0,-0.11818906249999998,-0.05814583333333336,0.95
dataset_category,openstack,FN,rank_agreement_at_k,counterfactual,llm_counterfactual,qwen36_27b_local,20,1.0,0.8250624999999999,-0.17493750000000002,0.0,0.0001318338889828333,-1.0,-0.21896041666666663,-0.1337484375,0.95
dataset_category,qt,TP,rank_agreement_at_k,counterfactual,llm_counterfactual,qwen36_27b_local,20,1.0,0.9521875,-0.047812499999999994,0.0,0.002217721464237049,-1.0,-0.07102083333333334,-0.02683333333333334,0.95
dataset_category,qt,TN,rank_agreement_at_k,counterfactual,llm_counterfactual,qwen36_27b_local,20,1.0,0.8907708333333334,-0.10922916666666671,0.0,0.000194724286386347,-1.0,-0.149521875,-0.07260260416666671,0.95
dataset_category,qt,FP,rank_agreement_at_k,counterfactual,llm_counterfactual,qwen36_27b_local,20,1.0,0.9417083333333333,-0.05829166666666667,0.0,0.0006483852534615971,-1.0,-0.08225052083333334,-0.036375000000000025,0.95
dataset_category,qt,FN,rank_agreement_at_k,counterfactual,llm_counterfactual,qwen36_27b_local,20,1.0,0.8556041666666667,-0.14439583333333333,0.0,0.00029247830381213256,-1.0,-0.18833385416666665,-0.10104114583333333,0.95
overall,,,direction_agreement_at_k,lime,llm_lime,qwen36_27b_local,160,1.0,0.9564583333333335,-0.043541666666666666,0.0,2.3864226208669033e-09,-1.0,-0.05656276041666666,-0.031176822916666673,0.95
dataset_category,openstack,TP,direction_agreement_at_k,lime,llm_lime,qwen36_27b_local,20,1.0,0.9705,-0.0295,0.0,0.10880943004054568,-1.0,-0.06233333333333333,0.0,0.95
dataset_category,openstack,TN,direction_agreement_at_k,lime,llm_lime,qwen36_27b_local,20,1.0,0.9635,-0.03649999999999999,0.0,0.06788915486182899,-1.0,-0.08099999999999996,-0.004499999999999999,0.95
dataset_category,openstack,FP,direction_agreement_at_k,lime,llm_lime,qwen36_27b_local,20,1.0,0.97875,-0.021249999999999998,0.0,0.043114446783075355,-1.0,-0.039749999999999994,-0.006,0.95
dataset_category,openstack,FN,direction_agreement_at_k,lime,llm_lime,qwen36_27b_local,20,1.0,0.9446666666666665,-0.055333333333333345,0.0,0.017960477526078766,-1.0,-0.09591666666666668,-0.020416666666666666,0.95
dataset_category,qt,TP,direction_agreement_at_k,lime,llm_lime,qwen36_27b_local,20,1.0,0.9534166666666666,-0.04658333333333334,0.0,0.027707849358079864,-1.0,-0.09266666666666667,-0.011250000000000005,0.95
dataset_category,qt,TN,direction_agreement_at_k,lime,llm_lime,qwen36_27b_local,20,1.0,0.9186666666666667,-0.08133333333333333,0.0,0.005033508200606249,-1.0,-0.13066874999999997,-0.038583333333333344,0.95
dataset_category,qt,FP,direction_agreement_at_k,lime,llm_lime,qwen36_27b_local,20,1.0,0.9838333333333334,-0.016166666666666663,0.0,0.17971249487899976,-1.0,-0.04183333333333332,0.0,0.95
dataset_category,qt,FN,direction_agreement_at_k,lime,llm_lime,qwen36_27b_local,20,1.0,0.9383333333333332,-0.06166666666666667,0.0,0.005005074402905223,-1.0,-0.10024999999999999,-0.028831250000000027,0.95
overall,,,direction_agreement_at_k,kernelshap,llm_kernelshap,qwen36_27b_local,160,1.0,0.9784375000000001,-0.021562500000000002,0.0,3.6207583197915065e-07,-1.0,-0.029395833333333333,-0.014552083333333335,0.95
dataset_category,openstack,TP,direction_agreement_at_k,kernelshap,llm_kernelshap,qwen36_27b_local,20,1.0,0.976,-0.024,0.0,0.06788915486182899,-1.0,-0.0485,-0.003999999999999998,0.95
dataset_category,openstack,TN,direction_agreement_at_k,kernelshap,llm_kernelshap,qwen36_27b_local,20,1.0,0.9649166666666666,-0.035083333333333334,0.0,0.043114446783075355,-1.0,-0.06591666666666667,-0.009499999999999998,0.95
dataset_category,openstack,FP,direction_agreement_at_k,kernelshap,llm_kernelshap,qwen36_27b_local,20,1.0,0.9825000000000002,-0.017500000000000005,0.0,0.04216819709715596,-1.0,-0.03400000000000001,-0.0040000000000000036,0.95
dataset_category,openstack,FN,direction_agreement_at_k,kernelshap,llm_kernelshap,qwen36_27b_local,20,1.0,0.9690000000000001,-0.031,0.0,0.043114446783075355,-1.0,-0.06475,-0.0050000000000000044,0.95
dataset_category,qt,TP,direction_agreement_at_k,kernelshap,llm_kernelshap,qwen36_27b_local,20,1.0,0.991,-0.008999999999999998,0.0,0.10880943004054568,-1.0,-0.02049999999999999,0.0,0.95
dataset_category,qt,TN,direction_agreement_at_k,kernelshap,llm_kernelshap,qwen36_27b_local,20,1.0,0.9737500000000001,-0.026249999999999996,0.0,0.043114446783075355,-1.0,-0.04833541666666664,-0.007416666666666666,0.95
dataset_category,qt,FP,direction_agreement_at_k,kernelshap,llm_kernelshap,qwen36_27b_local,20,1.0,0.9783333333333333,-0.021666666666666674,0.0,0.043114446783075355,-1.0,-0.04133333333333335,-0.0050000000000000044,0.95
dataset_category,qt,FN,direction_agreement_at_k,kernelshap,llm_kernelshap,qwen36_27b_local,20,1.0,0.992,-0.007999999999999997,0.0,0.17971249487899976,-1.0,-0.02049999999999999,0.0,0.95
overall,,,direction_agreement_at_k,lofo,llm_lofo,qwen36_27b_local,160,1.0,0.9978958333333333,-0.0021041666666666665,0.0,0.17971249487899976,-1.0,-0.005479166666666667,0.0,0.95
dataset_category,openstack,TP,direction_agreement_at_k,lofo,llm_lofo,qwen36_27b_local,20,1.0,1.0,0.0,0.0,1.0,0.0,0.0,0.0,0.95
dataset_category,openstack,TN,direction_agreement_at_k,lofo,llm_lofo,qwen36_27b_local,20,1.0,1.0,0.0,0.0,1.0,0.0,0.0,0.0,0.95
dataset_category,openstack,FP,direction_agreement_at_k,lofo,llm_lofo,qwen36_27b_local,20,1.0,1.0,0.0,0.0,1.0,0.0,0.0,0.0,0.95
dataset_category,openstack,FN,direction_agreement_at_k,lofo,llm_lofo,qwen36_27b_local,20,1.0,1.0,0.0,0.0,1.0,0.0,0.0,0.0,0.95
dataset_category,qt,TP,direction_agreement_at_k,lofo,llm_lofo,qwen36_27b_local,20,1.0,1.0,0.0,0.0,1.0,0.0,0.0,0.0,0.95
dataset_category,qt,TN,direction_agreement_at_k,lofo,llm_lofo,qwen36_27b_local,20,1.0,0.9933333333333334,-0.006666666666666665,0.0,0.31731050786291415,-1.0,-0.019999999999999997,0.0,0.95
dataset_category,qt,FP,direction_agreement_at_k,lofo,llm_lofo,qwen36_27b_local,20,1.0,1.0,0.0,0.0,1.0,0.0,0.0,0.0,0.95
dataset_category,qt,FN,direction_agreement_at_k,lofo,llm_lofo,qwen36_27b_local,20,1.0,0.9898333333333333,-0.010166666666666668,0.0,0.31731050786291415,-1.0,-0.030500000000000006,0.0,0.95
overall,,,direction_agreement_at_k,counterfactual,llm_counterfactual,qwen36_27b_local,160,1.0,0.9394166666666667,-0.06058333333333334,0.0,1.1043089620507046e-10,-1.0,-0.07706302083333331,-0.04546848958333334,0.95
dataset_category,openstack,TP,direction_agreement_at_k,counterfactual,llm_counterfactual,qwen36_27b_local,20,1.0,0.9819166666666665,-0.01808333333333334,0.0,0.06788915486182899,-1.0,-0.03600000000000001,-0.0025000000000000022,0.95
dataset_category,openstack,TN,direction_agreement_at_k,counterfactual,llm_counterfactual,qwen36_27b_local,20,1.0,0.9093333333333333,-0.09066666666666667,0.0,0.007685794055213263,-1.0,-0.14458333333333334,-0.04058333333333334,0.95
dataset_category,openstack,FP,direction_agreement_at_k,counterfactual,llm_counterfactual,qwen36_27b_local,20,1.0,0.9725833333333334,-0.027416666666666662,0.0,0.06788915486182899,-1.0,-0.05824999999999999,-0.0032499999999999972,0.95
dataset_category,openstack,FN,direction_agreement_at_k,counterfactual,llm_counterfactual,qwen36_27b_local,20,1.0,0.8455833333333335,-0.15441666666666665,0.0,0.002217721464237049,-1.0,-0.22025208333333332,-0.09007916666666671,0.95
dataset_category,qt,TP,direction_agreement_at_k,counterfactual,llm_counterfactual,qwen36_27b_local,20,1.0,0.9925833333333334,-0.00741666666666666,0.0,0.17971249487899976,-1.0,-0.01958333333333332,0.0,0.95
dataset_category,qt,TN,direction_agreement_at_k,counterfactual,llm_counterfactual,qwen36_27b_local,20,1.0,0.92125,-0.07875,0.0,0.007685794055213263,-1.0,-0.12650208333333332,-0.03683333333333333,0.95
dataset_category,qt,FP,direction_agreement_at_k,counterfactual,llm_counterfactual,qwen36_27b_local,20,1.0,0.9716666666666667,-0.02833333333333334,0.0,0.04216819709715596,-1.0,-0.054333333333333345,-0.006500000000000001,0.95
dataset_category,qt,FN,direction_agreement_at_k,counterfactual,llm_counterfactual,qwen36_27b_local,20,1.0,0.9204166666666665,-0.07958333333333333,0.0,0.005005074402905223,-1.0,-0.12158333333333333,-0.04058125000000003,0.95
overall,,,score_stability,lime,llm_lime,qwen36_27b_local,160,0.9441854184258478,0.7942709186157548,-0.14991449981009292,904.0,4.046436210599211e-21,-0.8596273291925466,-0.17402899642555014,-0.1254995854546588,0.95
dataset_category,openstack,TP,score_stability,lime,llm_lime,qwen36_27b_local,20,0.9153870352400599,0.8307250427037192,-0.08466199253634077,31.0,0.0042209625244140625,-0.7047619047619048,-0.15708991253337687,0.013862884388903722,0.95
dataset_category,openstack,TN,score_stability,lime,llm_lime,qwen36_27b_local,20,0.9550402107522793,0.7110972009958454,-0.2439430097564339,2.0,5.7220458984375e-06,-0.9809523809523809,-0.3218556752371465,-0.1713770806832539,0.95
dataset_category,openstack,FP,score_stability,lime,llm_lime,qwen36_27b_local,20,0.9474612437707401,0.8861084583667622,-0.06135278540397794,40.0,0.013616561889648438,-0.6190476190476191,-0.1031992464889914,-0.019711105459785355,0.95
dataset_category,openstack,FN,score_stability,lime,llm_lime,qwen36_27b_local,20,0.9467918820238124,0.7266850286838903,-0.22010685333992225,2.0,5.7220458984375e-06,-0.9809523809523809,-0.27476292031882904,-0.16596060747815153,0.95
dataset_category,qt,TP,score_stability,lime,llm_lime,qwen36_27b_local,20,0.9542847076204384,0.8584179867666348,-0.09586672085380352,17.0,0.0003948211669921875,-0.8380952380952381,-0.13417488020457097,-0.05876309703005867,0.95
dataset_category,qt,TN,score_stability,lime,llm_lime,qwen36_27b_local,20,0.9559458464530589,0.777612022761897,-0.17833382369116213,5.0,1.9073486328125e-05,-0.9523809523809523,-0.2174473916519688,-0.1339726977894275,0.95
dataset_category,qt,FP,score_stability,lime,llm_lime,qwen36_27b_local,20,0.9290949103277197,0.8235152176192024,-0.10557969270851772,41.0,0.01531219482421875,-0.6095238095238096,-0.18433014604955325,-0.020998260612560632,0.95
dataset_category,qt,FN,score_stability,lime,llm_lime,qwen36_27b_local,20,0.9494775112186723,0.7400063910280869,-0.20947112019058522,3.0,9.5367431640625e-06,-0.9714285714285714,-0.2709351790068716,-0.14757472568654395,0.95
overall,,,score_stability,kernelshap,llm_kernelshap,qwen36_27b_local,160,0.9701718229328161,0.8592618075332377,-0.11091001539957841,748.0,3.099731877153056e-22,-0.8838509316770187,-0.1304090536841245,-0.09175823882125991,0.95
dataset_category,openstack,TP,score_stability,kernelshap,llm_kernelshap,qwen36_27b_local,20,0.9500027878418633,0.8984960779748358,-0.05150670986702747,45.0,0.023950576782226562,-0.5714285714285714,-0.09024305400228598,-0.014884435080549256,0.95
dataset_category,openstack,TN,score_stability,kernelshap,llm_kernelshap,qwen36_27b_local,20,0.9825827993832347,0.7672455336206218,-0.21533726576261283,3.0,9.5367431640625e-06,-0.9714285714285714,-0.29004786968257146,-0.14756888535927426,0.95
dataset_category,openstack,FP,score_stability,kernelshap,llm_kernelshap,qwen36_27b_local,20,0.9620611003717231,0.9075652958923122,-0.054495804479410825,38.0,0.01068878173828125,-0.638095238095238,-0.09737039313257569,-0.019237293065620623,0.95
dataset_category,openstack,FN,score_stability,kernelshap,llm_kernelshap,qwen36_27b_local,20,0.9667204222149994,0.8452403114722428,-0.12148011074275664,7.0,3.62396240234375e-05,-0.9333333333333333,-0.18894600452001603,-0.06535116609582131,0.95
dataset_category,qt,TP,score_stability,kernelshap,llm_kernelshap,qwen36_27b_local,20,0.9789657462475796,0.930954923140372,-0.048010823107207785,21.0,0.000850677490234375,-0.8,-0.0768684790950845,-0.022308599411689684,0.95
dataset_category,qt,TN,score_stability,kernelshap,llm_kernelshap,qwen36_27b_local,20,0.9747155494187403,0.7649448810943227,-0.20977066832441787,1.0,3.814697265625e-06,-0.9904761904761905,-0.2640336403089537,-0.1563733760796014,0.95
dataset_category,qt,FP,score_stability,kernelshap,llm_kernelshap,qwen36_27b_local,20,0.9733833578411671,0.8957116059583962,-0.07767175188277123,8.0,4.76837158203125e-05,-0.9238095238095239,-0.11410252174362004,-0.045045924887879375,0.95
dataset_category,qt,FN,score_stability,kernelshap,llm_kernelshap,qwen36_27b_local,20,0.9729428201432212,0.8639358311127985,-0.10900698903042275,2.0,5.7220458984375e-06,-0.9809523809523809,-0.14065287038436974,-0.07810246809100706,0.95
overall,,,score_stability,lofo,llm_lofo,qwen36_27b_local,160,1.0,0.8176003198199459,-0.18239968018005404,0.0,2.2256738522459943e-25,-1.0,-0.2063869376707703,-0.15945151079949202,0.95
dataset_category,openstack,TP,score_stability,lofo,llm_lofo,qwen36_27b_local,20,1.0,0.908807673755496,-0.09119232624450385,0.0,0.0006549583433856954,-1.0,-0.12811701307834072,-0.05570034011526873,0.95
dataset_category,openstack,TN,score_stability,lofo,llm_lofo,qwen36_27b_local,20,1.0,0.732847015149378,-0.267152984850622,0.0,1.9073486328125e-06,-1.0,-0.355762279783295,-0.18795307185514792,0.95
dataset_category,openstack,FP,score_stability,lofo,llm_lofo,qwen36_27b_local,20,1.0,0.8894959765980959,-0.11050402340190404,0.0,0.0006549583433856954,-1.0,-0.15423032629339092,-0.0699505429184686,0.95
dataset_category,openstack,FN,score_stability,lofo,llm_lofo,qwen36_27b_local,20,1.0,0.7928046334955703,-0.20719536650442957,0.0,0.0002930525201924893,-1.0,-0.2794288605766695,-0.13868808016097783,0.95
dataset_category,qt,TP,score_stability,lofo,llm_lofo,qwen36_27b_local,20,1.0,0.8372393980507413,-0.16276060194925876,0.0,0.00013162704518922692,-1.0,-0.2231003872693142,-0.10833921140847476,0.95
dataset_category,qt,TN,score_stability,lofo,llm_lofo,qwen36_27b_local,20,0.9999999999999998,0.7894045140089592,-0.21059548599104053,0.0,0.0001318338889828333,-1.0,-0.28171535347960364,-0.1408520838729142,0.95
dataset_category,qt,FP,score_stability,lofo,llm_lofo,qwen36_27b_local,20,1.0,0.8600104829546569,-0.13998951704534332,0.0,0.0001318338889828333,-1.0,-0.19185241059853064,-0.09373281830802334,0.95
dataset_category,qt,FN,score_stability,lofo,llm_lofo,qwen36_27b_local,20,0.9999999999999997,0.7301928645466694,-0.2698071354533303,0.0,1.9073486328125e-06,-1.0,-0.32400742682947065,-0.21807596404399002,0.95
overall,,,score_stability,counterfactual,llm_counterfactual,qwen36_27b_local,160,1.0,0.8014110054267451,-0.1985889945732548,0.0,1.079221572524015e-26,-1.0,-0.22028140197799595,-0.1772842453445476,0.95
dataset_category,openstack,TP,score_stability,counterfactual,llm_counterfactual,qwen36_27b_local,20,1.0,0.8164431041849654,-0.1835568958150348,0.0,0.00019643672621231134,-1.0,-0.23906987825029144,-0.13167098876307776,0.95
dataset_category,openstack,TN,score_stability,counterfactual,llm_counterfactual,qwen36_27b_local,20,1.0,0.7922100780896947,-0.20778992191030535,0.0,0.0001318338889828333,-1.0,-0.2822545052293323,-0.1413934927025137,0.95
dataset_category,openstack,FP,score_stability,counterfactual,llm_counterfactual,qwen36_27b_local,20,1.0,0.8304626968187956,-0.16953730318120433,0.0,0.0001318338889828333,-1.0,-0.21594284763177238,-0.12238712473049125,0.95
dataset_category,openstack,FN,score_stability,counterfactual,llm_counterfactual,qwen36_27b_local,20,1.0,0.7328079185687484,-0.26719208143125156,0.0,1.9073486328125e-06,-1.0,-0.3285040585379117,-0.2080493667734749,0.95
dataset_category,qt,TP,score_stability,counterfactual,llm_counterfactual,qwen36_27b_local,20,1.0,0.9088284213942799,-0.09117157860571994,0.0,0.0002930525201924893,-1.0,-0.12112636003794773,-0.06276664038672292,0.95
dataset_category,qt,TN,score_stability,counterfactual,llm_counterfactual,qwen36_27b_local,20,1.0,0.7719481333245849,-0.22805186667541516,0.0,0.0001318338889828333,-1.0,-0.29516399735367443,-0.16533183769599674,0.95
dataset_category,qt,FP,score_stability,counterfactual,llm_counterfactual,qwen36_27b_local,20,1.0,0.8315619244438466,-0.16843807555615337,0.0,1.9073486328125e-06,-1.0,-0.2162448851538258,-0.12430851825068467,0.95
dataset_category,qt,FN,score_stability,counterfactual,llm_counterfactual,qwen36_27b_local,20,1.0,0.7270257665890459,-0.27297423341095395,0.0,1.9073486328125e-06,-1.0,-0.33526151887279837,-0.2123486192451198,0.95
overall,,,direction_consistency_rate,lime,llm_lime,qwen36_27b_local,160,0.61325,0.8704374999999999,0.2571875,908.0,1.1548071101144801e-18,0.8352983856339561,0.21212499999999998,0.3038765625,0.95
dataset_category,openstack,TP,direction_consistency_rate,lime,llm_lime,qwen36_27b_local,20,0.776,0.942,0.166,1.5,0.000374629082639469,0.9803921568627451,0.11400000000000002,0.22000000000000006,0.95
dataset_category,openstack,TN,direction_consistency_rate,lime,llm_lime,qwen36_27b_local,20,0.4640000000000001,0.8015000000000001,0.3375,9.0,0.0005336283136346559,0.9052631578947369,0.19750000000000004,0.48649999999999993,0.95
dataset_category,openstack,FP,direction_consistency_rate,lime,llm_lime,qwen36_27b_local,20,0.718,0.9399999999999998,0.22200000000000003,6.5,0.00036129474508927014,0.9315789473684211,0.15199999999999997,0.28800000000000003,0.95
dataset_category,openstack,FN,direction_consistency_rate,lime,llm_lime,qwen36_27b_local,20,0.6220000000000001,0.7985,0.1765,31.0,0.031201965643926893,0.5947712418300654,0.051000000000000004,0.3095,0.95
dataset_category,qt,TP,direction_consistency_rate,lime,llm_lime,qwen36_27b_local,20,0.7480000000000001,0.924,0.176,21.5,0.005219118891795875,0.7485380116959064,0.08,0.27199999999999996,0.95
dataset_category,qt,TN,direction_consistency_rate,lime,llm_lime,qwen36_27b_local,20,0.35000000000000003,0.8640000000000001,0.514,1.0,0.00010205852295512407,0.9904761904761905,0.38800000000000007,0.6340000000000001,0.95
dataset_category,qt,FP,direction_consistency_rate,lime,llm_lime,qwen36_27b_local,20,0.764,0.898,0.13399999999999998,27.5,0.011412036386001651,0.6783625730994152,0.048,0.22399999999999998,0.95
dataset_category,qt,FN,direction_consistency_rate,lime,llm_lime,qwen36_27b_local,20,0.46399999999999997,0.7955,0.3315,33.0,0.007174053904993127,0.6857142857142857,0.14450000000000002,0.5159999999999999,0.95
overall,,,direction_consistency_rate,kernelshap,llm_kernelshap,qwen36_27b_local,160,0.9385000000000001,0.767,-0.1715,408.5,2.322011134645539e-20,-0.9123014169171318,-0.19699999999999998,-0.14550000000000002,0.95
dataset_category,openstack,TP,direction_consistency_rate,kernelshap,llm_kernelshap,qwen36_27b_local,20,0.99,0.882,-0.10799999999999996,0.0,0.0014009385472406133,-1.0,-0.148,-0.06799999999999998,0.95
dataset_category,openstack,TN,direction_consistency_rate,kernelshap,llm_kernelshap,qwen36_27b_local,20,0.95,0.682,-0.26800000000000007,0.0,0.00019200729032556487,-1.0,-0.3360499999999997,-0.20400000000000001,0.95
dataset_category,openstack,FP,direction_consistency_rate,kernelshap,llm_kernelshap,qwen36_27b_local,20,0.9879999999999999,0.826,-0.16199999999999998,4.5,0.00014654740092107823,-0.9571428571428572,-0.192,-0.12200000000000003,0.95
dataset_category,openstack,FN,direction_consistency_rate,kernelshap,llm_kernelshap,qwen36_27b_local,20,0.89,0.606,-0.28400000000000003,0.0,0.00028565096936766934,-1.0,-0.372,-0.2,0.95
dataset_category,qt,TP,direction_consistency_rate,kernelshap,llm_kernelshap,qwen36_27b_local,20,0.9560000000000001,0.8380000000000001,-0.11800000000000002,8.5,0.0034119777257586234,-0.8583333333333333,-0.18600000000000003,-0.05600000000000001,0.95
dataset_category,qt,TN,direction_consistency_rate,kernelshap,llm_kernelshap,qwen36_27b_local,20,0.8799999999999999,0.7320000000000001,-0.148,16.0,0.002419521787322154,-0.8128654970760234,-0.21800000000000003,-0.076,0.95
dataset_category,qt,FP,direction_consistency_rate,kernelshap,llm_kernelshap,qwen36_27b_local,20,0.966,0.8400000000000001,-0.12599999999999995,12.0,0.003719397543644672,-0.8235294117647058,-0.19999999999999996,-0.05999999999999996,0.95
dataset_category,qt,FN,direction_consistency_rate,kernelshap,llm_kernelshap,qwen36_27b_local,20,0.8879999999999999,0.73,-0.158,25.5,0.005115538875544779,-0.7315789473684211,-0.24800000000000005,-0.072,0.95
overall,,,direction_consistency_rate,lofo,llm_lofo,qwen36_27b_local,160,0.9475,0.8651249999999999,-0.08237500000000002,248.5,6.215980092289752e-13,-0.8759051186017478,-0.1016875,-0.06393750000000001,0.95
dataset_category,openstack,TP,direction_consistency_rate,lofo,llm_lofo,qwen36_27b_local,20,0.9800000000000001,0.922,-0.05800000000000001,0.0,0.01714803250145893,-1.0,-0.09800000000000002,-0.022,0.95
dataset_category,openstack,TN,direction_consistency_rate,lofo,llm_lofo,qwen36_27b_local,20,0.9099999999999999,0.791,-0.119,3.5,0.00328543235122346,-0.9230769230769231,-0.17800000000000002,-0.06200000000000001,0.95
dataset_category,openstack,FP,direction_consistency_rate,lofo,llm_lofo,qwen36_27b_local,20,0.97,0.874,-0.09599999999999997,2.0,0.008404160495347833,-0.9272727272727272,-0.156,-0.038000000000000006,0.95
dataset_category,openstack,FN,direction_consistency_rate,lofo,llm_lofo,qwen36_27b_local,20,0.9700000000000001,0.8629999999999999,-0.10699999999999998,0.0,0.0014346332139310062,-1.0,-0.15500000000000003,-0.06299999999999999,0.95
dataset_category,qt,TP,direction_consistency_rate,lofo,llm_lofo,qwen36_27b_local,20,0.9800000000000001,0.9499999999999998,-0.030000000000000016,15.0,0.19908466865428376,-0.45454545454545453,-0.07400000000000001,0.01399999999999998,0.95
dataset_category,qt,TN,direction_consistency_rate,lofo,llm_lofo,qwen36_27b_local,20,0.9200000000000002,0.7995000000000001,-0.12050000000000001,2.0,0.002329306937806642,-0.9560439560439561,-0.1905,-0.06098750000000018,0.95
dataset_category,qt,FP,direction_consistency_rate,lofo,llm_lofo,qwen36_27b_local,20,0.95,0.9040000000000001,-0.046,7.0,0.06512650367135635,-0.6888888888888889,-0.088,-0.004000000000000009,0.95
dataset_category,qt,FN,direction_consistency_rate,lofo,llm_lofo,qwen36_27b_local,20,0.9000000000000001,0.8174999999999999,-0.08249999999999999,12.0,0.010870250597900338,-0.7714285714285715,-0.1345,-0.03250000000000001,0.95
overall,,,direction_consistency_rate,counterfactual,llm_counterfactual,qwen36_27b_local,160,0.8800000000000001,0.8379375,-0.04206250000000001,2567.0,0.03169434566496034,-0.2302848575712144,-0.0743140625,-0.010123437500000028,0.95
dataset_category,openstack,TP,direction_consistency_rate,counterfactual,llm_counterfactual,qwen36_27b_local,20,0.9199999999999999,0.9195,-0.0005000000000000227,32.5,0.9643294082703201,-0.015151515151515152,-0.08151249999999993,0.07899999999999997,0.95
dataset_category,openstack,TN,direction_consistency_rate,counterfactual,llm_counterfactual,qwen36_27b_local,20,0.9,0.812,-0.088,31.5,0.10403724644116748,-0.475,-0.19,-0.0020000000000000018,0.95
dataset_category,openstack,FP,direction_consistency_rate,counterfactual,llm_counterfactual,qwen36_27b_local,20,0.9199999999999999,0.885,-0.035,37.0,0.3268140880899876,-0.29523809523809524,-0.098,0.026999999999999975,0.95
dataset_category,openstack,FN,direction_consistency_rate,counterfactual,llm_counterfactual,qwen36_27b_local,20,0.85,0.6635,-0.1865,19.0,0.011108973920882838,-0.7205882352941176,-0.3035,-0.076,0.95
dataset_category,qt,TP,direction_consistency_rate,counterfactual,llm_counterfactual,qwen36_27b_local,20,0.93,0.9540000000000001,0.024,20.0,0.44220605952618686,0.2727272727272727,-0.034,0.078,0.95
dataset_category,qt,TN,direction_consistency_rate,counterfactual,llm_counterfactual,qwen36_27b_local,20,0.78,0.8130000000000001,0.03299999999999998,73.0,0.5856020209051831,0.14619883040935672,-0.062000000000000034,0.12702499999999964,0.95
dataset_category,qt,FP,direction_consistency_rate,counterfactual,llm_counterfactual,qwen36_27b_local,20,0.93,0.9199999999999999,-0.009999999999999998,50.0,0.8745225090407704,-0.047619047619047616,-0.06999999999999999,0.048,0.95
dataset_category,qt,FN,direction_consistency_rate,counterfactual,llm_counterfactual,qwen36_27b_local,20,0.8099999999999999,0.7365,-0.07350000000000004,49.0,0.19242391616549015,-0.35947712418300654,-0.17501249999999993,0.03551249999999979,0.95
overall,,,meaningful_effect_rate,lime,llm_lime,qwen36_27b_local,160,0.7237499999999999,0.7137499999999999,-0.009999999999999995,3745.0,0.5335154132187818,-0.06386701662292213,-0.035689062499999986,0.015314062499999984,0.95
dataset_category,openstack,TP,meaningful_effect_rate,lime,llm_lime,qwen36_27b_local,20,0.916,0.9120000000000001,-0.0040000000000000036,45.0,0.9719015254125475,-0.01098901098901099,-0.057999999999999996,0.04999999999999999,0.95
dataset_category,openstack,TN,meaningful_effect_rate,lime,llm_lime,qwen36_27b_local,20,0.658,0.63,-0.028000000000000004,76.0,0.4438624412179205,-0.2,-0.0965,0.039000000000000014,0.95
dataset_category,openstack,FP,meaningful_effect_rate,lime,llm_lime,qwen36_27b_local,20,0.924,0.836,-0.08799999999999995,11.5,0.009387299806444406,-0.780952380952381,-0.13599999999999998,-0.035999999999999976,0.95
dataset_category,openstack,FN,meaningful_effect_rate,lime,llm_lime,qwen36_27b_local,20,0.6900000000000001,0.6625000000000001,-0.02749999999999999,86.5,0.7321242682735405,-0.08947368421052632,-0.142,0.08949999999999998,0.95
dataset_category,qt,TP,meaningful_effect_rate,lime,llm_lime,qwen36_27b_local,20,0.754,0.774,0.019999999999999997,18.0,0.33162066508800414,0.34545454545454546,-0.024000000000000004,0.06399999999999997,0.95
dataset_category,qt,TN,meaningful_effect_rate,lime,llm_lime,qwen36_27b_local,20,0.49800000000000005,0.552,0.054000000000000006,54.0,0.2853380908318268,0.29411764705882354,-0.01799999999999998,0.122,0.95
dataset_category,qt,FP,meaningful_effect_rate,lime,llm_lime,qwen36_27b_local,20,0.7680000000000001,0.75,-0.018000000000000006,63.0,0.7951148085452657,-0.07352941176470588,-0.09000000000000001,0.048,0.95
dataset_category,qt,FN,meaningful_effect_rate,lime,llm_lime,qwen36_27b_local,20,0.5820000000000001,0.5935,0.01150000000000001,70.5,0.5127409416663744,0.17543859649122806,-0.056499999999999995,0.07601249999999984,0.95
overall,,,meaningful_effect_rate,kernelshap,llm_kernelshap,qwen36_27b_local,160,0.841,0.7135,-0.1275,805.5,4.2010358412958146e-15,-0.8017962598425197,-0.15475,-0.10175000000000001,0.95
dataset_category,openstack,TP,meaningful_effect_rate,kernelshap,llm_kernelshap,qwen36_27b_local,20,0.99,0.9560000000000001,-0.033999999999999996,5.5,0.07894833771600107,-0.6944444444444444,-0.06999999999999999,-1.1102230246251566e-17,0.95
dataset_category,openstack,TN,meaningful_effect_rate,kernelshap,llm_kernelshap,qwen36_27b_local,20,0.792,0.6000000000000001,-0.192,2.0,0.00017863643172950555,-0.9789473684210527,-0.23600000000000004,-0.14400000000000004,0.95
dataset_category,openstack,FP,meaningful_effect_rate,kernelshap,llm_kernelshap,qwen36_27b_local,20,0.95,0.8720000000000001,-0.07799999999999996,11.0,0.04639449764906708,-0.6666666666666666,-0.13399999999999998,-0.023999999999999973,0.95
dataset_category,openstack,FN,meaningful_effect_rate,kernelshap,llm_kernelshap,qwen36_27b_local,20,0.7939999999999999,0.622,-0.17200000000000001,33.0,0.012523554063381126,-0.6526315789473685,-0.3040000000000001,-0.04800000000000003,0.95
dataset_category,qt,TP,meaningful_effect_rate,kernelshap,llm_kernelshap,qwen36_27b_local,20,0.8880000000000001,0.774,-0.11400000000000002,8.0,0.001872075353471591,-0.8823529411764706,-0.17800000000000002,-0.06000000000000002,0.95
dataset_category,qt,TN,meaningful_effect_rate,kernelshap,llm_kernelshap,qwen36_27b_local,20,0.674,0.544,-0.13000000000000003,29.0,0.013825613221639343,-0.6608187134502924,-0.22000000000000003,-0.04199999999999998,0.95
dataset_category,qt,FP,meaningful_effect_rate,kernelshap,llm_kernelshap,qwen36_27b_local,20,0.8720000000000001,0.748,-0.12400000000000003,3.5,0.0005236946575027241,-0.954248366013072,-0.16999999999999998,-0.07799999999999999,0.95
dataset_category,qt,FN,meaningful_effect_rate,kernelshap,llm_kernelshap,qwen36_27b_local,20,0.768,0.592,-0.17600000000000002,11.0,0.0007203544990031482,-0.8842105263157894,-0.24800000000000005,-0.10400000000000005,0.95
overall,,,meaningful_effect_rate,lofo,llm_lofo,qwen36_27b_local,160,0.8275,0.7004374999999999,-0.1270625,1018.0,1.6527539329746044e-12,-0.7330186205087857,-0.1555625,-0.09824843750000001,0.95
dataset_category,openstack,TP,meaningful_effect_rate,lofo,llm_lofo,qwen36_27b_local,20,0.9800000000000001,0.9315,-0.048499999999999995,8.0,0.15102615479062906,-0.5555555555555556,-0.10899999999999999,0.009999999999999998,0.95
dataset_category,openstack,TN,meaningful_effect_rate,lofo,llm_lofo,qwen36_27b_local,20,0.72,0.6225,-0.0975,27.5,0.03593045135498508,-0.5955882352941176,-0.174,-0.017500000000000012,0.95
dataset_category,openstack,FP,meaningful_effect_rate,lofo,llm_lofo,qwen36_27b_local,20,0.95,0.8800000000000001,-0.06999999999999998,9.0,0.03190867860271328,-0.7272727272727273,-0.13199999999999998,-0.012,0.95
dataset_category,openstack,FN,meaningful_effect_rate,lofo,llm_lofo,qwen36_27b_local,20,0.8700000000000001,0.641,-0.229,9.0,0.0013945831502246158,-0.8823529411764706,-0.324,-0.13100000000000006,0.95
dataset_category,qt,TP,meaningful_effect_rate,lofo,llm_lofo,qwen36_27b_local,20,0.9100000000000001,0.779,-0.131,0.0,0.0009702397523702138,-1.0,-0.19699999999999998,-0.07400000000000001,0.95
dataset_category,qt,TN,meaningful_effect_rate,lofo,llm_lofo,qwen36_27b_local,20,0.62,0.4765,-0.14350000000000002,40.0,0.026767628647802067,-0.5789473684210527,-0.25,-0.04,0.95
dataset_category,qt,FP,meaningful_effect_rate,lofo,llm_lofo,qwen36_27b_local,20,0.9,0.746,-0.154,14.5,0.0011741594275978737,-0.8473684210526315,-0.21800000000000003,-0.08799999999999998,0.95
dataset_category,qt,FN,meaningful_effect_rate,lofo,llm_lofo,qwen36_27b_local,20,0.6700000000000002,0.527,-0.14300000000000002,26.5,0.005825824516427435,-0.7210526315789474,-0.2225,-0.057499999999999996,0.95
overall,,,meaningful_effect_rate,counterfactual,llm_counterfactual,qwen36_27b_local,160,0.8125,0.7042499999999999,-0.10825,1895.0,1.1144837655289344e-09,-0.5990690785993864,-0.139625,-0.0773125,0.95
dataset_category,openstack,TP,meaningful_effect_rate,counterfactual,llm_counterfactual,qwen36_27b_local,20,0.9100000000000001,0.9015000000000001,-0.00849999999999999,50.0,0.5678671431861013,-0.16666666666666666,-0.06899999999999999,0.05949999999999998,0.95
dataset_category,openstack,TN,meaningful_effect_rate,counterfactual,llm_counterfactual,qwen36_27b_local,20,0.74,0.6039999999999999,-0.13599999999999998,38.5,0.01297865732094359,-0.6333333333333333,-0.22000000000000003,-0.048,0.95
dataset_category,openstack,FP,meaningful_effect_rate,counterfactual,llm_counterfactual,qwen36_27b_local,20,0.9400000000000001,0.8370000000000001,-0.10299999999999998,9.0,0.0013475063968866226,-0.8823529411764706,-0.14499999999999996,-0.057999999999999996,0.95
dataset_category,openstack,FN,meaningful_effect_rate,counterfactual,llm_counterfactual,qwen36_27b_local,20,0.8699999999999999,0.657,-0.213,17.0,0.0028098677784084976,-0.8011695906432749,-0.323,-0.10499999999999998,0.95
dataset_category,qt,TP,meaningful_effect_rate,counterfactual,llm_counterfactual,qwen36_27b_local,20,0.89,0.78,-0.10999999999999999,8.5,0.0033731632465590286,-0.8583333333333333,-0.16999999999999996,-0.054000000000000006,0.95
dataset_category,qt,TN,meaningful_effect_rate,counterfactual,llm_counterfactual,qwen36_27b_local,20,0.62,0.534,-0.086,27.5,0.06442396239864862,-0.5416666666666666,-0.172,-0.008000000000000012,0.95
dataset_category,qt,FP,meaningful_effect_rate,counterfactual,llm_counterfactual,qwen36_27b_local,20,0.8300000000000001,0.7575000000000001,-0.07250000000000001,57.0,0.2133396172362424,-0.3333333333333333,-0.17200000000000001,0.033999999999999996,0.95
dataset_category,qt,FN,meaningful_effect_rate,counterfactual,llm_counterfactual,qwen36_27b_local,20,0.7000000000000001,0.563,-0.13700000000000004,36.0,0.017491335680972935,-0.6210526315789474,-0.22750000000000004,-0.04148750000000022,0.95
overall,,,mean_delta_probability,lime,llm_lime,qwen36_27b_local,160,-0.07688357968740515,-0.0741184236096167,0.00276515607778848,5622.0,0.1634428689682903,0.12701863354037268,-0.001505352199000966,0.006934197875667714,0.95
dataset_category,openstack,TP,mean_delta_probability,lime,llm_lime,qwen36_27b_local,20,-0.200292,-0.21290799999999996,-0.012615999999999999,64.0,0.13272666931152344,-0.3904761904761905,-0.027336300000000004,0.002024500000000002,0.95
dataset_category,openstack,TN,mean_delta_probability,lime,llm_lime,qwen36_27b_local,20,-0.05014799999999997,-0.03841999999999997,0.011728000000000002,46.0,0.026641845703125,0.5619047619047619,0.0023638000000000196,0.021148399999999984,0.95
dataset_category,openstack,FP,mean_delta_probability,lime,llm_lime,qwen36_27b_local,20,-0.17219599999999996,-0.16471999999999998,0.007476000000000005,83.0,0.4304332733154297,0.20952380952380953,-0.009804499999999985,0.024136299999999992,0.95
dataset_category,openstack,FN,mean_delta_probability,lime,llm_lime,qwen36_27b_local,20,0.0062440000000000126,0.015450999999999998,0.00920699999999998,78.0,0.3299827575683594,0.2571428571428571,-0.004166100000000015,0.022896049999999977,0.95
dataset_category,qt,TP,mean_delta_probability,lime,llm_lime,qwen36_27b_local,20,-0.08665404531702464,-0.08148932818538372,0.005164717131640917,44.0,0.021484375,0.580952380952381,-0.00666723101543554,0.014319787559021645,0.95
dataset_category,qt,TN,mean_delta_probability,lime,llm_lime,qwen36_27b_local,20,-0.01849424887653781,-0.02139025616928406,-0.002896007292746249,66.0,0.15364646911621094,-0.37142857142857144,-0.009780143774634575,0.005089087457051482,0.95
dataset_category,qt,FP,mean_delta_probability,lime,llm_lime,qwen36_27b_local,20,-0.08695457083430437,-0.07873210113179784,0.008222469702506532,58.0,0.082550048828125,0.44761904761904764,0.0003419637722721579,0.016725006234978978,0.95
dataset_category,qt,FN,mean_delta_probability,lime,llm_lime,qwen36_27b_local,20,-0.006573772471374552,-0.0107387033904679,-0.004164930919093349,60.0,0.09730720520019531,-0.42857142857142855,-0.008922668837215868,0.0008229589645495449,0.95
overall,,,mean_delta_probability,kernelshap,llm_kernelshap,qwen36_27b_local,160,-0.09118857819834972,-0.07650388668353574,0.014684691514813972,2656.0,1.893308365664099e-10,0.5823899371069182,0.010490835415003785,0.018824430832457533,0.95
dataset_category,openstack,TP,mean_delta_probability,kernelshap,llm_kernelshap,qwen36_27b_local,20,-0.23785599999999998,-0.22261999999999996,0.015236000000000003,53.0,0.05316925048828125,0.49523809523809526,0.0019998999999999933,0.028768199999999983,0.95
dataset_category,openstack,TN,mean_delta_probability,kernelshap,llm_kernelshap,qwen36_27b_local,20,-0.06005199999999997,-0.03384399999999997,0.02620799999999999,15.0,0.0002613067626953125,0.8571428571428571,0.0160999,0.0354723,0.95
dataset_category,openstack,FP,mean_delta_probability,kernelshap,llm_kernelshap,qwen36_27b_local,20,-0.20739599999999997,-0.17148399999999997,0.035912000000000006,10.0,8.20159912109375e-05,0.9047619047619048,0.024083900000000002,0.047480299999999975,0.95
dataset_category,openstack,FN,mean_delta_probability,kernelshap,llm_kernelshap,qwen36_27b_local,20,0.0031600000000000157,0.019367999999999986,0.016207999999999972,45.0,0.023950576782226562,0.5714285714285714,0.0036359999999999917,0.027908199999999946,0.95
dataset_category,qt,TP,mean_delta_probability,kernelshap,llm_kernelshap,qwen36_27b_local,20,-0.08933569960407162,-0.09074315610677702,-0.0014074565027054095,104.0,0.9854354858398438,-0.009523809523809525,-0.012385703519180568,0.00904924134540448,0.95
dataset_category,qt,TN,mean_delta_probability,kernelshap,llm_kernelshap,qwen36_27b_local,20,-0.021260012899358596,-0.01935727720683359,0.001902735692525004,78.0,0.3299827575683594,0.2571428571428571,-0.00747371265476469,0.0100206006820414,0.95
dataset_category,qt,FP,mean_delta_probability,kernelshap,llm_kernelshap,qwen36_27b_local,20,-0.10573254306140414,-0.08503947730547906,0.02069306575592509,7.0,0.00039814247498266234,0.9263157894736842,0.011897680355313014,0.030462399811374104,0.95
dataset_category,qt,FN,mean_delta_probability,kernelshap,llm_kernelshap,qwen36_27b_local,20,-0.011036370021963504,-0.008311182849196366,0.002725187172767138,77.0,0.3117942810058594,0.26666666666666666,-0.0032944133132678704,0.008428397587648209,0.95
overall,,,mean_delta_probability,lofo,llm_lofo,qwen36_27b_local,160,-0.08563032221766305,-0.07451312972076556,0.011117192496897473,3984.0,2.862193861784868e-05,0.3813664596273292,0.0062307811163477425,0.015875683338339164,0.95
dataset_category,openstack,TP,mean_delta_probability,lofo,llm_lofo,qwen36_27b_local,20,-0.22704,-0.22775600000000001,-0.0007160000000000055,101.0,0.8983173370361328,-0.0380952380952381,-0.014184800000000013,0.012588099999999984,0.95
dataset_category,openstack,TN,mean_delta_probability,lofo,llm_lofo,qwen36_27b_local,20,-0.054439999999999954,-0.034246999999999986,0.020192999999999982,23.0,0.001209259033203125,0.780952380952381,0.007519549999999983,0.032734024999999986,0.95
dataset_category,openstack,FP,mean_delta_probability,lofo,llm_lofo,qwen36_27b_local,20,-0.18393999999999996,-0.17407999999999996,0.009860000000000011,80.0,0.36827659606933594,0.23809523809523808,-0.00684079999999998,0.027988500000000006,0.95
dataset_category,openstack,FN,mean_delta_probability,lofo,llm_lofo,qwen36_27b_local,20,-0.002359999999999978,0.01929199999999999,0.02165199999999997,34.0,0.006389617919921875,0.6761904761904762,0.008505649999999993,0.03541119999999996,0.95
dataset_category,qt,TP,mean_delta_probability,lofo,llm_lofo,qwen36_27b_local,20,-0.09007276947646946,-0.08551047206983806,0.004562297406631405,78.0,0.3299827575683594,0.2571428571428571,-0.006281830943887858,0.01501728463233237,0.95
dataset_category,qt,TN,mean_delta_probability,lofo,llm_lofo,qwen36_27b_local,20,-0.01054244443122832,-0.010238771704099627,0.000303672727128694,104.0,0.9854354858398438,0.009523809523809525,-0.01167634467377092,0.0111611259172,0.95
dataset_category,qt,FP,mean_delta_probability,lofo,llm_lofo,qwen36_27b_local,20,-0.11249944942156793,-0.08127808779077537,0.03122136163079255,7.0,3.62396240234375e-05,0.9333333333333333,0.019779185322423846,0.04308447785170036,0.95
dataset_category,qt,FN,mean_delta_probability,lofo,llm_lofo,qwen36_27b_local,20,-0.004147914412038696,-0.0022867062014115236,0.0018612082106271733,85.0,0.47490501403808594,0.19047619047619047,-0.009319431860948394,0.011930952826252554,0.95
overall,,,mean_delta_probability,counterfactual,llm_counterfactual,qwen36_27b_local,160,-0.08762308694740435,-0.07234325000862232,0.015279836938782038,3084.0,1.081365544884509e-08,0.5211180124223602,0.010253957410942247,0.02022470690687758,0.95
dataset_category,openstack,TP,mean_delta_probability,counterfactual,llm_counterfactual,qwen36_27b_local,20,-0.22037999999999994,-0.209415,0.010965000000000008,77.0,0.3117942810058594,0.26666666666666666,-0.009530024999999992,0.030987249999999977,0.95
dataset_category,openstack,TN,mean_delta_probability,counterfactual,llm_counterfactual,qwen36_27b_local,20,-0.061139999999999986,-0.036475999999999974,0.024664,11.0,0.0001049041748046875,0.8952380952380953,0.014540000000000006,0.03513609999999998,0.95
dataset_category,openstack,FP,mean_delta_probability,counterfactual,llm_counterfactual,qwen36_27b_local,20,-0.1971,-0.16516799999999995,0.031932,22.0,0.0010166168212890625,0.7904761904761904,0.0158378,0.04843049999999998,0.95
dataset_category,openstack,FN,mean_delta_probability,counterfactual,llm_counterfactual,qwen36_27b_local,20,0.0031800000000000057,0.021433,0.018252999999999985,53.0,0.05316925048828125,0.49523809523809526,0.0015882999999999882,0.034959099999999965,0.95
dataset_category,qt,TP,mean_delta_probability,counterfactual,llm_counterfactual,qwen36_27b_local,20,-0.08838605837049074,-0.0797642310564344,0.008621827314056332,62.0,0.11398696899414062,0.4095238095238095,-0.004876075214447989,0.02031337432006363,0.95
dataset_category,qt,TN,mean_delta_probability,counterfactual,llm_counterfactual,qwen36_27b_local,20,-0.022915017101322543,-0.021415553491388916,0.001499463609933633,92.0,0.6476554870605469,0.12380952380952381,-0.008218754875277831,0.010750423558273733,0.95
dataset_category,qt,FP,mean_delta_probability,counterfactual,llm_counterfactual,qwen36_27b_local,20,-0.09939665599590672,-0.07629109031515531,0.023105565680751415,13.0,0.0001678466796875,0.8761904761904762,0.013943027640216366,0.03244611611028372,0.95
dataset_category,qt,FN,mean_delta_probability,counterfactual,llm_counterfactual,qwen36_27b_local,20,-0.014846964111514909,-0.011649125205999979,0.003197838905514931,90.0,0.5958194732666016,0.14285714285714285,-0.004716283016670949,0.011281498632868084,0.95
overall,,,mean_absolute_delta_probability,lime,llm_lime,qwen36_27b_local,160,0.10985841750726326,0.10324518183958223,-0.006613235667681028,4274.0,0.0003341374761614619,-0.3279874213836478,-0.009949648773433864,-0.003307061437675242,0.95
dataset_category,openstack,TP,mean_absolute_delta_probability,lime,llm_lime,qwen36_27b_local,20,0.21780400000000003,0.21968399999999993,0.0018800000000000067,105.0,1.0,0.0,-0.009540100000000001,0.0141682,0.95
dataset_category,openstack,TN,mean_absolute_delta_probability,lime,llm_lime,qwen36_27b_local,20,0.068692,0.05970799999999997,-0.00898400000000001,51.0,0.07661792341167123,-0.4631578947368421,-0.01707415,-0.0013259000000000235,0.95
dataset_category,openstack,FP,mean_absolute_delta_probability,lime,llm_lime,qwen36_27b_local,20,0.18742799999999998,0.16771999999999995,-0.019708000000000003,35.0,0.0072956085205078125,-0.6666666666666666,-0.03114799999999999,-0.007483699999999993,0.95
dataset_category,openstack,FN,mean_absolute_delta_probability,lime,llm_lime,qwen36_27b_local,20,0.08649999999999997,0.06926699999999994,-0.01723300000000001,48.0,0.03276824951171875,-0.5428571428571428,-0.030206550000000006,-0.004396875000000026,0.95
dataset_category,qt,TP,mean_absolute_delta_probability,lime,llm_lime,qwen36_27b_local,20,0.1065572956485999,0.10491225140900359,-0.0016450442395962855,79.0,0.34881019592285156,-0.24761904761904763,-0.0062184969510900336,0.0031999109533806763,0.95
dataset_category,qt,TN,mean_absolute_delta_probability,lime,llm_lime,qwen36_27b_local,20,0.04424005823016421,0.04259865671455433,-0.001641401515609894,94.0,0.7011814117431641,-0.10476190476190476,-0.0067332767384816125,0.0031728142165841624,0.95
dataset_category,qt,FP,mean_absolute_delta_probability,lime,llm_lime,qwen36_27b_local,20,0.1119677814904811,0.10754844982536585,-0.004419331665115279,83.0,0.4304332733154297,-0.20952380952380953,-0.01166242524316857,0.0020868771233970742,0.95
dataset_category,qt,FN,mean_absolute_delta_probability,lime,llm_lime,qwen36_27b_local,20,0.05567820468886085,0.054523096767734106,-0.001155107921126755,93.0,0.6742229461669922,-0.11428571428571428,-0.004851841458912476,0.002442853857762268,0.95
overall,,,mean_absolute_delta_probability,kernelshap,llm_kernelshap,qwen36_27b_local,160,0.1261753713122638,0.10423812387895923,-0.021937247433304573,542.0,2.2348239701245616e-23,-0.9137011384443914,-0.025455399498494093,-0.01855628164486638,0.95
dataset_category,openstack,TP,mean_absolute_delta_probability,kernelshap,llm_kernelshap,qwen36_27b_local,20,0.252336,0.22698000000000002,-0.025356,11.0,0.0001049041748046875,-0.8952380952380953,-0.03620919999999998,-0.015583599999999998,0.95
dataset_category,openstack,TN,mean_absolute_delta_probability,kernelshap,llm_kernelshap,qwen36_27b_local,20,0.07931599999999997,0.056499999999999974,-0.022815999999999996,13.0,0.0001678466796875,-0.8761904761904762,-0.03360799999999999,-0.012927899999999987,0.95
dataset_category,openstack,FP,mean_absolute_delta_probability,kernelshap,llm_kernelshap,qwen36_27b_local,20,0.21304399999999996,0.174292,-0.038752,2.0,0.0001821819171706161,-0.9789473684210527,-0.048180299999999995,-0.028915900000000008,0.95
dataset_category,openstack,FN,mean_absolute_delta_probability,kernelshap,llm_kernelshap,qwen36_27b_local,20,0.09543199999999995,0.06575999999999996,-0.029671999999999983,15.0,0.0002613067626953125,-0.8571428571428571,-0.04249219999999999,-0.017318999999999984,0.95
dataset_category,qt,TP,mean_absolute_delta_probability,kernelshap,llm_kernelshap,qwen36_27b_local,20,0.11890888140320999,0.10658640527811321,-0.01232247612509682,7.0,3.62396240234375e-05,-0.9333333333333333,-0.01757035256019441,-0.007689250986601119,0.95
dataset_category,qt,TN,mean_absolute_delta_probability,kernelshap,llm_kernelshap,qwen36_27b_local,20,0.0573140145828406,0.04281472352327231,-0.014499291059568282,25.0,0.001689910888671875,-0.7619047619047619,-0.020951842632076317,-0.008459055500930138,0.95
dataset_category,qt,FP,mean_absolute_delta_probability,kernelshap,llm_kernelshap,qwen36_27b_local,20,0.12599244727020134,0.10574307930379061,-0.020249367966410702,5.0,0.00029256438440193296,-0.9473684210526315,-0.030417541967148347,-0.01135054839424623,0.95
dataset_category,qt,FN,mean_absolute_delta_probability,kernelshap,llm_kernelshap,qwen36_27b_local,20,0.06705962724185867,0.05522878292649787,-0.011830844315360797,0.0,1.9073486328125e-06,-1.0,-0.015173317571569669,-0.008782194098971751,0.95
overall,,,mean_absolute_delta_probability,lofo,llm_lofo,qwen36_27b_local,160,0.12129784855789758,0.10279865680138664,-0.018499191756510963,1414.0,1.1040684395449938e-17,-0.7804347826086957,-0.02224576499079178,-0.014886515587827207,0.95
dataset_category,openstack,TP,mean_absolute_delta_probability,lofo,llm_lofo,qwen36_27b_local,20,0.24628,0.22920400000000002,-0.01707599999999999,33.0,0.005580902099609375,-0.6857142857142857,-0.025943999999999984,-0.008239900000000003,0.95
dataset_category,openstack,TN,mean_absolute_delta_probability,lofo,llm_lofo,qwen36_27b_local,20,0.07331999999999997,0.05912499999999998,-0.01419499999999999,44.0,0.021484375,-0.580952380952381,-0.025699350000000003,-0.0035438999999999853,0.95
dataset_category,openstack,FP,mean_absolute_delta_probability,lofo,llm_lofo,qwen36_27b_local,20,0.20109999999999997,0.17579999999999996,-0.025300000000000007,23.0,0.001209259033203125,-0.780952380952381,-0.037844,-0.013459600000000006,0.95
dataset_category,openstack,FN,mean_absolute_delta_probability,lofo,llm_lofo,qwen36_27b_local,20,0.09447999999999998,0.06523599999999995,-0.02924400000000001,4.0,1.33514404296875e-05,-0.9619047619047619,-0.04281302500000001,-0.017139925000000007,0.95
dataset_category,qt,TP,mean_absolute_delta_probability,lofo,llm_lofo,qwen36_27b_local,20,0.11898240150109121,0.10453547877113663,-0.014446922729954553,5.0,1.9073486328125e-05,-0.9523809523809523,-0.019498591186397917,-0.00944111230257222,0.95
dataset_category,qt,TN,mean_absolute_delta_probability,lofo,llm_lofo,qwen36_27b_local,20,0.050116452854243876,0.039086108789521734,-0.011030344064722138,41.0,0.01531219482421875,-0.6095238095238096,-0.01896734085564154,-0.002686519641958367,0.95
dataset_category,qt,FP,mean_absolute_delta_probability,lofo,llm_lofo,qwen36_27b_local,20,0.12668471738831863,0.10193305686743921,-0.02475166052087945,10.0,8.20159912109375e-05,-0.9047619047619048,-0.03633680369023733,-0.014350653474515886,0.95
dataset_category,qt,FN,mean_absolute_delta_probability,lofo,llm_lofo,qwen36_27b_local,20,0.05941921671952717,0.04746960998299558,-0.011949606736531577,22.0,0.0010166168212890625,-0.7904761904761904,-0.01931667225353887,-0.005396825531395405,0.95
overall,,,mean_absolute_delta_probability,counterfactual,llm_counterfactual,qwen36_27b_local,160,0.12373798027090417,0.10142410951743197,-0.022313870753472208,932.5,6.4213272158911725e-21,-0.8552018633540373,-0.026300618473098482,-0.018341635688001196,0.95
dataset_category,openstack,TP,mean_absolute_delta_probability,counterfactual,llm_counterfactual,qwen36_27b_local,20,0.23458,0.215423,-0.019156999999999997,45.5,0.026317969768638275,-0.5666666666666667,-0.03484109999999998,-0.004411400000000008,0.95
dataset_category,openstack,TN,mean_absolute_delta_probability,counterfactual,llm_counterfactual,qwen36_27b_local,20,0.07977999999999998,0.05563599999999998,-0.024144000000000006,12.0,0.000133514404296875,-0.8857142857142857,-0.036116899999999987,-0.013495800000000011,0.95
dataset_category,openstack,FP,mean_absolute_delta_probability,counterfactual,llm_counterfactual,qwen36_27b_local,20,0.20689999999999995,0.16912199999999997,-0.03777799999999999,2.0,5.7220458984375e-06,-0.9809523809523809,-0.049750024999999996,-0.02693992500000001,0.95
dataset_category,openstack,FN,mean_absolute_delta_probability,counterfactual,llm_counterfactual,qwen36_27b_local,20,0.10397999999999996,0.06683899999999995,-0.03714099999999999,2.0,5.7220458984375e-06,-0.9809523809523809,-0.05109412499999999,-0.02451474999999999,0.95
dataset_category,qt,TP,mean_absolute_delta_probability,counterfactual,llm_counterfactual,qwen36_27b_local,20,0.11835574767491126,0.10601973523884542,-0.01233601243606584,13.0,0.0001678466796875,-0.8761904761904762,-0.018420509799410758,-0.007033006110125099,0.95
dataset_category,qt,TN,mean_absolute_delta_probability,counterfactual,llm_counterfactual,qwen36_27b_local,20,0.05564591669703981,0.04343015197738036,-0.012215764719659461,24.0,0.0014324188232421875,-0.7714285714285715,-0.019119308872347272,-0.005932182191081895,0.95
dataset_category,qt,FP,mean_absolute_delta_probability,counterfactual,llm_counterfactual,qwen36_27b_local,20,0.12388066307391923,0.10177349813376993,-0.022107164940149297,16.0,0.0003223419189453125,-0.8476190476190476,-0.03203561506230383,-0.012503679727679446,0.95
dataset_category,qt,FN,mean_absolute_delta_probability,counterfactual,llm_counterfactual,qwen36_27b_local,20,0.0667815147213632,0.05314949078946015,-0.013632023931903065,18.0,0.0004825592041015625,-0.8285714285714286,-0.020253358271097883,-0.007326065749837128,0.95
overall,,,pairwise_jaccard_within_instance,lime,llm_lime,qwen36_27b_local,160,0.8645560515873015,0.7448070436507936,-0.11974900793650796,1834.5,1.4409095532259827e-11,-0.6485632183908046,-0.1488180183531746,-0.09013075396825398,0.95
dataset_category,openstack,TP,pairwise_jaccard_within_instance,lime,llm_lime,qwen36_27b_local,20,0.8487103174603176,0.7260119047619046,-0.12269841269841271,23.5,0.012086020670246266,-0.6928104575163399,-0.20803720238095236,-0.02408333333333337,0.95
dataset_category,openstack,TN,pairwise_jaccard_within_instance,lime,llm_lime,qwen36_27b_local,20,0.880952380952381,0.676611111111111,-0.20434126984126982,9.0,0.0008585843794633755,-0.8947368421052632,-0.2811630952380952,-0.12281160714285723,0.95
dataset_category,openstack,FP,pairwise_jaccard_within_instance,lime,llm_lime,qwen36_27b_local,20,0.8488095238095239,0.8447619047619048,-0.0040476190476190724,91.0,0.5999071306914048,0.13333333333333333,-0.09595833333333337,0.07644047619047602,0.95
dataset_category,openstack,FN,pairwise_jaccard_within_instance,lime,llm_lime,qwen36_27b_local,20,0.855952380952381,0.7325,-0.12345238095238095,30.5,0.009405963970994791,-0.6789473684210526,-0.19437083333333333,-0.04857113095238095,0.95
dataset_category,qt,TP,pairwise_jaccard_within_instance,lime,llm_lime,qwen36_27b_local,20,0.8783333333333333,0.7966666666666666,-0.08166666666666664,25.0,0.025908826219193277,-0.6323529411764706,-0.1388095238095238,-0.022142857142857138,0.95
dataset_category,qt,TN,pairwise_jaccard_within_instance,lime,llm_lime,qwen36_27b_local,20,0.8850000000000001,0.7241666666666666,-0.16083333333333333,10.0,0.0016341069790478376,-0.869281045751634,-0.2263125,-0.09380803571428573,0.95
dataset_category,qt,FP,pairwise_jaccard_within_instance,lime,llm_lime,qwen36_27b_local,20,0.8620238095238095,0.752202380952381,-0.10982142857142858,43.5,0.06722003571807907,-0.49122807017543857,-0.20726339285714282,-0.01083035714285716,0.95
dataset_category,qt,FN,pairwise_jaccard_within_instance,lime,llm_lime,qwen36_27b_local,20,0.8566666666666667,0.7055357142857142,-0.15113095238095234,17.5,0.001812193853014258,-0.8157894736842105,-0.22547619047619047,-0.07666666666666669,0.95
overall,,,pairwise_jaccard_within_instance,kernelshap,llm_kernelshap,qwen36_27b_local,160,0.9280357142857142,0.7664310515873016,-0.16160466269841273,801.5,7.298703811281178e-18,-0.8375886524822695,-0.18836197916666672,-0.1353833705357143,0.95
dataset_category,openstack,TP,pairwise_jaccard_within_instance,kernelshap,llm_kernelshap,qwen36_27b_local,20,0.8607142857142858,0.7796428571428572,-0.08107142857142857,45.5,0.14207752616250469,-0.40522875816993464,-0.17506101190476187,0.012976190476190485,0.95
dataset_category,openstack,TN,pairwise_jaccard_within_instance,kernelshap,llm_kernelshap,qwen36_27b_local,20,0.96,0.7061904761904761,-0.2538095238095239,0.0,0.0001295719512967522,-1.0,-0.3101220238095239,-0.1999940476190477,0.95
dataset_category,openstack,FP,pairwise_jaccard_within_instance,kernelshap,llm_kernelshap,qwen36_27b_local,20,0.9088095238095238,0.8358928571428572,-0.07291666666666666,46.5,0.08622925407834038,-0.45614035087719296,-0.15,0.004761904761904773,0.95
dataset_category,openstack,FN,pairwise_jaccard_within_instance,kernelshap,llm_kernelshap,qwen36_27b_local,20,0.925,0.7681547619047618,-0.15684523809523815,11.0,0.0031537783158967704,-0.8382352941176471,-0.2320848214285715,-0.08136904761904765,0.95
dataset_category,qt,TP,pairwise_jaccard_within_instance,kernelshap,llm_kernelshap,qwen36_27b_local,20,0.9450000000000001,0.8309523809523809,-0.11404761904761902,12.0,0.0037020943989977593,-0.8235294117647058,-0.16976190476190473,-0.05571428571428574,0.95
dataset_category,qt,TN,pairwise_jaccard_within_instance,kernelshap,llm_kernelshap,qwen36_27b_local,20,0.95,0.6861507936507935,-0.26384920634920633,0.0,0.0001308020996998329,-1.0,-0.31988392857142856,-0.20741964285714284,0.95
dataset_category,qt,FP,pairwise_jaccard_within_instance,kernelshap,llm_kernelshap,qwen36_27b_local,20,0.940952380952381,0.794047619047619,-0.1469047619047619,8.0,0.0018687681386895878,-0.8823529411764706,-0.20476190476190476,-0.08594642857142869,0.95
dataset_category,qt,FN,pairwise_jaccard_within_instance,kernelshap,llm_kernelshap,qwen36_27b_local,20,0.9338095238095239,0.7304166666666666,-0.2033928571428572,5.0,0.00028394967119836796,-0.9473684210526315,-0.2636904761904762,-0.1399389880952382,0.95
overall,,,pairwise_jaccard_within_instance,lofo,llm_lofo,qwen36_27b_local,160,1.0,0.7528990575396824,-0.2471009424603175,0.0,1.896779161701057e-24,-1.0,-0.27019395461309526,-0.22311909722222223,0.95
dataset_category,openstack,TP,pairwise_jaccard_within_instance,lofo,llm_lofo,qwen36_27b_local,20,1.0,0.8202857142857143,-0.17971428571428572,0.0,0.0005974323650819185,-1.0,-0.24750059523809528,-0.11591398809523816,0.95
dataset_category,openstack,TN,pairwise_jaccard_within_instance,lofo,llm_lofo,qwen36_27b_local,20,1.0,0.6971130952380953,-0.3028869047619048,0.0,8.621447994652249e-05,-1.0,-0.3693467261904762,-0.24214285714285716,0.95
dataset_category,openstack,FP,pairwise_jaccard_within_instance,lofo,llm_lofo,qwen36_27b_local,20,1.0,0.8201190476190476,-0.1798809523809524,0.0,0.0006305443037266362,-1.0,-0.2369047619047619,-0.12368750000000005,0.95
dataset_category,openstack,FN,pairwise_jaccard_within_instance,lofo,llm_lofo,qwen36_27b_local,20,1.0,0.7531785714285715,-0.2468214285714286,0.0,0.00028905006410405866,-1.0,-0.3201088293650794,-0.1768036706349207,0.95
dataset_category,qt,TP,pairwise_jaccard_within_instance,lofo,llm_lofo,qwen36_27b_local,20,1.0,0.7346924603174603,-0.26530753968253973,0.0,0.00029018956562024985,-1.0,-0.33222470238095236,-0.19682539682539688,0.95
dataset_category,qt,TN,pairwise_jaccard_within_instance,lofo,llm_lofo,qwen36_27b_local,20,1.0,0.758452380952381,-0.24154761904761904,0.0,0.0004348772241765822,-1.0,-0.30565476190476193,-0.17384434523809528,0.95
dataset_category,qt,FP,pairwise_jaccard_within_instance,lofo,llm_lofo,qwen36_27b_local,20,1.0,0.7498511904761905,-0.2501488095238095,0.0,0.000189318339912881,-1.0,-0.3138697916666667,-0.1894933035714286,0.95
dataset_category,qt,FN,pairwise_jaccard_within_instance,lofo,llm_lofo,qwen36_27b_local,20,1.0,0.6894999999999999,-0.3105,0.0,8.782404130245517e-05,-1.0,-0.3506190476190476,-0.2725,0.95
overall,,,pairwise_jaccard_within_instance,counterfactual,llm_counterfactual,qwen36_27b_local,160,1.0,0.741470238095238,-0.2585297619047619,0.0,2.9765266125674213e-25,-1.0,-0.27960963541666667,-0.23762150297619047,0.95
dataset_category,openstack,TP,pairwise_jaccard_within_instance,counterfactual,llm_counterfactual,qwen36_27b_local,20,1.0,0.6777500000000001,-0.32225000000000004,0.0,0.00028961940975555264,-1.0,-0.39458392857142865,-0.24432787698412703,0.95
dataset_category,openstack,TN,pairwise_jaccard_within_instance,counterfactual,llm_counterfactual,qwen36_27b_local,20,1.0,0.7224999999999999,-0.2775,0.0,0.00012855346761721204,-1.0,-0.3341071428571428,-0.22011904761904763,0.95
dataset_category,openstack,FP,pairwise_jaccard_within_instance,counterfactual,llm_counterfactual,qwen36_27b_local,20,1.0,0.7393571428571428,-0.26064285714285723,0.0,0.00019506589130048005,-1.0,-0.3091440476190476,-0.20516488095238103,0.95
dataset_category,openstack,FN,pairwise_jaccard_within_instance,counterfactual,llm_counterfactual,qwen36_27b_local,20,1.0,0.7238690476190477,-0.2761309523809524,0.0,0.00012936777246760716,-1.0,-0.32632232142857137,-0.2270949404761905,0.95
dataset_category,qt,TP,pairwise_jaccard_within_instance,counterfactual,llm_counterfactual,qwen36_27b_local,20,1.0,0.8298214285714286,-0.17017857142857146,0.0,0.0006162019349793729,-1.0,-0.22214583333333335,-0.1166666666666667,0.95
dataset_category,qt,TN,pairwise_jaccard_within_instance,counterfactual,llm_counterfactual,qwen36_27b_local,20,1.0,0.7127499999999999,-0.28725000000000006,0.0,0.00013018593685836283,-1.0,-0.3401202380952381,-0.23279583333333334,0.95
dataset_category,qt,FP,pairwise_jaccard_within_instance,counterfactual,llm_counterfactual,qwen36_27b_local,20,1.0,0.7889523809523808,-0.21104761904761907,0.0,0.00028284055565700876,-1.0,-0.26033333333333336,-0.15999642857142865,0.95
dataset_category,qt,FN,pairwise_jaccard_within_instance,counterfactual,llm_counterfactual,qwen36_27b_local,20,1.0,0.7367619047619047,-0.26323809523809527,0.0,0.00012977637152180872,-1.0,-0.311097619047619,-0.21249761904761916,0.95
overall,,,pairwise_jaccard_between_instance,lime,llm_lime,qwen36_27b_local,160,0.8194299289891396,0.5048087719298245,-0.314621157059315,1.0,5.339081441389514e-28,-0.9998447204968944,-0.33066969729010026,-0.2988013123955723,0.95
dataset_category,openstack,TP,pairwise_jaccard_between_instance,lime,llm_lime,qwen36_27b_local,20,0.7516424394319132,0.44525814536340846,-0.3063842940685047,1.0,3.814697265625e-06,-0.9904761904761905,-0.36170358187134516,-0.24442475981620718,0.95
dataset_category,openstack,TN,pairwise_jaccard_between_instance,lime,llm_lime,qwen36_27b_local,20,0.8147268170426066,0.48408922305764407,-0.3306375939849625,0.0,1.9073486328125e-06,-1.0,-0.36175146303258154,-0.30141565476190485,0.95
dataset_category,openstack,FP,pairwise_jaccard_between_instance,lime,llm_lime,qwen36_27b_local,20,0.824110275689223,0.485047619047619,-0.33906265664160407,0.0,1.9073486328125e-06,-1.0,-0.37919421470342524,-0.3026994152046784,0.95
dataset_category,openstack,FN,pairwise_jaccard_between_instance,lime,llm_lime,qwen36_27b_local,20,0.8331654135338346,0.4431925647451963,-0.38997284878863825,0.0,1.9073486328125e-06,-1.0,-0.4269645499164578,-0.3502388230994152,0.95
dataset_category,qt,TP,pairwise_jaccard_between_instance,lime,llm_lime,qwen36_27b_local,20,0.8341052631578947,0.5419974937343358,-0.2921077694235589,0.0,8.844915021211901e-05,-1.0,-0.32491815998329154,-0.2575952798663325,0.95
dataset_category,qt,TN,pairwise_jaccard_between_instance,lime,llm_lime,qwen36_27b_local,20,0.8512080200501254,0.5890384294068505,-0.26216959064327483,0.0,1.9073486328125e-06,-1.0,-0.3139670948203843,-0.2143550020885547,0.95
dataset_category,qt,FP,pairwise_jaccard_between_instance,lime,llm_lime,qwen36_27b_local,20,0.7894285714285715,0.5193801169590643,-0.2700484544695071,0.0,1.9073486328125e-06,-1.0,-0.3117566311612364,-0.2300443817878029,0.95
dataset_category,qt,FN,pairwise_jaccard_between_instance,lime,llm_lime,qwen36_27b_local,20,0.8570526315789474,0.5304665831244778,-0.3265860484544696,0.0,1.9073486328125e-06,-1.0,-0.364612082289056,-0.29030838554720145,0.95
overall,,,pairwise_jaccard_between_instance,kernelshap,llm_kernelshap,qwen36_27b_local,160,0.4028359440267334,0.5012195071010861,0.09838356307435255,1223.0,6.225345095675506e-19,0.8100931677018633,0.08272820332080201,0.11436030049081036,0.95
dataset_category,openstack,TP,pairwise_jaccard_between_instance,kernelshap,llm_kernelshap,qwen36_27b_local,20,0.45226065162907264,0.44469256474519636,-0.007568086883876357,92.0,0.6476554870605469,-0.12380952380952381,-0.0433794381787803,0.03048839807852967,0.95
dataset_category,openstack,TN,pairwise_jaccard_between_instance,kernelshap,llm_kernelshap,qwen36_27b_local,20,0.3306123642439432,0.4913634085213032,0.16075104427736006,0.0,1.9073486328125e-06,1.0,0.12498670634920636,0.19720026106934002,0.95
dataset_category,openstack,FP,pairwise_jaccard_between_instance,kernelshap,llm_kernelshap,qwen36_27b_local,20,0.40767669172932325,0.4949715956558062,0.08729490392648288,20.0,0.0007076263427734375,0.8095238095238095,0.0486127506265664,0.12530554511278197,0.95
dataset_category,openstack,FN,pairwise_jaccard_between_instance,kernelshap,llm_kernelshap,qwen36_27b_local,20,0.38509523809523805,0.49479782790309096,0.10970258980785297,20.0,0.0007076263427734375,0.8095238095238095,0.0607087823725982,0.16068011695906428,0.95
dataset_category,qt,TP,pairwise_jaccard_between_instance,kernelshap,llm_kernelshap,qwen36_27b_local,20,0.41918212197159554,0.5590793650793652,0.13989724310776944,0.0,1.9073486328125e-06,1.0,0.11101921470342524,0.17073142230576444,0.95
dataset_category,qt,TN,pairwise_jaccard_between_instance,kernelshap,llm_kernelshap,qwen36_27b_local,20,0.3938997493734335,0.5424720133667502,0.14857226399331663,0.0,1.9073486328125e-06,1.0,0.11163947368421052,0.1834324039264828,0.95
dataset_category,qt,FP,pairwise_jaccard_between_instance,kernelshap,llm_kernelshap,qwen36_27b_local,20,0.3974962406015037,0.4269498746867167,0.02945363408521303,69.0,0.1893482208251953,0.34285714285714286,-0.006877892648287392,0.06636638471177946,0.95
dataset_category,qt,FN,pairwise_jaccard_between_instance,kernelshap,llm_kernelshap,qwen36_27b_local,20,0.4364644945697577,0.5554294068504595,0.11896491228070176,9.0,6.29425048828125e-05,0.9142857142857143,0.0787810881370092,0.157853477443609,0.95
overall,,,pairwise_jaccard_between_instance,lofo,llm_lofo,qwen36_27b_local,160,0.3298558897243108,0.43458743734335836,0.1047315476190476,1315.0,2.519797692185193e-18,0.7958074534161491,0.0865971600877193,0.12264527373120299,0.95
dataset_category,openstack,TP,pairwise_jaccard_between_instance,lofo,llm_lofo,qwen36_27b_local,20,0.3749582289055973,0.4170009189640768,0.04204269005847952,51.0,0.04405403137207031,0.5142857142857142,0.003062348579782778,0.07920581244778613,0.95
dataset_category,openstack,TN,pairwise_jaccard_between_instance,lofo,llm_lofo,qwen36_27b_local,20,0.24855889724310778,0.43595814536340854,0.1873992481203007,0.0,1.9073486328125e-06,1.0,0.1506477516708438,0.2213178226817043,0.95
dataset_category,openstack,FP,pairwise_jaccard_between_instance,lofo,llm_lofo,qwen36_27b_local,20,0.31956975772765245,0.44423308270676687,0.12466332497911445,8.0,4.76837158203125e-05,0.9238095238095239,0.08768409565580616,0.16066495405179612,0.95
dataset_category,openstack,FN,pairwise_jaccard_between_instance,lofo,llm_lofo,qwen36_27b_local,20,0.2595029239766082,0.4825143692564744,0.22301144527986633,0.0,1.9073486328125e-06,1.0,0.17934237155388466,0.2663765914786967,0.95
dataset_category,qt,TP,pairwise_jaccard_between_instance,lofo,llm_lofo,qwen36_27b_local,20,0.3971177944862154,0.44893951545530486,0.0518217209690894,39.0,0.012079238891601562,0.6285714285714286,0.0187026931913116,0.08577448621553885,0.95
dataset_category,qt,TN,pairwise_jaccard_between_instance,lofo,llm_lofo,qwen36_27b_local,20,0.3073308270676691,0.4323056808688387,0.1249748538011696,6.0,2.6702880859375e-05,0.9428571428571428,0.08808284043441937,0.16016576441102756,0.95
dataset_category,qt,FP,pairwise_jaccard_between_instance,lofo,llm_lofo,qwen36_27b_local,20,0.38366750208855466,0.386062656641604,0.002395154553049272,92.0,0.6476554870605469,0.12380952380952381,-0.056652558479532156,0.05773486842105262,0.95
dataset_category,qt,FN,pairwise_jaccard_between_instance,lofo,llm_lofo,qwen36_27b_local,20,0.348141186299081,0.42968512949039256,0.08154394319131161,24.0,0.0014324188232421875,0.7714285714285715,0.04150176169590645,0.12154556808688387,0.95
overall,,,pairwise_jaccard_between_instance,counterfactual,llm_counterfactual,qwen36_27b_local,160,0.4236842105263158,0.5415101086048454,0.11782589807852965,2265.0,1.137652323309258e-12,0.6482919254658385,0.09102213071741855,0.14414467209690893,0.95
dataset_category,openstack,TP,pairwise_jaccard_between_instance,counterfactual,llm_counterfactual,qwen36_27b_local,20,0.5915413533834585,0.49983241436925646,-0.09170893901420218,28.0,0.002712249755859375,-0.7333333333333333,-0.13623311194653304,-0.04318048036758565,0.95
dataset_category,openstack,TN,pairwise_jaccard_between_instance,counterfactual,llm_counterfactual,qwen36_27b_local,20,0.3308270676691729,0.5409144527986631,0.21008738512949038,1.0,3.814697265625e-06,0.9904761904761905,0.17008811612364247,0.24831091896407687,0.95
dataset_category,openstack,FP,pairwise_jaccard_between_instance,counterfactual,llm_counterfactual,qwen36_27b_local,20,0.6140350877192983,0.45244795321637427,-0.161587134502924,0.0,1.9073486328125e-06,-1.0,-0.19761355994152044,-0.12717164995822897,0.95
dataset_category,openstack,FN,pairwise_jaccard_between_instance,counterfactual,llm_counterfactual,qwen36_27b_local,20,0.375814536340852,0.520897410192147,0.1450828738512949,2.0,5.7220458984375e-06,0.9809523809523809,0.10669140664160404,0.18137602339181286,0.95
dataset_category,qt,TP,pairwise_jaccard_between_instance,counterfactual,llm_counterfactual,qwen36_27b_local,20,0.38613199665831244,0.6162005012531326,0.23006850459482045,0.0,1.9073486328125e-06,1.0,0.191224843358396,0.2667170426065162,0.95
dataset_category,qt,TN,pairwise_jaccard_between_instance,counterfactual,llm_counterfactual,qwen36_27b_local,20,0.37182539682539684,0.604820551378446,0.2329951545530493,0.0,1.9073486328125e-06,1.0,0.1908220530492899,0.2781536633249791,0.95
dataset_category,qt,FP,pairwise_jaccard_between_instance,counterfactual,llm_counterfactual,qwen36_27b_local,20,0.39005847953216366,0.5326873015873015,0.14262882205513788,4.0,1.33514404296875e-05,0.9619047619047619,0.09297047514619887,0.19791748538011694,0.95
dataset_category,qt,FN,pairwise_jaccard_between_instance,counterfactual,llm_counterfactual,qwen36_27b_local,20,0.32923976608187133,0.5642802840434419,0.23504051796157058,0.0,1.9073486328125e-06,1.0,0.2022744078947368,0.2676392397660819,0.95
overall,,,instance_idf_specificity,lime,llm_lime,qwen36_27b_local,160,0.05125031020773748,0.124454437034163,0.07320412682642552,1283.0,1.5529271427069085e-18,0.800776397515528,0.05885932736146698,0.08717482393801905,0.95
dataset_category,openstack,TP,instance_idf_specificity,lime,llm_lime,qwen36_27b_local,20,0.08663499416263051,0.1435210271216215,0.056886032958990994,36.0,0.009989902455487807,0.6571428571428571,-0.0043593627139671244,0.10958137262181113,0.95
dataset_category,openstack,TN,instance_idf_specificity,lime,llm_lime,qwen36_27b_local,20,0.04409552854582812,0.11086446060635266,0.06676893206052455,12.0,0.000133514404296875,0.8857142857142857,0.0378656193529975,0.10019408058171049,0.95
dataset_category,openstack,FP,instance_idf_specificity,lime,llm_lime,qwen36_27b_local,20,0.033977383681005925,0.15209248262702665,0.11811509894602072,5.0,0.00018876804289503734,0.9523809523809523,0.08187424124063576,0.15197120299707798,0.95
dataset_category,openstack,FN,instance_idf_specificity,lime,llm_lime,qwen36_27b_local,20,0.0574638828499451,0.14299499351547978,0.0855311106655347,9.0,6.29425048828125e-05,0.9142857142857143,0.05131541155464559,0.12368351956464634,0.95
dataset_category,qt,TP,instance_idf_specificity,lime,llm_lime,qwen36_27b_local,20,0.05968794297734823,0.12068584572935548,0.06099790275200726,27.0,0.003574346329804397,0.7428571428571429,0.02956463224099464,0.09513422359616511,0.95
dataset_category,qt,TN,instance_idf_specificity,lime,llm_lime,qwen36_27b_local,20,0.027626094754561226,0.08700435447185668,0.05937825971729545,26.0,0.003156095197003899,0.7523809523809524,0.02366949607300837,0.09453454399291143,0.95
dataset_category,qt,FP,instance_idf_specificity,lime,llm_lime,qwen36_27b_local,20,0.06901215013314757,0.13516685395504233,0.06615470382189477,35.0,0.008949687938349396,0.6666666666666666,0.020348235430160993,0.10644297663814714,0.95
dataset_category,qt,FN,instance_idf_specificity,lime,llm_lime,qwen36_27b_local,20,0.03150450455743321,0.10330547824656877,0.07180097368913557,17.0,0.0010064609294373034,0.8380952380952381,0.04102438110695956,0.10332755546632286,0.95
overall,,,instance_idf_specificity,kernelshap,llm_kernelshap,qwen36_27b_local,160,0.21926515024138346,0.13643304140292292,-0.08283210883846052,1080.0,6.751938848924999e-20,-0.8322981366459627,-0.09609517635039261,-0.06985460385484525,0.95
dataset_category,openstack,TP,instance_idf_specificity,kernelshap,llm_kernelshap,qwen36_27b_local,20,0.18322828908387756,0.14530836814593043,-0.037919920937947146,44.0,0.021484375,-0.580952380952381,-0.0665947537553345,-0.010478084040783117,0.95
dataset_category,openstack,TN,instance_idf_specificity,kernelshap,llm_kernelshap,qwen36_27b_local,20,0.25485155063781945,0.1274345716621646,-0.12741697897565488,1.0,3.814697265625e-06,-0.9904761904761905,-0.1620682380923787,-0.0944570025367173,0.95
dataset_category,openstack,FP,instance_idf_specificity,kernelshap,llm_kernelshap,qwen36_27b_local,20,0.21957147350040485,0.1543446688634397,-0.06522680463696515,31.0,0.0042209625244140625,-0.7047619047619048,-0.10620266203805188,-0.026872655517370857,0.95
dataset_category,openstack,FN,instance_idf_specificity,kernelshap,llm_kernelshap,qwen36_27b_local,20,0.24374462083465015,0.13915293629213865,-0.10459168454251148,11.0,0.0001049041748046875,-0.8952380952380953,-0.14401112284819526,-0.0668487874578642,0.95
dataset_category,qt,TP,instance_idf_specificity,kernelshap,llm_kernelshap,qwen36_27b_local,20,0.20692350279414415,0.1412608592888017,-0.06566264350534243,28.0,0.002712249755859375,-0.7333333333333333,-0.10125090478155911,-0.029301294758223292,0.95
dataset_category,qt,TN,instance_idf_specificity,kernelshap,llm_kernelshap,qwen36_27b_local,20,0.22155383614875812,0.09836102400919504,-0.1231928121395631,5.0,1.9073486328125e-05,-0.9523809523809523,-0.15792689775802723,-0.08723215035675091,0.95
dataset_category,qt,FP,instance_idf_specificity,kernelshap,llm_kernelshap,qwen36_27b_local,20,0.221564941070314,0.17020573461035096,-0.05135920645996304,43.0,0.01923370361328125,-0.5904761904761905,-0.0900933106461915,-0.014547275125510786,0.95
dataset_category,qt,FN,instance_idf_specificity,kernelshap,llm_kernelshap,qwen36_27b_local,20,0.20268298786109926,0.11539616835136227,-0.087286819509737,5.0,1.9073486328125e-05,-0.9523809523809523,-0.11704352066126743,-0.059153757678178036,0.95
overall,,,instance_idf_specificity,lofo,llm_lofo,qwen36_27b_local,160,0.2735944429020274,0.14747125300194908,-0.12612318990007834,419.0,1.0931034283554746e-24,-0.9349378881987578,-0.140535487407185,-0.11164288847644019,0.95
dataset_category,openstack,TP,instance_idf_specificity,lofo,llm_lofo,qwen36_27b_local,20,0.2528213993702967,0.16751629517903693,-0.08530510419125978,12.0,0.000133514404296875,-0.8857142857142857,-0.11880378340058209,-0.05256760278505452,0.95
dataset_category,openstack,TN,instance_idf_specificity,lofo,llm_lofo,qwen36_27b_local,20,0.3209065718192091,0.11743487871589511,-0.20347169310331403,0.0,1.9073486328125e-06,-1.0,-0.23234177429167407,-0.1750751801101584,0.95
dataset_category,openstack,FP,instance_idf_specificity,lofo,llm_lofo,qwen36_27b_local,20,0.28300316387969426,0.17189018549166635,-0.11111297838802785,12.0,0.000133514404296875,-0.8857142857142857,-0.14979254901794484,-0.07058136543246012,0.95
dataset_category,openstack,FN,instance_idf_specificity,lofo,llm_lofo,qwen36_27b_local,20,0.3156882120607493,0.15035027425052389,-0.1653379378102255,3.0,9.5367431640625e-06,-0.9714285714285714,-0.2031054405316586,-0.12478223492558525,0.95
dataset_category,qt,TP,instance_idf_specificity,lofo,llm_lofo,qwen36_27b_local,20,0.2348809006934232,0.1522138741281673,-0.08266702656525582,15.0,0.0002613067626953125,-0.8571428571428571,-0.11825071692954912,-0.04817923064377804,0.95
dataset_category,qt,TN,instance_idf_specificity,lofo,llm_lofo,qwen36_27b_local,20,0.274233277633331,0.12905746810252938,-0.14517580953080153,3.0,9.5367431640625e-06,-0.9714285714285714,-0.18500114190082853,-0.10612212497554899,0.95
dataset_category,qt,FP,instance_idf_specificity,lofo,llm_lofo,qwen36_27b_local,20,0.25206120017647277,0.16667080840147078,-0.085390391775002,31.0,0.0042209625244140625,-0.7047619047619048,-0.13914383017554552,-0.03491964527535582,0.95
dataset_category,qt,FN,instance_idf_specificity,lofo,llm_lofo,qwen36_27b_local,20,0.25516081758304293,0.12463623974630275,-0.13052457783674018,0.0,1.9073486328125e-06,-1.0,-0.1594981706043999,-0.10245474290759005,0.95
overall,,,instance_idf_specificity,counterfactual,llm_counterfactual,qwen36_27b_local,160,0.22709570539241114,0.10874267813057939,-0.11835302726183175,672.0,8.644321159529636e-23,-0.8956521739130435,-0.1342128081641351,-0.10229270319602085,0.95
dataset_category,openstack,TP,instance_idf_specificity,counterfactual,llm_counterfactual,qwen36_27b_local,20,0.13887851947989668,0.09876827398896222,-0.04011024549093446,43.0,0.01923370361328125,-0.5904761904761905,-0.07508014767247448,-0.006230678539118683,0.95
dataset_category,openstack,TN,instance_idf_specificity,counterfactual,llm_counterfactual,qwen36_27b_local,20,0.27283932382395804,0.10400402892580678,-0.16883529489815124,1.0,3.814697265625e-06,-0.9904761904761905,-0.20423293395234135,-0.13408799288488538,0.95
dataset_category,openstack,FP,instance_idf_specificity,counterfactual,llm_counterfactual,qwen36_27b_local,20,0.1402643429438419,0.12067651075366484,-0.01958783219017706,70.0,0.1912564806974696,-0.3333333333333333,-0.0462231872792699,0.007938245630015385,0.95
dataset_category,openstack,FN,instance_idf_specificity,counterfactual,llm_counterfactual,qwen36_27b_local,20,0.25512036192162224,0.1160047404354537,-0.13911562148616846,2.0,0.0001202578206387046,-0.9809523809523809,-0.17253925532908393,-0.10502730326254671,0.95
dataset_category,qt,TP,instance_idf_specificity,counterfactual,llm_counterfactual,qwen36_27b_local,20,0.23763833989662198,0.1124979026466882,-0.1251404372499337,10.0,8.20159912109375e-05,-0.9047619047619048,-0.16503154069060766,-0.08190356640887474,0.95
dataset_category,qt,TN,instance_idf_specificity,counterfactual,llm_counterfactual,qwen36_27b_local,20,0.2562016346368131,0.0867579817152446,-0.16944365292156854,0.0,1.9073486328125e-06,-1.0,-0.21410475377324945,-0.1258453699514567,0.95
dataset_category,qt,FP,instance_idf_specificity,counterfactual,llm_counterfactual,qwen36_27b_local,20,0.2445575815216489,0.13810860638796263,-0.10644897513368626,5.0,1.9073486328125e-05,-0.9523809523809523,-0.15623662687504877,-0.0628572087007152,0.95
dataset_category,qt,FN,instance_idf_specificity,counterfactual,llm_counterfactual,qwen36_27b_local,20,0.27126553891488614,0.09312338019085199,-0.17814215872403416,3.0,9.5367431640625e-06,-0.9714285714285714,-0.21768586877181745,-0.13557556527846704,0.95
overall,,,separability_gap,lime,llm_lime,qwen36_27b_local,160,0.04512612259816203,0.23999827172096908,0.194872149122807,702.0,1.4338931254202238e-22,0.8909937888198758,0.1682836155492899,0.2219980410662072,0.95
dataset_category,openstack,TP,separability_gap,lime,llm_lime,qwen36_27b_local,20,0.09706787802840426,0.2807537593984962,0.18368588137009192,20.0,0.0007076263427734375,0.8095238095238095,0.1057370352965748,0.26045878237259823,0.95
dataset_category,openstack,TN,separability_gap,lime,llm_lime,qwen36_27b_local,20,0.06622556390977435,0.19252188805346696,0.1262963241436926,33.0,0.005580902099609375,0.6857142857142857,0.048734299289891474,0.19956315267335006,0.95
dataset_category,openstack,FP,separability_gap,lime,llm_lime,qwen36_27b_local,20,0.02469924812030073,0.3597142857142856,0.33501503759398493,3.0,9.5367431640625e-06,0.9714285714285714,0.25276888053466995,0.4162141917293232,0.95
dataset_category,openstack,FN,separability_gap,lime,llm_lime,qwen36_27b_local,20,0.02278696741854635,0.2893074352548036,0.2665204678362573,1.0,3.814697265625e-06,0.9904761904761905,0.20283271825396826,0.3299850083542188,0.95
dataset_category,qt,TP,separability_gap,lime,llm_lime,qwen36_27b_local,20,0.04422807017543852,0.2546691729323308,0.2104411027568923,1.0,0.0001032027839634719,0.9904761904761905,0.15672130325814537,0.26194517543859663,0.95
dataset_category,qt,TN,separability_gap,lime,llm_lime,qwen36_27b_local,20,0.0337919799498747,0.13512823725981618,0.10133625730994147,25.0,0.001689910888671875,0.7619047619047619,0.05024487259816206,0.1599124947786132,0.95
dataset_category,qt,FP,separability_gap,lime,llm_lime,qwen36_27b_local,20,0.07259523809523813,0.23282226399331657,0.16022702589807847,24.0,0.0014324188232421875,0.7714285714285715,0.07161562761069339,0.24267292188805337,0.95
dataset_category,qt,FN,separability_gap,lime,llm_lime,qwen36_27b_local,20,-0.0003859649122807493,0.1750691311612364,0.17545509607351714,10.0,8.20159912109375e-05,0.9047619047619048,0.11426850459482044,0.238381093358396,0.95
overall,,,separability_gap,kernelshap,llm_kernelshap,qwen36_27b_local,160,0.5251997702589808,0.2652115444862155,-0.25998822577276526,557.0,1.2130893568956055e-23,-0.9135093167701863,-0.2914952518013785,-0.22904711648913953,0.95
dataset_category,openstack,TP,separability_gap,kernelshap,llm_kernelshap,qwen36_27b_local,20,0.40845363408521296,0.33495029239766083,-0.07350334168755222,70.0,0.20244979858398438,-0.3333333333333333,-0.1809781432748537,0.030909095655806167,0.95
dataset_category,openstack,TN,separability_gap,kernelshap,llm_kernelshap,qwen36_27b_local,20,0.6293876357560569,0.21482706766917287,-0.4145605680868839,0.0,1.9073486328125e-06,-1.0,-0.47266726190476194,-0.35347998120300755,0.95
dataset_category,openstack,FP,separability_gap,kernelshap,llm_kernelshap,qwen36_27b_local,20,0.5011328320802005,0.340921261487051,-0.16021157059314955,25.0,0.001689910888671875,-0.7619047619047619,-0.2429402046783626,-0.07749412071846279,0.95
dataset_category,openstack,FN,separability_gap,kernelshap,llm_kernelshap,qwen36_27b_local,20,0.5399047619047619,0.2733569340016708,-0.2665478279030912,8.0,4.76837158203125e-05,-0.9238095238095239,-0.3642469089390143,-0.17480081975772774,0.95
dataset_category,qt,TP,separability_gap,kernelshap,llm_kernelshap,qwen36_27b_local,20,0.5258178780284043,0.2718730158730159,-0.2539448621553885,0.0,1.9073486328125e-06,-1.0,-0.3085599832915622,-0.1979933897243108,0.95
dataset_category,qt,TN,separability_gap,kernelshap,llm_kernelshap,qwen36_27b_local,20,0.5561002506265664,0.1436787802840434,-0.41242147034252297,0.0,1.9073486328125e-06,-1.0,-0.4660659356725147,-0.3586159356725147,0.95
dataset_category,qt,FP,separability_gap,kernelshap,llm_kernelshap,qwen36_27b_local,20,0.5434561403508772,0.36709774436090226,-0.17635839598997494,5.0,1.9073486328125e-05,-0.9523809523809523,-0.22638714494569756,-0.1241421052631579,0.95
dataset_category,qt,FN,separability_gap,kernelshap,llm_kernelshap,qwen36_27b_local,20,0.49734502923976615,0.17498725981620714,-0.322357769423559,0.0,1.9073486328125e-06,-1.0,-0.38490201545530495,-0.2617561612364244,0.95
overall,,,separability_gap,lofo,llm_lofo,qwen36_27b_local,160,0.6701441102756892,0.3183116201963241,-0.3518324900793651,83.0,2.4788986086212106e-27,-0.9871118012422361,-0.37909139724310775,-0.3235984999608396,0.95
dataset_category,openstack,TP,separability_gap,lofo,llm_lofo,qwen36_27b_local,20,0.6250417710944027,0.40328479532163747,-0.22175697577276532,4.0,1.33514404296875e-05,-0.9619047619047619,-0.29291349101921477,-0.15357603279030918,0.95
dataset_category,openstack,TN,separability_gap,lofo,llm_lofo,qwen36_27b_local,20,0.7514411027568924,0.2611549498746867,-0.4902861528822055,0.0,1.9073486328125e-06,-1.0,-0.5530785160818713,-0.429822482247285,0.95
dataset_category,openstack,FP,separability_gap,lofo,llm_lofo,qwen36_27b_local,20,0.6804302422723475,0.37588596491228066,-0.3045442773600668,1.0,3.814697265625e-06,-0.9904761904761905,-0.36761114243943194,-0.2400244152046784,0.95
dataset_category,openstack,FN,separability_gap,lofo,llm_lofo,qwen36_27b_local,20,0.7404970760233918,0.2706642021720969,-0.46983287385129485,0.0,1.9073486328125e-06,-1.0,-0.5205962646198831,-0.41528584795321644,0.95
dataset_category,qt,TP,separability_gap,lofo,llm_lofo,qwen36_27b_local,20,0.6028822055137846,0.28575294486215536,-0.3171292606516291,0.0,1.9073486328125e-06,-1.0,-0.3964331918337511,-0.23836434523809533,0.95
dataset_category,qt,TN,separability_gap,lofo,llm_lofo,qwen36_27b_local,20,0.6926691729323309,0.32614670008354224,-0.3665224728487887,0.0,1.9073486328125e-06,-1.0,-0.4296444120718462,-0.297712720342523,0.95
dataset_category,qt,FP,separability_gap,lofo,llm_lofo,qwen36_27b_local,20,0.6163324979114452,0.3637885338345864,-0.25254396407685886,14.0,0.000209808349609375,-0.8666666666666667,-0.3318024279448621,-0.15965552944862166,0.95
dataset_category,qt,FN,separability_gap,lofo,llm_lofo,qwen36_27b_local,20,0.6518588137009189,0.2598148705096073,-0.3920439431913117,0.0,1.9073486328125e-06,-1.0,-0.4567623517126149,-0.3317147337092733,0.95
overall,,,separability_gap,counterfactual,llm_counterfactual,qwen36_27b_local,160,0.5763157894736842,0.19996012949039263,-0.3763556599832916,80.0,2.344295984230035e-27,-0.9875776397515528,-0.4041749766342941,-0.346957094167711,0.95
dataset_category,openstack,TP,separability_gap,counterfactual,llm_counterfactual,qwen36_27b_local,20,0.40845864661654135,0.1779175856307435,-0.23054106098579785,9.0,6.29425048828125e-05,-0.9142857142857143,-0.3123235233918129,-0.15194253341687552,0.95
dataset_category,openstack,TN,separability_gap,counterfactual,llm_counterfactual,qwen36_27b_local,20,0.6691729323308271,0.18158554720133663,-0.4875873851294905,0.0,1.9073486328125e-06,-1.0,-0.5605866228070177,-0.4126055545112782,0.95
dataset_category,openstack,FP,separability_gap,counterfactual,llm_counterfactual,qwen36_27b_local,20,0.38596491228070173,0.28690918964076856,-0.09905572263993319,27.0,0.0023250579833984375,-0.7428571428571429,-0.1526208364661654,-0.043100740392648315,0.95
dataset_category,openstack,FN,separability_gap,counterfactual,llm_counterfactual,qwen36_27b_local,20,0.624185463659148,0.2029716374269006,-0.42121382623224723,0.0,1.9073486328125e-06,-1.0,-0.464429228279031,-0.3719617303675857,0.95
dataset_category,qt,TP,separability_gap,counterfactual,llm_counterfactual,qwen36_27b_local,20,0.6138680033416875,0.21362092731829568,-0.40024707602339193,0.0,1.9073486328125e-06,-1.0,-0.4532227443609024,-0.3457369883040937,0.95
dataset_category,qt,TN,separability_gap,counterfactual,llm_counterfactual,qwen36_27b_local,20,0.6281746031746032,0.10792944862155385,-0.5202451545530493,0.0,1.9073486328125e-06,-1.0,-0.5641467032163744,-0.47060424289891406,0.95
dataset_category,qt,FP,separability_gap,counterfactual,llm_counterfactual,qwen36_27b_local,20,0.6099415204678362,0.2562650793650793,-0.353676441102757,0.0,1.9073486328125e-06,-1.0,-0.39892103070175444,-0.3051419642857144,0.95
dataset_category,qt,FN,separability_gap,counterfactual,llm_counterfactual,qwen36_27b_local,20,0.6707602339181287,0.17248162071846276,-0.4982786131996659,0.0,1.9073486328125e-06,-1.0,-0.5409443201754387,-0.44810076649958236,0.95
