metric,comparison,ablation,n_pairs,full_mean,ablation_mean,mean_difference_full_minus_ablation,median_difference_full_minus_ablation,full_greater_n,equal_n,full_lower_n,wilcoxon_statistic,p_raw,p_holm,significant_holm_0_05
overlap_at_k,full_vs_no_semantics,no_semantics,32,0.83925,0.77278125,0.06646875,0.04550000000000004,25,1,6,42.0,5.4164846643916004e-05,0.00016249453993174803,True
overlap_at_k,full_vs_no_grounding,no_grounding,32,0.83925,0.8428125,-0.0035625000000000066,-0.0024999999999999467,14,0,18,228.0,0.5119121475145221,0.5119121475145221,False
overlap_at_k,full_vs_no_constraints,no_constraints,32,0.83925,0.80278125,0.03646874999999999,0.019499999999999962,23,1,8,80.0,0.0009937204737517935,0.001987440947503587,True
overlap_at_k,full_vs_no_instance_context,no_instance_context,32,0.83925,0.7383125,0.10093749999999999,0.08650000000000002,32,0,0,0.0,7.94848809569633e-07,3.179395238278532e-06,True
rank_agreement_at_k,full_vs_no_semantics,no_semantics,32,0.9200260416666667,0.872736328125,0.047289713541666695,0.029666666666666675,23,0,9,72.0,0.00014727748930454254,0.0005891099572181702,True
rank_agreement_at_k,full_vs_no_grounding,no_grounding,32,0.9200260416666667,0.9247838541666668,-0.004757812499999986,-0.005166666666666597,13,0,19,188.0,0.16004515811800957,0.16004515811800957,False
rank_agreement_at_k,full_vs_no_constraints,no_constraints,32,0.9200260416666667,0.89483984375,0.02518619791666671,0.020145833333333363,23,0,9,105.0,0.0022269743494689465,0.004453948698937893,True
rank_agreement_at_k,full_vs_no_instance_context,no_instance_context,32,0.9200260416666667,0.889359375,0.030666666666666693,0.01926041666666678,26,0,6,91.0,0.0012164814968549454,0.003649444490564836,True
direction_agreement_at_k,full_vs_no_semantics,no_semantics,32,0.9670442708333333,0.9597256944444443,0.007318576388888883,0.004333333333333356,19,3,10,148.5,0.13568748439146702,0.29247178860662376,False
direction_agreement_at_k,full_vs_no_grounding,no_grounding,32,0.9670442708333333,0.9714244791666666,-0.004380208333333344,0.0,11,8,13,92.0,0.09749059620220792,0.29247178860662376,False
direction_agreement_at_k,full_vs_no_constraints,no_constraints,32,0.9670442708333333,0.960686755952381,0.006357514880952372,0.0063869047619047326,19,3,10,155.5,0.18002513369166306,0.29247178860662376,False
direction_agreement_at_k,full_vs_no_instance_context,no_instance_context,32,0.9670442708333333,0.9508314732142857,0.016212797619047585,0.00829166666666653,17,4,11,118.0,0.05292026639750943,0.21168106559003771,False
score_stability,full_vs_no_semantics,no_semantics,32,0.8239507351044579,0.7276118998897576,0.09633883521470037,0.10506059537560497,28,0,4,29.0,8.097849786281586e-07,3.2391399145126343e-06,True
score_stability,full_vs_no_grounding,no_grounding,32,0.8239507351044579,0.8319606006371957,-0.008009865532737779,-0.002721916242516609,15,0,17,205.0,0.2781296819448471,0.2781296819448471,False
score_stability,full_vs_no_constraints,no_constraints,32,0.8239507351044579,0.7818561274088718,0.04209460769558617,0.03102723101078142,22,0,10,104.0,0.00207323394715786,0.006219701841473579,True
score_stability,full_vs_no_instance_context,no_instance_context,32,0.8239507351044579,0.7721076411614777,0.05184309394298024,0.039784581094594595,22,0,10,125.0,0.008284066338092089,0.016568132676184177,True
direction_consistency_rate,full_vs_no_semantics,no_semantics,32,0.8520738085660451,0.8352976023201832,0.01677620624586187,0.009224922049708983,21,0,11,152.0,0.036230858445837975,0.10869257533751392,False
direction_consistency_rate,full_vs_no_grounding,no_grounding,32,0.8520738085660451,0.8540009124439114,-0.0019271038778662444,0.0015032980703711396,18,0,14,241.0,0.6671269635298227,1.0,False
direction_consistency_rate,full_vs_no_constraints,no_constraints,32,0.8520738085660451,0.8550445610990121,-0.0029707525329668687,-0.002580638137441915,14,1,17,225.0,0.6521831814770129,1.0,False
direction_consistency_rate,full_vs_no_instance_context,no_instance_context,32,0.8520738085660451,0.7787521183339237,0.0733216902321214,0.038775265933784886,23,1,8,83.0,0.0012231333615651107,0.004892533446260443,True
meaningful_effect_rate,full_vs_no_semantics,no_semantics,32,0.7338165549981013,0.6968655815657947,0.03695097343230651,0.030594377510040183,23,0,9,94.0,0.000980085227638483,0.003920340910553932,True
meaningful_effect_rate,full_vs_no_grounding,no_grounding,32,0.7338165549981013,0.7396645765223261,-0.00584802152422483,-0.007794738070518559,14,0,18,195.5,0.20021707321061566,0.20021707321061566,False
meaningful_effect_rate,full_vs_no_constraints,no_constraints,32,0.7338165549981013,0.7182865762800774,0.015529978718023809,0.008319698147428445,23,0,9,120.5,0.007288724720876387,0.021866174162629162,True
meaningful_effect_rate,full_vs_no_instance_context,no_instance_context,32,0.7338165549981013,0.6900975962462355,0.04371895875186581,0.025329913623430844,20,0,12,131.0,0.011802620720118284,0.02360524144023657,True
mean_delta_probability,full_vs_no_semantics,no_semantics,32,-0.08656924981342606,-0.07732552435460552,-0.009243725458820547,-0.007552512529994001,10,0,22,96.0,0.0011443300172686577,0.004577320069074631,True
mean_delta_probability,full_vs_no_grounding,no_grounding,32,-0.08656924981342606,-0.08826201103818661,0.001692761224760544,0.0011657449871661472,24,0,8,112.0,0.003615216352045536,0.010845649056136608,True
mean_delta_probability,full_vs_no_constraints,no_constraints,32,-0.08656924981342606,-0.08196582055673642,-0.004603429256689646,-0.0012164103510817481,11,0,21,136.0,0.015647762920707464,0.03129552584141493,True
mean_delta_probability,full_vs_no_instance_context,no_instance_context,32,-0.08656924981342606,-0.07815376482718367,-0.00841548498624239,-0.0020342477985889505,13,0,19,160.0,0.05208174558356404,0.05208174558356404,False
mean_absolute_delta_probability,full_vs_no_semantics,no_semantics,32,0.11305432326783221,0.10092973709203801,0.012124586175794209,0.009475860670482748,30,0,2,5.0,4.6566128730773926e-09,1.862645149230957e-08,True
mean_absolute_delta_probability,full_vs_no_grounding,no_grounding,32,0.11305432326783221,0.1150034095007059,-0.0019490862328736841,-0.0010016434783690978,10,0,22,124.0,0.007796160411089659,0.015592320822179317,True
mean_absolute_delta_probability,full_vs_no_constraints,no_constraints,32,0.11305432326783221,0.10915170809217523,0.0039026151756569893,0.0009698794335227974,23,0,9,117.0,0.005025593563914299,0.015076780691742897,True
mean_absolute_delta_probability,full_vs_no_instance_context,no_instance_context,32,0.11305432326783221,0.10813481350821823,0.0049195097596139905,0.0012600714370427993,19,0,13,190.0,0.17161604948341846,0.17161604948341846,False
normalized_feature_entropy,full_vs_no_semantics,no_semantics,32,0.8156141862541036,0.8712342456600404,-0.05562005940593666,-0.05378396426494614,4,0,28,21.0,2.0815059542655945e-07,6.244517862796783e-07,True
normalized_feature_entropy,full_vs_no_grounding,no_grounding,32,0.8156141862541036,0.8174040994432448,-0.0017899131891410437,0.0010021038802965898,18,0,14,263.0,0.9926442098803818,1.0,False
normalized_feature_entropy,full_vs_no_constraints,no_constraints,32,0.8156141862541036,0.8153592752635446,0.00025491099055913527,0.00567561608741074,21,0,11,227.0,0.5000474993139505,1.0,False
normalized_feature_entropy,full_vs_no_instance_context,no_instance_context,32,0.8156141862541036,0.7065972220362572,0.10901696421784643,0.09680582193617182,32,0,0,0.0,4.656612873077393e-10,1.862645149230957e-09,True
pairwise_jaccard_within_instance,full_vs_no_semantics,no_semantics,32,0.7573678075396826,0.6936328125,0.06373499503968252,0.04236507936507933,24,0,8,67.5,0.00023838848209299941,0.0009535539283719977,True
pairwise_jaccard_within_instance,full_vs_no_grounding,no_grounding,32,0.7573678075396826,0.764797371031746,-0.007429563492063498,-0.005708333333333371,13,0,19,208.0,0.30378718534484506,0.30378718534484506,False
pairwise_jaccard_within_instance,full_vs_no_constraints,no_constraints,32,0.7573678075396826,0.7256351066468254,0.03173270089285715,0.02248809523809525,23,0,9,102.0,0.0017936383374035358,0.0053809150122106075,True
pairwise_jaccard_within_instance,full_vs_no_instance_context,no_instance_context,32,0.7573678075396826,0.7235825892857142,0.03378521825396824,0.043898809523809534,23,0,9,154.0,0.03942684410139918,0.07885368820279837,False
pairwise_jaccard_between_instance,full_vs_no_semantics,no_semantics,32,0.5076009972848788,0.4242251383667502,0.08337585891812865,0.08233212197159567,26,0,6,45.0,7.71600753068924e-06,2.314802259206772e-05,True
pairwise_jaccard_between_instance,full_vs_no_grounding,no_grounding,32,0.5076009972848788,0.5062384059106098,0.0013625913742689958,-0.008644945697577344,13,0,19,246.0,0.7468255525454879,1.0,False
pairwise_jaccard_between_instance,full_vs_no_constraints,no_constraints,32,0.5076009972848788,0.5044556860902255,0.0031453111946532965,-0.007329699248120325,13,0,19,263.0,0.9926442098803818,1.0,False
pairwise_jaccard_between_instance,full_vs_no_instance_context,no_instance_context,32,0.5076009972848788,0.6480531328320802,-0.14045213554720137,-0.1588241019214704,2,0,30,12.0,3.259629011154175e-08,1.30385160446167e-07,True
instance_idf_specificity,full_vs_no_semantics,no_semantics,32,0.12599586946097002,0.13875378031985872,-0.012757910858888675,-0.013298701289581508,11,0,21,147.0,0.02797716623172164,0.05595433246344328,False
instance_idf_specificity,full_vs_no_grounding,no_grounding,32,0.12599586946097002,0.13045302839940032,-0.004457158938430309,-0.005699396979060661,11,0,21,179.0,0.11498490627855062,0.11498490627855062,False
instance_idf_specificity,full_vs_no_constraints,no_constraints,32,0.12599586946097002,0.11655234440108281,0.009443525059887211,0.012272160306091746,24,0,8,119.0,0.005712004844099283,0.01713601453229785,True
instance_idf_specificity,full_vs_no_instance_context,no_instance_context,32,0.12599586946097002,0.06639020400632491,0.059605665454645136,0.0552644669721918,31,0,1,4.0,3.259629011154175e-09,1.30385160446167e-08,True
separability_gap,full_vs_no_semantics,no_semantics,32,0.24976681025480366,0.26940767413324973,-0.019640863878446116,-0.02879206349206341,12,0,20,179.0,0.11498490627855062,0.22996981255710125,False
separability_gap,full_vs_no_grounding,no_grounding,32,0.24976681025480366,0.25855896512113613,-0.008792154866332495,-0.01924379699248116,11,0,21,187.0,0.1544793052598834,0.22996981255710125,False
separability_gap,full_vs_no_constraints,no_constraints,32,0.24976681025480366,0.22117942055659978,0.02858738969820384,0.024417857142857158,21,0,11,129.0,0.010509172920137644,0.03152751876041293,True
separability_gap,full_vs_no_instance_context,no_instance_context,32,0.24976681025480366,0.07552945645363407,0.1742373538011696,0.1849982664995822,32,0,0,0.0,4.656612873077393e-10,1.862645149230957e-09,True
