metric,temperature_friedman_p,temperature_kendalls_w,top_p_friedman_p,top_p_kendalls_w
overlap_at_k,1.1256303490757915e-20,1.0,0.2608655861262849,0.0419921875
rank_agreement_at_k,1.377792130091897e-19,0.947265625,0.8824969025845955,0.00390625
direction_agreement_at_k,6.424694320387372e-07,0.3289304123711339,0.4530890172801689,0.0247395833333333
score_stability,2.0009566398478583e-20,0.9878906249999998,0.2955994353773707,0.0380859375
direction_consistency_rate,0.6866318338751619,0.0154284591194963,0.5917978547771799,0.0163934426229508
meaningful_effect_rate,0.2296370933895858,0.044921875,0.520364471367144,0.0204133064516129
mean_delta_probability,0.167277378570593,0.052734375,0.5187931656538894,0.0205078125
mean_absolute_delta_probability,0.0715004203827764,0.0730468749999998,0.4168620196785085,0.02734375
normalized_feature_entropy,4.333518124268506e-18,0.8746093749999998,0.2955994353773707,0.0380859375
pairwise_jaccard_within_instance,1.1256303490757915e-20,1.0,0.4578333617716142,0.0244140625
pairwise_jaccard_between_instance,5.754680433298192e-16,0.771484375,0.7548396019890073,0.0087890625
instance_idf_specificity,2.4555429306850595e-14,0.6921874999999993,0.969233234476344,0.0009765625
separability_gap,1.1256303490757915e-20,1.0,0.5522524501630204,0.0185546875
