dataset,category,method,llm_model,prompt_variant,temperature,top_p,instance_id,pairwise_jaccard_within_instance,pairwise_jaccard_between_instance,instance_idf_specificity,separability_gap
openstack,FP,counterfactual,,,,,4b53e4edf9f7f8c794316d3a0920d727723d1bab,1.0,0.5839598997493733,0.15987412513741725,0.41604010025062665
openstack,FP,counterfactual,,,,,2530ccff8f0a0105d1626c65616080b27682e129,1.0,0.5889724310776943,0.13468534345140468,0.41102756892230574
openstack,FP,counterfactual,,,,,e847eed4a5600b6812338bb4903a0cffcde7f1f3,1.0,0.5494987468671679,0.1958584155555492,0.45050125313283207
openstack,FP,counterfactual,,,,,034db863a02ce38a520e4b8aa3a65e1ccdb37f30,1.0,0.5538847117794485,0.23321928340583417,0.44611528822055146
openstack,FP,counterfactual,,,,,bfcd4b2f1be3ab37ae0801dd523ce952577cda14,1.0,0.7418546365914787,0.057031487659693667,0.25814536340852134
openstack,FP,counterfactual,,,,,410a83c89de9912207574999b3736a550ed253ba,1.0,0.5889724310776943,0.13468534345140468,0.41102756892230574
openstack,FP,counterfactual,,,,,4e2919e6b208a2e95d75782f9cad0a6f0892d983,1.0,0.7418546365914787,0.057031487659693667,0.25814536340852134
openstack,FP,counterfactual,,,,,558f7b00f56f37adaa68239c9ce95d25b2d65f56,1.0,0.5889724310776943,0.13468534345140468,0.41102756892230574
openstack,FP,counterfactual,,,,,296da649452f66dd15a15ee4274ab0f8609250e2,1.0,0.6040100250626566,0.12577056866973785,0.39598997493734345
openstack,FP,counterfactual,,,,,280cc7c5ae4b07a9a1e23b8f9cc925be9872c8e1,1.0,0.5570175438596491,0.16878889991908408,0.4429824561403509
openstack,FP,counterfactual,,,,,6aecf475dbff9c7d477378c021749b987d47deae,1.0,0.5789473684210527,0.15987412513741725,0.42105263157894735
openstack,FP,counterfactual,,,,,baa52224dc73e8ca3bdcbdaa5d62bc26fb38052f,1.0,0.7418546365914787,0.057031487659693667,0.25814536340852134
openstack,FP,counterfactual,,,,,70de423255fd01822188bb9082a0c0cc1c8ec2d0,1.0,0.45363408521303256,0.23752798092912827,0.5463659147869675
openstack,FP,counterfactual,,,,,2bb9e5563c69f79d5da23668b08dd9c88f9d4348,1.0,0.7418546365914787,0.057031487659693667,0.25814536340852134
openstack,FP,counterfactual,,,,,41d6b479fe8baf66578044b8773c3b892d64a2c4,1.0,0.5538847117794485,0.16878889991908408,0.44611528822055146
openstack,FP,counterfactual,,,,,e4ea54104ec38f5fe4c792d4d3d1865de34bb4c3,1.0,0.5494987468671679,0.1958584155555492,0.45050125313283207
openstack,FP,counterfactual,,,,,a985e34cdeef777fe7ff943e363a5f1be6d991b7,1.0,0.7418546365914787,0.057031487659693667,0.25814536340852134
openstack,FP,counterfactual,,,,,ce12d7a1e53fffce57baab18de2ab885ba1df8ee,1.0,0.5839598997493733,0.15987412513741725,0.41604010025062665
openstack,FP,counterfactual,,,,,3eea37b85b1abc72786a2b24baf01141b4d95f08,1.0,0.7418546365914787,0.057031487659693667,0.25814536340852134
openstack,FP,counterfactual,,,,,750e065d6d137715dd03d5c90623145177f64cbb,1.0,0.49436090225563906,0.2536070631982448,0.505639097744361
openstack,TN,counterfactual,,,,,467b4e4d419f0ca5db8468516d64ffec5cedc67e,1.0,0.1301169590643275,0.46252183797991164,0.8698830409356725
openstack,TN,counterfactual,,,,,936f765b855d7af14ae557383f0dcc6fd9e8655c,1.0,0.404344193817878,0.21923283699389828,0.595655806182122
openstack,TN,counterfactual,,,,,8b44c9df29572efca928c1d36fa3e7a90e94caa0,1.0,0.3283208020050125,0.27337186826682847,0.6716791979949874
openstack,TN,counterfactual,,,,,4d75cbf3c35a8aa917d3970beac99d612f13eed3,1.0,0.3617376775271512,0.24630235263036337,0.6382623224728488
openstack,TN,counterfactual,,,,,2ecaad46a737c24965ae81fc19947db9264de684,1.0,0.35860484544695065,0.2270962256348766,0.6413951545530494
openstack,TN,counterfactual,,,,,bfb9d3f179607c25f91d77585f97df6d0704c253,1.0,0.4091478696741854,0.20002670999841152,0.5908521303258145
openstack,TN,counterfactual,,,,,1a3f2e8f44f0138d0328312e07b1341970c7903a,1.0,0.22472848788638264,0.3429010370795429,0.7752715121136173
openstack,TN,counterfactual,,,,,70fad48add19cc565726f098e1e7a2165b24cc77,1.0,0.404344193817878,0.21923283699389828,0.595655806182122
openstack,TN,counterfactual,,,,,79a1a113775df87d420b242cea4bbf953df3779c,1.0,0.36194653299916457,0.24630235263036337,0.6380534670008354
openstack,TN,counterfactual,,,,,dd444d84759d7b3c17e7c3e97f9565546f9d3df2,1.0,0.22222222222222224,0.33398626229787604,0.7777777777777778
openstack,TN,counterfactual,,,,,747373f4bdfe4814000a88e4443b56545d5d55bd,1.0,0.29741019214703424,0.3285622856804471,0.7025898078529658
openstack,TN,counterfactual,,,,,978066fe31a5331f143a05e1fd753c729b2dcf09,1.0,0.36194653299916457,0.24630235263036337,0.6380534670008354
openstack,TN,counterfactual,,,,,545925c66cb3ee005aa7e497ad4b3c97eb2f410b,1.0,0.39828738512949036,0.20894148478007835,0.6017126148705096
openstack,TN,counterfactual,,,,,d2e40a3e49819dace92975de3e3d7ba3a3fac79d,1.0,0.37531328320802004,0.23738757784869655,0.62468671679198
openstack,TN,counterfactual,,,,,57566f4c8d2929c25e76564883369a7c6eda720a,1.0,0.22702589807852966,0.40328402138101715,0.7729741019214703
openstack,TN,counterfactual,,,,,87be408b126e81ded85b03896f9c85f8a8d4ac90,1.0,0.40288220551378445,0.20002670999841152,0.5971177944862156
openstack,TN,counterfactual,,,,,dd13c2784b5aec539197d1b76fafc6a6b38a33e8,1.0,0.4018379281537176,0.21031806221223145,0.5981620718462823
openstack,TN,counterfactual,,,,,1e6538d43e76b867776cf226e1d6d6c900412f99,1.0,0.3011695906432748,0.29395457269446834,0.6988304093567252
openstack,TN,counterfactual,,,,,348b7a9f7d64094d60ece0460aed02b66c52f1b1,1.0,0.2343358395989975,0.3570083787490653,0.7656641604010025
openstack,TN,counterfactual,,,,,5cc9d999352c21d3f4b5c39d3ea9d4378ca86544,1.0,0.4108187134502924,0.20002670999841152,0.5891812865497076
openstack,TP,counterfactual,,,,,eaf6340847c35ace3b4b681a95b8a79a7a3f2491,1.0,0.47869674185463656,0.18699856602596354,0.5213032581453634
openstack,TP,counterfactual,,,,,fd351903a1759109f66d0c66d42cd3a1b7f23861,1.0,0.6466165413533834,0.09039988157678402,0.3533834586466166
openstack,TP,counterfactual,,,,,83a5f90f82b40be4c74685f557d6af0f8a3b1a30,1.0,0.5921052631578947,0.1445389128497142,0.4078947368421053
openstack,TP,counterfactual,,,,,6f1a1f5e8ead9ceb145e13927cd9ae7fdca9add4,1.0,0.6948621553884712,0.07700277681988363,0.3051378446115288
openstack,TP,counterfactual,,,,,e7bdd19f0ed7d4c61d195735ee43a11da78f97d6,1.0,0.6948621553884712,0.07700277681988363,0.3051378446115288
openstack,TP,counterfactual,,,,,7cfdf4aa811fb708d9fed4e36aec79c26d19cfee,1.0,0.6046365914786967,0.11110633328756303,0.39536340852130325
openstack,TP,counterfactual,,,,,e55a5f412bf6bc343eb8bb11348afe57c2012066,1.0,0.31265664160401,0.3799645251947492,0.68734335839599
openstack,TP,counterfactual,,,,,c08f99c7e072e349632684d565bcac357ce93b6d,1.0,0.6948621553884712,0.07700277681988363,0.3051378446115288
openstack,TP,counterfactual,,,,,45662d77a2da77714f8e792e86ebd64a52270ef5,1.0,0.5921052631578947,0.1445389128497142,0.4078947368421053
openstack,TP,counterfactual,,,,,6f31523b314e7ac4ad83d13842cf2fa1014c39b2,1.0,0.5921052631578947,0.1445389128497142,0.4078947368421053
openstack,TP,counterfactual,,,,,76d3c644f3f5866a5c07f80b66132d81b8b57e78,1.0,0.5319548872180451,0.1652453645604932,0.46804511278195493
openstack,TP,counterfactual,,,,,88c62c1ca290c1d2a33ff192a302e492a4b11cb3,1.0,0.6466165413533834,0.09039988157678402,0.3533834586466166
openstack,TP,counterfactual,,,,,379cf65d82b11f5e6f8732a585d5373beda85046,1.0,0.6948621553884712,0.07700277681988363,0.3051378446115288
openstack,TP,counterfactual,,,,,03db94ebaa3fc2c76694fd566e2c9eefbf851a7f,1.0,0.6046365914786967,0.11110633328756303,0.39536340852130325
openstack,TP,counterfactual,,,,,22c9cf3d95c3d14351045bac2920b4e0994ec42f,1.0,0.6948621553884712,0.07700277681988363,0.3051378446115288
openstack,TP,counterfactual,,,,,092820939d53268152893a15fdaf5129554fbcb3,1.0,0.4755639097744361,0.2661527465329668,0.5244360902255639
openstack,TP,counterfactual,,,,,40eaa89a9001edda3e1146831b26aaf7ded64c4a,1.0,0.6948621553884712,0.07700277681988363,0.3051378446115288
openstack,TP,counterfactual,,,,,56324c12aa58ff9cf46582611b071f3abb743ddf,1.0,0.46929824561403505,0.19081455548166604,0.5307017543859649
openstack,TP,counterfactual,,,,,5f2b88b1aafb9a35638e54f796685f633428b6a5,1.0,0.5100250626566416,0.17864246931739364,0.4899749373433584
openstack,TP,counterfactual,,,,,3b28cb2a10f7746a32cb7f7b62b6fc92ebcfb1e5,1.0,0.6046365914786967,0.11110633328756303,0.39536340852130325
openstack,FN,counterfactual,,,,,1476b030bd53deddd85468c0d8b545d8f8f30f19,1.0,0.32727652464494567,0.26117307210414453,0.6727234753550544
openstack,FN,counterfactual,,,,,ab1cb6378f136ae8adcb0027385b43763e402cca,1.0,0.35651629072681706,0.29122922938654805,0.6434837092731829
openstack,FN,counterfactual,,,,,2b60912d5667350eae7ecbc67d4dba3658518d10,1.0,0.425438596491228,0.20328402138101714,0.574561403508772
openstack,FN,counterfactual,,,,,763fd62464e9a0753e061171cc1fd826055bbc01,1.0,0.41290726817042606,0.21219879616268394,0.587092731829574
openstack,FN,counterfactual,,,,,267eea50fd9e9c74faa96d529a7ec2fd8aa8d51f,1.0,0.4024644945697577,0.24495358675459625,0.5975355054302423
openstack,FN,counterfactual,,,,,bc6ca87a6a01ecbda926a78d07cadbd4e3ab97e0,1.0,0.35233918128654973,0.29122922938654805,0.6476608187134503
openstack,FN,counterfactual,,,,,703ba3c4e3d0b442c3097b6c844a59e560c09fe8,1.0,0.31892230576441105,0.32260744254630724,0.681077694235589
openstack,FN,counterfactual,,,,,e3df049cad2b7a264acbad4d6baecbc813546e5d,1.0,0.3972431077694235,0.2346622345407763,0.6027568922305765
openstack,FN,counterfactual,,,,,d1b3adfbe471ad99ddf0dd2b483b77435c157aea,1.0,0.38784461152882205,0.253868361536263,0.6121553884711779
openstack,FN,counterfactual,,,,,848664f646bf087df59778434daa6feae1e71c74,1.0,0.2343358395989975,0.39348537723478877,0.7656641604010025
openstack,FN,counterfactual,,,,,91a8cd2952a25b340f5778cace95910e43cbcbb6,1.0,0.38680033416875526,0.242228243446676,0.6131996658312447
openstack,FN,counterfactual,,,,,d402747547e1a356c6c2c20b57f52af39b63e831,1.0,0.40016708437761067,0.24064488923130217,0.5998329156223894
openstack,FN,counterfactual,,,,,017dd6b4bcf92c14d49421268cb571c00879f3cc,1.0,0.44110275689223055,0.18838659190882448,0.5588972431077694
openstack,FN,counterfactual,,,,,913a99c79456abbfef1642e6dc70e6a4ff4e25db,1.0,0.3930659983291562,0.2346622345407763,0.6069340016708438
openstack,FN,counterfactual,,,,,1c6b2fce289b68af92afeddf8d30efcda1903f06,1.0,0.39097744360902253,0.2346622345407763,0.6090225563909775
openstack,FN,counterfactual,,,,,8ccdc4ac5053c6e39660044a9f8c1f695370e9a7,1.0,0.275062656641604,0.3355696165132499,0.724937343358396
openstack,FN,counterfactual,,,,,c2c37272bf788aac63399127cddd487dc0f15c38,1.0,0.40016708437761067,0.24064488923130217,0.5998329156223894
openstack,FN,counterfactual,,,,,37510ac03478704bafba89e8c4f4e0e9041d661d,1.0,0.38471177944862156,0.2346622345407763,0.6152882205513784
openstack,FN,counterfactual,,,,,221f386029faf499c5a445374685cba5b67df31e,1.0,0.43796992481203006,0.18838659190882448,0.5620300751879699
openstack,FN,counterfactual,,,,,589c495c1ae62129e20ab5e2641e330541eee01f,1.0,0.39097744360902253,0.253868361536263,0.6090225563909775
openstack,FP,kernelshap,,,,,4b53e4edf9f7f8c794316d3a0920d727723d1bab,1.0,0.518671679197995,0.12834510011734024,0.48132832080200505
openstack,FP,kernelshap,,,,,2530ccff8f0a0105d1626c65616080b27682e129,1.0,0.31265664160401,0.2717781052715685,0.68734335839599
openstack,FP,kernelshap,,,,,e847eed4a5600b6812338bb4903a0cffcde7f1f3,1.0,0.4498746867167919,0.1696731729809293,0.550125313283208
openstack,FP,kernelshap,,,,,034db863a02ce38a520e4b8aa3a65e1ccdb37f30,0.7666666666666666,0.36746031746031743,0.23889627895313428,0.3992063492063492
openstack,FP,kernelshap,,,,,bfcd4b2f1be3ab37ae0801dd523ce952577cda14,1.0,0.4636591478696742,0.1432425295895329,0.5363408521303258
openstack,FP,kernelshap,,,,,410a83c89de9912207574999b3736a550ed253ba,1.0,0.41716791979949874,0.19843294700315156,0.5828320802005013
openstack,FP,kernelshap,,,,,4e2919e6b208a2e95d75782f9cad0a6f0892d983,1.0,0.44653299916457806,0.1607583981992625,0.5534670008354219
openstack,FP,kernelshap,,,,,558f7b00f56f37adaa68239c9ce95d25b2d65f56,0.8,0.3855889724310777,0.2549013847827066,0.41441102756892234
openstack,FP,kernelshap,,,,,296da649452f66dd15a15ee4274ab0f8609250e2,1.0,0.37510442773600666,0.20629633564412989,0.6248955722639933
openstack,FP,kernelshap,,,,,280cc7c5ae4b07a9a1e23b8f9cc925be9872c8e1,1.0,0.4630325814536341,0.1521573043711997,0.536967418546366
openstack,FP,kernelshap,,,,,6aecf475dbff9c7d477378c021749b987d47deae,0.8666666666666666,0.4973182957393483,0.23505788123782367,0.36934837092731826
openstack,FP,kernelshap,,,,,baa52224dc73e8ca3bdcbdaa5d62bc26fb38052f,0.8666666666666666,0.4340852130325814,0.16536078916929295,0.4325814536340852
openstack,FP,kernelshap,,,,,70de423255fd01822188bb9082a0c0cc1c8ec2d0,0.8666666666666666,0.3401420217209691,0.2848882934644832,0.5265246449456975
openstack,FP,kernelshap,,,,,2bb9e5563c69f79d5da23668b08dd9c88f9d4348,1.0,0.4197994987468672,0.20703404083121432,0.5802005012531328
openstack,FP,kernelshap,,,,,41d6b479fe8baf66578044b8773c3b892d64a2c4,0.7,0.29231411862990814,0.330618907181162,0.4076858813700918
openstack,FP,kernelshap,,,,,e4ea54104ec38f5fe4c792d4d3d1865de34bb4c3,1.0,0.4197994987468672,0.20703404083121432,0.5802005012531328
openstack,FP,kernelshap,,,,,a985e34cdeef777fe7ff943e363a5f1be6d991b7,0.8666666666666666,0.5108521303258146,0.15793181018457061,0.35581453634085203
openstack,FP,kernelshap,,,,,ce12d7a1e53fffce57baab18de2ab885ba1df8ee,1.0,0.39348370927318294,0.20565746339906119,0.6065162907268171
openstack,FP,kernelshap,,,,,3eea37b85b1abc72786a2b24baf01141b4d95f08,0.7666666666666666,0.33634085213032583,0.3844963998722644,0.4303258145363408
openstack,FP,kernelshap,,,,,750e065d6d137715dd03d5c90623145177f64cbb,0.6761904761904762,0.3096491228070175,0.2888682869240553,0.3665413533834587
openstack,TN,kernelshap,,,,,467b4e4d419f0ca5db8468516d64ffec5cedc67e,1.0,0.2919799498746867,0.3190888328256834,0.7080200501253133
openstack,TN,kernelshap,,,,,936f765b855d7af14ae557383f0dcc6fd9e8655c,1.0,0.3060985797827903,0.2745034485794887,0.6939014202172097
openstack,TN,kernelshap,,,,,8b44c9df29572efca928c1d36fa3e7a90e94caa0,0.8,0.21560568086883874,0.4527021079912774,0.5843943191311614
openstack,TN,kernelshap,,,,,4d75cbf3c35a8aa917d3970beac99d612f13eed3,1.0,0.27460317460317457,0.3041914033534907,0.7253968253968255
openstack,TN,kernelshap,,,,,2ecaad46a737c24965ae81fc19947db9264de684,1.0,0.4093567251461988,0.170312045225998,0.5906432748538012
openstack,TN,kernelshap,,,,,bfb9d3f179607c25f91d77585f97df6d0704c253,1.0,0.4375522138680033,0.15813995906172557,0.5624477861319968
openstack,TN,kernelshap,,,,,1a3f2e8f44f0138d0328312e07b1341970c7903a,1.0,0.2269423558897243,0.31122544418470505,0.7730576441102757
openstack,TN,kernelshap,,,,,70fad48add19cc565726f098e1e7a2165b24cc77,1.0,0.37656641604010027,0.2044156016936774,0.6234335839598997
openstack,TN,kernelshap,,,,,79a1a113775df87d420b242cea4bbf953df3779c,1.0,0.37719298245614036,0.2044156016936774,0.6228070175438596
openstack,TN,kernelshap,,,,,dd444d84759d7b3c17e7c3e97f9565546f9d3df2,1.0,0.3335421888053467,0.2831045424075515,0.6664578111946533
openstack,TN,kernelshap,,,,,747373f4bdfe4814000a88e4443b56545d5d55bd,0.8666666666666666,0.2911027568922306,0.32459847685123727,0.575563909774436
openstack,TN,kernelshap,,,,,978066fe31a5331f143a05e1fd753c729b2dcf09,1.0,0.3579782790309106,0.21658768785794982,0.6420217209690894
openstack,TN,kernelshap,,,,,545925c66cb3ee005aa7e497ad4b3c97eb2f410b,1.0,0.379281537176274,0.19412424947985746,0.620718462823726
openstack,TN,kernelshap,,,,,d2e40a3e49819dace92975de3e3d7ba3a3fac79d,1.0,0.27548036758563077,0.31448275556731065,0.7245196324143692
openstack,TN,kernelshap,,,,,57566f4c8d2929c25e76564883369a7c6eda720a,0.8,0.2687552213868003,0.27807406880233115,0.5312447786131997
openstack,TN,kernelshap,,,,,87be408b126e81ded85b03896f9c85f8a8d4ac90,1.0,0.43734335839599,0.15813995906172557,0.56265664160401
openstack,TN,kernelshap,,,,,dd13c2784b5aec539197d1b76fafc6a6b38a33e8,1.0,0.33208020050125314,0.22362172868916416,0.6679197994987469
openstack,TN,kernelshap,,,,,1e6538d43e76b867776cf226e1d6d6c900412f99,1.0,0.3120718462823726,0.2560350267710864,0.6879281537176274
openstack,TN,kernelshap,,,,,348b7a9f7d64094d60ece0460aed02b66c52f1b1,0.7333333333333333,0.3052046783625731,0.26731590934286714,0.4281286549707602
openstack,TN,kernelshap,,,,,5cc9d999352c21d3f4b5c39d3ea9d4378ca86544,1.0,0.40350877192982454,0.18195216331558503,0.5964912280701755
openstack,TP,kernelshap,,,,,eaf6340847c35ace3b4b681a95b8a79a7a3f2491,1.0,0.5738512949039264,0.08723421281685803,0.4261487050960736
openstack,TP,kernelshap,,,,,fd351903a1759109f66d0c66d42cd3a1b7f23861,0.7666666666666666,0.5521303258145364,0.17713757929722895,0.21453634085213025
openstack,TP,kernelshap,,,,,83a5f90f82b40be4c74685f557d6af0f8a3b1a30,0.8666666666666666,0.4753968253968254,0.17081189980564526,0.3912698412698412
openstack,TP,kernelshap,,,,,6f1a1f5e8ead9ceb145e13927cd9ae7fdca9add4,0.6761904761904762,0.49493734335839595,0.18275428546935635,0.18125313283208028
openstack,TP,kernelshap,,,,,e7bdd19f0ed7d4c61d195735ee43a11da78f97d6,1.0,0.47756892230576437,0.12459508066714306,0.5224310776942356
openstack,TP,kernelshap,,,,,7cfdf4aa811fb708d9fed4e36aec79c26d19cfee,1.0,0.5140768588137009,0.09752556503067797,0.4859231411862991
openstack,TP,kernelshap,,,,,e55a5f412bf6bc343eb8bb11348afe57c2012066,0.6047619047619047,0.22481203007518796,0.3998847133884613,0.37994987468671676
openstack,TP,kernelshap,,,,,c08f99c7e072e349632684d565bcac357ce93b6d,1.0,0.502172096908939,0.15102572405853945,0.49782790309106095
openstack,TP,kernelshap,,,,,45662d77a2da77714f8e792e86ebd64a52270ef5,1.0,0.40852130325814534,0.1954206327400388,0.5914786967418546
openstack,TP,kernelshap,,,,,6f31523b314e7ac4ad83d13842cf2fa1014c39b2,0.8,0.3769423558897243,0.2523911228967793,0.42305764411027574
openstack,TP,kernelshap,,,,,76d3c644f3f5866a5c07f80b66132d81b8b57e78,0.8,0.4485714285714285,0.18095530494253895,0.35142857142857153
openstack,TP,kernelshap,,,,,88c62c1ca290c1d2a33ff192a302e492a4b11cb3,0.8666666666666666,0.3418546365914787,0.21382808737015274,0.524812030075188
openstack,TP,kernelshap,,,,,379cf65d82b11f5e6f8732a585d5373beda85046,0.8,0.5669507101086049,0.10111480773711454,0.23304928989139517
openstack,TP,kernelshap,,,,,03db94ebaa3fc2c76694fd566e2c9eefbf851a7f,0.7333333333333333,0.4905346700083542,0.13224886427901872,0.24279866332497907
openstack,TP,kernelshap,,,,,22c9cf3d95c3d14351045bac2920b4e0994ec42f,0.7666666666666666,0.4957477025898078,0.17946423028480438,0.2709189640768588
openstack,TP,kernelshap,,,,,092820939d53268152893a15fdaf5129554fbcb3,1.0,0.41604010025062654,0.18383289726603755,0.5839598997493735
openstack,TP,kernelshap,,,,,40eaa89a9001edda3e1146831b26aaf7ded64c4a,1.0,0.44611528822055135,0.16893546779384488,0.5538847117794486
openstack,TP,kernelshap,,,,,56324c12aa58ff9cf46582611b071f3abb743ddf,0.8666666666666666,0.25881370091896405,0.41001609765768193,0.6078529657477025
openstack,TP,kernelshap,,,,,5f2b88b1aafb9a35638e54f796685f633428b6a5,0.8666666666666666,0.4930409356725146,0.10111480773711454,0.37362573099415197
openstack,TP,kernelshap,,,,,3b28cb2a10f7746a32cb7f7b62b6fc92ebcfb1e5,0.8,0.4871345029239766,0.15427440043851573,0.31286549707602346
openstack,FN,kernelshap,,,,,1476b030bd53deddd85468c0d8b545d8f8f30f19,1.0,0.4298245614035088,0.18834733190173067,0.5701754385964912
openstack,FN,kernelshap,,,,,ab1cb6378f136ae8adcb0027385b43763e402cca,1.0,0.4454887218045112,0.18834733190173067,0.5545112781954888
openstack,FN,kernelshap,,,,,2b60912d5667350eae7ecbc67d4dba3658518d10,1.0,0.4332915622389306,0.18834733190173067,0.5667084377610694
openstack,FN,kernelshap,,,,,763fd62464e9a0753e061171cc1fd826055bbc01,0.7333333333333333,0.43825396825396823,0.22010037811915764,0.29507936507936505
openstack,FN,kernelshap,,,,,267eea50fd9e9c74faa96d529a7ec2fd8aa8d51f,1.0,0.45614035087719296,0.17805597968791073,0.543859649122807
openstack,FN,kernelshap,,,,,bc6ca87a6a01ecbda926a78d07cadbd4e3ab97e0,1.0,0.3146616541353383,0.2616924901701476,0.6853383458646617
openstack,FN,kernelshap,,,,,703ba3c4e3d0b442c3097b6c844a59e560c09fe8,0.8666666666666666,0.4311612364243943,0.23408218097136196,0.4355054302422723
openstack,FN,kernelshap,,,,,e3df049cad2b7a264acbad4d6baecbc813546e5d,0.8,0.4311612364243943,0.2464967055315225,0.36883876357560574
openstack,FN,kernelshap,,,,,d1b3adfbe471ad99ddf0dd2b483b77435c157aea,0.7666666666666666,0.312781954887218,0.3123553998847426,0.4538847117794486
openstack,FN,kernelshap,,,,,848664f646bf087df59778434daa6feae1e71c74,0.7333333333333333,0.2449456975772765,0.32992778400635864,0.4883876357560568
openstack,FN,kernelshap,,,,,91a8cd2952a25b340f5778cace95910e43cbcbb6,1.0,0.3613199665831245,0.24491432674750244,0.6386800334168755
openstack,FN,kernelshap,,,,,d402747547e1a356c6c2c20b57f52af39b63e831,1.0,0.20697577276524645,0.421102122493643,0.7930242272347535
openstack,FN,kernelshap,,,,,017dd6b4bcf92c14d49421268cb571c00879f3cc,1.0,0.4118629908103592,0.29118996937945424,0.5881370091896407
openstack,FN,kernelshap,,,,,913a99c79456abbfef1642e6dc70e6a4ff4e25db,1.0,0.46461988304093566,0.17156916847908552,0.5353801169590644
openstack,FN,kernelshap,,,,,1c6b2fce289b68af92afeddf8d30efcda1903f06,0.8,0.4218379281537176,0.2115242512743077,0.3781620718462824
openstack,FN,kernelshap,,,,,8ccdc4ac5053c6e39660044a9f8c1f695370e9a7,1.0,0.4392230576441103,0.18834733190173067,0.5607769423558897
openstack,FN,kernelshap,,,,,c2c37272bf788aac63399127cddd487dc0f15c38,0.8,0.2598162071846282,0.319784378869465,0.5401837928153719
openstack,FN,kernelshap,,,,,37510ac03478704bafba89e8c4f4e0e9041d661d,1.0,0.3057644110275689,0.3066193669263323,0.6942355889724311
openstack,FN,kernelshap,,,,,221f386029faf499c5a445374685cba5b67df31e,1.0,0.42815371762740184,0.2005194180660031,0.5718462823725982
openstack,FN,kernelshap,,,,,589c495c1ae62129e20ab5e2641e330541eee01f,1.0,0.46461988304093566,0.17156916847908552,0.5353801169590644
openstack,FP,lime,,,,,4b53e4edf9f7f8c794316d3a0920d727723d1bab,0.6761904761904762,0.7370426065162907,0.12681182972993404,-0.06085213032581449
openstack,FP,lime,,,,,2530ccff8f0a0105d1626c65616080b27682e129,0.8,0.7892731829573935,0.0198435035448829,0.010726817042606585
openstack,FP,lime,,,,,e847eed4a5600b6812338bb4903a0cffcde7f1f3,1.0,0.8807017543859649,0.0,0.11929824561403513
openstack,FP,lime,,,,,034db863a02ce38a520e4b8aa3a65e1ccdb37f30,0.8,0.8109273182957394,0.0198435035448829,-0.010927318295739341
openstack,FP,lime,,,,,bfcd4b2f1be3ab37ae0801dd523ce952577cda14,0.8666666666666666,0.847218045112782,0.0198435035448829,0.019448621553884604
openstack,FP,lime,,,,,410a83c89de9912207574999b3736a550ed253ba,0.8,0.8225563909774436,0.0198435035448829,-0.022556390977443552
openstack,FP,lime,,,,,4e2919e6b208a2e95d75782f9cad0a6f0892d983,0.8,0.7892731829573935,0.0198435035448829,0.010726817042606585
openstack,FP,lime,,,,,558f7b00f56f37adaa68239c9ce95d25b2d65f56,0.8666666666666666,0.8301754385964912,0.16666666666666666,0.03649122807017535
openstack,FP,lime,,,,,296da649452f66dd15a15ee4274ab0f8609250e2,1.0,0.8807017543859649,0.0,0.11929824561403513
openstack,FP,lime,,,,,280cc7c5ae4b07a9a1e23b8f9cc925be9872c8e1,0.8666666666666666,0.8306766917293232,0.12810363114004017,0.03598997493734335
openstack,FP,lime,,,,,6aecf475dbff9c7d477378c021749b987d47deae,0.7666666666666666,0.751578947368421,0.0198435035448829,0.015087719298245594
openstack,FP,lime,,,,,baa52224dc73e8ca3bdcbdaa5d62bc26fb38052f,1.0,0.8807017543859649,0.0,0.11929824561403513
openstack,FP,lime,,,,,70de423255fd01822188bb9082a0c0cc1c8ec2d0,0.8,0.8225563909774436,0.0198435035448829,-0.022556390977443552
openstack,FP,lime,,,,,2bb9e5563c69f79d5da23668b08dd9c88f9d4348,1.0,0.8807017543859649,0.0,0.11929824561403513
openstack,FP,lime,,,,,41d6b479fe8baf66578044b8773c3b892d64a2c4,0.8,0.8109273182957394,0.0198435035448829,-0.010927318295739341
openstack,FP,lime,,,,,e4ea54104ec38f5fe4c792d4d3d1865de34bb4c3,0.8,0.8109273182957394,0.0198435035448829,-0.010927318295739341
openstack,FP,lime,,,,,a985e34cdeef777fe7ff943e363a5f1be6d991b7,0.7333333333333333,0.7471679197994987,0.0198435035448829,-0.013834586466165422
openstack,FP,lime,,,,,ce12d7a1e53fffce57baab18de2ab885ba1df8ee,0.8666666666666666,0.8530325814536341,0.0198435035448829,0.013634085213032443
openstack,FP,lime,,,,,3eea37b85b1abc72786a2b24baf01141b4d95f08,0.8666666666666666,0.8530325814536341,0.0198435035448829,0.013634085213032443
openstack,FP,lime,,,,,750e065d6d137715dd03d5c90623145177f64cbb,0.8666666666666666,0.8530325814536341,0.0198435035448829,0.013634085213032443
openstack,TN,lime,,,,,467b4e4d419f0ca5db8468516d64ffec5cedc67e,1.0,0.8771929824561404,0.0034244244614488606,0.12280701754385959
openstack,TN,lime,,,,,936f765b855d7af14ae557383f0dcc6fd9e8655c,0.7666666666666666,0.8096240601503759,0.036114169306428835,-0.042957393483709305
openstack,TN,lime,,,,,8b44c9df29572efca928c1d36fa3e7a90e94caa0,1.0,0.8771929824561404,0.0034244244614488606,0.12280701754385959
openstack,TN,lime,,,,,4d75cbf3c35a8aa917d3970beac99d612f13eed3,1.0,0.8771929824561404,0.0034244244614488606,0.12280701754385959
openstack,TN,lime,,,,,2ecaad46a737c24965ae81fc19947db9264de684,0.8666666666666666,0.7544862155388471,0.036114169306428835,0.11218045112781949
openstack,TN,lime,,,,,bfb9d3f179607c25f91d77585f97df6d0704c253,1.0,0.8771929824561404,0.0034244244614488606,0.12280701754385959
openstack,TN,lime,,,,,1a3f2e8f44f0138d0328312e07b1341970c7903a,0.8666666666666666,0.6516290726817042,0.036114169306428835,0.21503759398496236
openstack,TN,lime,,,,,70fad48add19cc565726f098e1e7a2165b24cc77,0.8,0.78937343358396,0.036114169306428835,0.010626566416040095
openstack,TN,lime,,,,,79a1a113775df87d420b242cea4bbf953df3779c,0.8666666666666666,0.8507268170426064,0.036114169306428835,0.015939849624060143
openstack,TN,lime,,,,,dd444d84759d7b3c17e7c3e97f9565546f9d3df2,1.0,0.8771929824561404,0.0034244244614488606,0.12280701754385959
openstack,TN,lime,,,,,747373f4bdfe4814000a88e4443b56545d5d55bd,0.8666666666666666,0.8356892230576441,0.092394282664621,0.030977443609022437
openstack,TN,lime,,,,,978066fe31a5331f143a05e1fd753c729b2dcf09,1.0,0.7167919799498746,0.039912578706265744,0.28320802005012535
openstack,TN,lime,,,,,545925c66cb3ee005aa7e497ad4b3c97eb2f410b,0.8,0.7913784461152882,0.092394282664621,0.008621553884711863
openstack,TN,lime,,,,,d2e40a3e49819dace92975de3e3d7ba3a3fac79d,0.7666666666666666,0.8096240601503759,0.036114169306428835,-0.042957393483709305
openstack,TN,lime,,,,,57566f4c8d2929c25e76564883369a7c6eda720a,0.8666666666666666,0.8356892230576441,0.092394282664621,0.030977443609022437
openstack,TN,lime,,,,,87be408b126e81ded85b03896f9c85f8a8d4ac90,0.8666666666666666,0.8374937343358396,0.036114169306428835,0.02917293233082696
openstack,TN,lime,,,,,dd13c2784b5aec539197d1b76fafc6a6b38a33e8,1.0,0.8771929824561404,0.0034244244614488606,0.12280701754385959
openstack,TN,lime,,,,,1e6538d43e76b867776cf226e1d6d6c900412f99,0.7666666666666666,0.7454636591478696,0.036114169306428835,0.021203007518797
openstack,TN,lime,,,,,348b7a9f7d64094d60ece0460aed02b66c52f1b1,0.6523809523809524,0.7526817042606516,0.21924107368988183,-0.10030075187969922
openstack,TN,lime,,,,,5cc9d999352c21d3f4b5c39d3ea9d4378ca86544,0.8666666666666666,0.8507268170426064,0.036114169306428835,0.015939849624060143
openstack,TP,lime,,,,,eaf6340847c35ace3b4b681a95b8a79a7a3f2491,0.8666666666666666,0.7264411027568922,0.04442473621930513,0.14022556390977436
openstack,TP,lime,,,,,fd351903a1759109f66d0c66d42cd3a1b7f23861,0.8666666666666666,0.8141102756892231,0.04442473621930513,0.05255639097744347
openstack,TP,lime,,,,,83a5f90f82b40be4c74685f557d6af0f8a3b1a30,0.8,0.7584711779448622,0.04442473621930513,0.04152882205513786
openstack,TP,lime,,,,,6f1a1f5e8ead9ceb145e13927cd9ae7fdca9add4,0.7666666666666666,0.5022138680033417,0.16666666666666669,0.26445279866332494
openstack,TP,lime,,,,,e7bdd19f0ed7d4c61d195735ee43a11da78f97d6,0.8,0.7584711779448622,0.04442473621930513,0.04152882205513786
openstack,TP,lime,,,,,7cfdf4aa811fb708d9fed4e36aec79c26d19cfee,0.3075396825396825,0.41712614870509607,0.5065830707124139,-0.10958646616541357
openstack,TP,lime,,,,,e55a5f412bf6bc343eb8bb11348afe57c2012066,0.8666666666666666,0.787218045112782,0.1114074021356645,0.07944862155388455
openstack,TP,lime,,,,,c08f99c7e072e349632684d565bcac357ce93b6d,0.8666666666666666,0.8141102756892231,0.04442473621930513,0.05255639097744347
openstack,TP,lime,,,,,45662d77a2da77714f8e792e86ebd64a52270ef5,0.8,0.7876942355889723,0.04442473621930513,0.012305764411027709
openstack,TP,lime,,,,,6f31523b314e7ac4ad83d13842cf2fa1014c39b2,1.0,0.8377192982456141,0.007034040831214316,0.16228070175438591
openstack,TP,lime,,,,,76d3c644f3f5866a5c07f80b66132d81b8b57e78,0.8666666666666666,0.8013784461152882,0.1114074021356645,0.0652882205513784
openstack,TP,lime,,,,,88c62c1ca290c1d2a33ff192a302e492a4b11cb3,0.8666666666666666,0.7961654135338346,0.04442473621930513,0.07050125313283195
openstack,TP,lime,,,,,379cf65d82b11f5e6f8732a585d5373beda85046,0.8,0.7584711779448622,0.04442473621930513,0.04152882205513786
openstack,TP,lime,,,,,03db94ebaa3fc2c76694fd566e2c9eefbf851a7f,1.0,0.8377192982456141,0.007034040831214316,0.16228070175438591
openstack,TP,lime,,,,,22c9cf3d95c3d14351045bac2920b4e0994ec42f,1.0,0.8377192982456141,0.007034040831214316,0.16228070175438591
openstack,TP,lime,,,,,092820939d53268152893a15fdaf5129554fbcb3,1.0,0.8377192982456141,0.007034040831214316,0.16228070175438591
openstack,TP,lime,,,,,40eaa89a9001edda3e1146831b26aaf7ded64c4a,1.0,0.8377192982456141,0.007034040831214316,0.16228070175438591
openstack,TP,lime,,,,,56324c12aa58ff9cf46582611b071f3abb743ddf,0.7666666666666666,0.7494736842105263,0.1114074021356645,0.017192982456140316
openstack,TP,lime,,,,,5f2b88b1aafb9a35638e54f796685f633428b6a5,0.7333333333333333,0.7338095238095238,0.18093548818797583,-0.0004761904761905189
openstack,TP,lime,,,,,3b28cb2a10f7746a32cb7f7b62b6fc92ebcfb1e5,1.0,0.6390977443609023,0.15372435736804818,0.3609022556390977
openstack,FN,lime,,,,,1476b030bd53deddd85468c0d8b545d8f8f30f19,0.8666666666666666,0.8498496240601504,0.10839938849419328,0.016817042606516175
openstack,FN,lime,,,,,ab1cb6378f136ae8adcb0027385b43763e402cca,0.8666666666666666,0.8581453634085212,0.031273317440940224,0.008521303258145374
openstack,FN,lime,,,,,2b60912d5667350eae7ecbc67d4dba3658518d10,1.0,0.8992481203007519,0.0034244244614488606,0.10075187969924815
openstack,FN,lime,,,,,763fd62464e9a0753e061171cc1fd826055bbc01,0.7333333333333333,0.6095488721804511,0.19508629705639952,0.12378446115288222
openstack,FN,lime,,,,,267eea50fd9e9c74faa96d529a7ec2fd8aa8d51f,0.6761904761904762,0.7644360902255639,0.10355478261801758,-0.08824561403508768
openstack,FN,lime,,,,,bc6ca87a6a01ecbda926a78d07cadbd4e3ab97e0,0.7666666666666666,0.8075438596491228,0.10355478261801758,-0.04087719298245618
openstack,FN,lime,,,,,703ba3c4e3d0b442c3097b6c844a59e560c09fe8,1.0,0.8992481203007519,0.0034244244614488606,0.10075187969924815
openstack,FN,lime,,,,,e3df049cad2b7a264acbad4d6baecbc813546e5d,0.8666666666666666,0.8579448621553885,0.031273317440940224,0.00872180451127813
openstack,FN,lime,,,,,d1b3adfbe471ad99ddf0dd2b483b77435c157aea,1.0,0.8992481203007519,0.0034244244614488606,0.10075187969924815
openstack,FN,lime,,,,,848664f646bf087df59778434daa6feae1e71c74,0.8666666666666666,0.8581453634085212,0.031273317440940224,0.008521303258145374
openstack,FN,lime,,,,,91a8cd2952a25b340f5778cace95910e43cbcbb6,0.7333333333333333,0.7532832080200501,0.11727344475765096,-0.01994987468671683
openstack,FN,lime,,,,,d402747547e1a356c6c2c20b57f52af39b63e831,0.7666666666666666,0.8075438596491228,0.10355478261801758,-0.04087719298245618
openstack,FN,lime,,,,,017dd6b4bcf92c14d49421268cb571c00879f3cc,0.8666666666666666,0.8495238095238095,0.092394282664621,0.017142857142857126
openstack,FN,lime,,,,,913a99c79456abbfef1642e6dc70e6a4ff4e25db,1.0,0.8992481203007519,0.0034244244614488606,0.10075187969924815
openstack,FN,lime,,,,,1c6b2fce289b68af92afeddf8d30efcda1903f06,0.6761904761904762,0.764235588972431,0.11727344475765096,-0.08804511278195482
openstack,FN,lime,,,,,8ccdc4ac5053c6e39660044a9f8c1f695370e9a7,0.8666666666666666,0.8579448621553885,0.031273317440940224,0.00872180451127813
openstack,FN,lime,,,,,c2c37272bf788aac63399127cddd487dc0f15c38,0.8,0.8142355889724311,0.031273317440940224,-0.014235588972431046
openstack,FN,lime,,,,,37510ac03478704bafba89e8c4f4e0e9041d661d,0.7666666666666666,0.8154385964912281,0.031273317440940224,-0.048771929824561466
openstack,FN,lime,,,,,221f386029faf499c5a445374685cba5b67df31e,1.0,0.8992481203007519,0.0034244244614488606,0.10075187969924815
openstack,FN,lime,,,,,589c495c1ae62129e20ab5e2641e330541eee01f,1.0,0.8992481203007519,0.0034244244614488606,0.10075187969924815
openstack,FP,lofo,,,,,4b53e4edf9f7f8c794316d3a0920d727723d1bab,1.0,0.38680033416875526,0.2111294421981914,0.6131996658312447
openstack,FP,lofo,,,,,2530ccff8f0a0105d1626c65616080b27682e129,1.0,0.2928153717627402,0.30435851643233397,0.7071846282372598
openstack,FP,lofo,,,,,e847eed4a5600b6812338bb4903a0cffcde7f1f3,1.0,0.26921470342522974,0.3328046095009522,0.7307852965747703
openstack,FP,lofo,,,,,034db863a02ce38a520e4b8aa3a65e1ccdb37f30,1.0,0.3366750208855472,0.27313186211209994,0.6633249791144529
openstack,FP,lofo,,,,,bfcd4b2f1be3ab37ae0801dd523ce952577cda14,1.0,0.33771929824561403,0.2652684734711216,0.6622807017543859
openstack,FP,lofo,,,,,410a83c89de9912207574999b3736a550ed253ba,1.0,0.3210108604845447,0.2741832482527884,0.6789891395154553
openstack,FP,lofo,,,,,4e2919e6b208a2e95d75782f9cad0a6f0892d983,1.0,0.31683375104427736,0.28204663689376674,0.6831662489557226
openstack,FP,lofo,,,,,558f7b00f56f37adaa68239c9ce95d25b2d65f56,1.0,0.3047201336675021,0.29544374165066717,0.6952798663324979
openstack,FP,lofo,,,,,296da649452f66dd15a15ee4274ab0f8609250e2,1.0,0.3084795321637427,0.2659462624413605,0.6915204678362573
openstack,FP,lofo,,,,,280cc7c5ae4b07a9a1e23b8f9cc925be9872c8e1,1.0,0.3836675020885547,0.2111294421981914,0.6163324979114453
openstack,FP,lofo,,,,,6aecf475dbff9c7d477378c021749b987d47deae,1.0,0.31370091896407687,0.29787170522350875,0.6862990810359231
openstack,FP,lofo,,,,,baa52224dc73e8ca3bdcbdaa5d62bc26fb38052f,1.0,0.3283208020050125,0.28447460046660833,0.6716791979949874
openstack,FP,lofo,,,,,70de423255fd01822188bb9082a0c0cc1c8ec2d0,1.0,0.2802840434419382,0.3235646434278207,0.7197159565580618
openstack,FP,lofo,,,,,2bb9e5563c69f79d5da23668b08dd9c88f9d4348,1.0,0.3669590643274854,0.2268562194801481,0.6330409356725146
openstack,FP,lofo,,,,,41d6b479fe8baf66578044b8773c3b892d64a2c4,1.0,0.21888053467000834,0.3782075385274359,0.7811194653299917
openstack,FP,lofo,,,,,e4ea54104ec38f5fe4c792d4d3d1865de34bb4c3,1.0,0.3492063492063492,0.2402533242370485,0.6507936507936508
openstack,FP,lofo,,,,,a985e34cdeef777fe7ff943e363a5f1be6d991b7,1.0,0.3711361737677527,0.2200442169798582,0.6288638262322472
openstack,FP,lofo,,,,,ce12d7a1e53fffce57baab18de2ab885ba1df8ee,1.0,0.3391812865497076,0.2491680990187153,0.6608187134502924
openstack,FP,lofo,,,,,3eea37b85b1abc72786a2b24baf01141b4d95f08,1.0,0.20822890559732662,0.48840970081945284,0.7917710944026733
openstack,FP,lofo,,,,,750e065d6d137715dd03d5c90623145177f64cbb,1.0,0.35756056808688386,0.23577099426181491,0.6424394319131161
openstack,TN,lofo,,,,,467b4e4d419f0ca5db8468516d64ffec5cedc67e,1.0,0.243734335839599,0.3266548417315831,0.756265664160401
openstack,TN,lofo,,,,,936f765b855d7af14ae557383f0dcc6fd9e8655c,1.0,0.2834168755221387,0.299585326095118,0.7165831244778613
openstack,TN,lofo,,,,,8b44c9df29572efca928c1d36fa3e7a90e94caa0,1.0,0.27130325814536344,0.2932222621694319,0.7286967418546366
openstack,TN,lofo,,,,,4d75cbf3c35a8aa917d3970beac99d612f13eed3,1.0,0.2268170426065163,0.33518920727808965,0.7731829573934836
openstack,TN,lofo,,,,,2ecaad46a737c24965ae81fc19947db9264de684,1.0,0.26399331662489556,0.2932222621694319,0.7360066833751044
openstack,TN,lofo,,,,,bfb9d3f179607c25f91d77585f97df6d0704c253,1.0,0.24791144527986633,0.30811969164162456,0.7520885547201337
openstack,TN,lofo,,,,,1a3f2e8f44f0138d0328312e07b1341970c7903a,1.0,0.19507101086048453,0.3607583981992625,0.8049289891395155
openstack,TN,lofo,,,,,70fad48add19cc565726f098e1e7a2165b24cc77,1.0,0.24979114452798662,0.31448275556731065,0.7502088554720134
openstack,TN,lofo,,,,,79a1a113775df87d420b242cea4bbf953df3779c,1.0,0.20822890559732662,0.35166999096565615,0.7917710944026733
openstack,TN,lofo,,,,,dd444d84759d7b3c17e7c3e97f9565546f9d3df2,1.0,0.212406015037594,0.3607583981992625,0.7875939849624061
openstack,TN,lofo,,,,,747373f4bdfe4814000a88e4443b56545d5d55bd,1.0,0.243734335839599,0.3273258186371113,0.756265664160401
openstack,TN,lofo,,,,,978066fe31a5331f143a05e1fd753c729b2dcf09,1.0,0.23057644110275688,0.3528950095582841,0.7694235588972431
openstack,TN,lofo,,,,,545925c66cb3ee005aa7e497ad4b3c97eb2f410b,1.0,0.25104427736006685,0.3002563030006462,0.7489557226399332
openstack,TN,lofo,,,,,d2e40a3e49819dace92975de3e3d7ba3a3fac79d,1.0,0.22243107769423556,0.37360146126906313,0.7775689223057645
openstack,TN,lofo,,,,,57566f4c8d2929c25e76564883369a7c6eda720a,1.0,0.2604427736006683,0.320291777805897,0.7395572263993317
openstack,TN,lofo,,,,,87be408b126e81ded85b03896f9c85f8a8d4ac90,1.0,0.2604427736006683,0.320291777805897,0.7395572263993317
openstack,TN,lofo,,,,,dd13c2784b5aec539197d1b76fafc6a6b38a33e8,1.0,0.285923141186299,0.2725158104586529,0.714076858813701
openstack,TN,lofo,,,,,1e6538d43e76b867776cf226e1d6d6c900412f99,1.0,0.2834168755221387,0.299585326095118,0.7165831244778613
openstack,TN,lofo,,,,,348b7a9f7d64094d60ece0460aed02b66c52f1b1,1.0,0.2575187969924812,0.3336888825627974,0.7424812030075187
openstack,TN,lofo,,,,,5cc9d999352c21d3f4b5c39d3ea9d4378ca86544,1.0,0.2729741019214703,0.2740161351739452,0.7270258980785297
openstack,TP,lofo,,,,,eaf6340847c35ace3b4b681a95b8a79a7a3f2491,1.0,0.3178780284043442,0.3085001008767848,0.6821219715956558
openstack,TP,lofo,,,,,fd351903a1759109f66d0c66d42cd3a1b7f23861,1.0,0.4241854636591479,0.2049796744288223,0.5758145363408521
openstack,TP,lofo,,,,,83a5f90f82b40be4c74685f557d6af0f8a3b1a30,1.0,0.4241854636591479,0.2049796744288223,0.5758145363408521
openstack,TP,lofo,,,,,6f1a1f5e8ead9ceb145e13927cd9ae7fdca9add4,1.0,0.3815789473684211,0.2795498512898672,0.618421052631579
openstack,TP,lofo,,,,,e7bdd19f0ed7d4c61d195735ee43a11da78f97d6,1.0,0.4296157059314954,0.19591334080763034,0.5703842940685047
openstack,TP,lofo,,,,,7cfdf4aa811fb708d9fed4e36aec79c26d19cfee,1.0,0.3972431077694235,0.23908323089650171,0.6027568922305765
openstack,TP,lofo,,,,,e55a5f412bf6bc343eb8bb11348afe57c2012066,1.0,0.31871345029239767,0.3010856508104103,0.6812865497076024
openstack,TP,lofo,,,,,c08f99c7e072e349632684d565bcac357ce93b6d,1.0,0.37844611528822053,0.24113759729889372,0.6215538847117794
openstack,TP,lofo,,,,,45662d77a2da77714f8e792e86ebd64a52270ef5,1.0,0.31871345029239767,0.3010856508104103,0.6812865497076024
openstack,TP,lofo,,,,,6f31523b314e7ac4ad83d13842cf2fa1014c39b2,1.0,0.3011695906432748,0.30811969164162456,0.6988304093567252
openstack,TP,lofo,,,,,76d3c644f3f5866a5c07f80b66132d81b8b57e78,1.0,0.40350877192982454,0.23327420865791537,0.5964912280701755
openstack,TP,lofo,,,,,88c62c1ca290c1d2a33ff192a302e492a4b11cb3,1.0,0.31892230576441105,0.2978283394278046,0.681077694235589
openstack,TP,lofo,,,,,379cf65d82b11f5e6f8732a585d5373beda85046,1.0,0.362781954887218,0.26925849907604726,0.637218045112782
openstack,TP,lofo,,,,,03db94ebaa3fc2c76694fd566e2c9eefbf851a7f,1.0,0.40977443609022557,0.2037767294486087,0.5902255639097744
openstack,TP,lofo,,,,,22c9cf3d95c3d14351045bac2920b4e0994ec42f,1.0,0.46616541353383456,0.16573807262808476,0.5338345864661654
openstack,TP,lofo,,,,,092820939d53268152893a15fdaf5129554fbcb3,1.0,0.3210108604845447,0.3528950095582842,0.6789891395154553
openstack,TP,lofo,,,,,40eaa89a9001edda3e1146831b26aaf7ded64c4a,1.0,0.3815789473684211,0.24113759729889372,0.618421052631579
openstack,TP,lofo,,,,,56324c12aa58ff9cf46582611b071f3abb743ddf,1.0,0.3711361737677527,0.2244831811593877,0.6288638262322472
openstack,TP,lofo,,,,,5f2b88b1aafb9a35638e54f796685f633428b6a5,1.0,0.343984962406015,0.2932222621694319,0.656015037593985
openstack,TP,lofo,,,,,3b28cb2a10f7746a32cb7f7b62b6fc92ebcfb1e5,1.0,0.42857142857142855,0.1903796246917083,0.5714285714285714
openstack,FN,lofo,,,,,1476b030bd53deddd85468c0d8b545d8f8f30f19,1.0,0.24728487886382622,0.3280036076073502,0.7527151211361738
openstack,FN,lofo,,,,,ab1cb6378f136ae8adcb0027385b43763e402cca,1.0,0.212406015037594,0.33260968486572295,0.7875939849624061
openstack,FN,lofo,,,,,2b60912d5667350eae7ecbc67d4dba3658518d10,1.0,0.30952380952380953,0.2771218877170256,0.6904761904761905
openstack,FN,lofo,,,,,763fd62464e9a0753e061171cc1fd826055bbc01,1.0,0.23642439431913118,0.33829495982117014,0.7635756056808688
openstack,FN,lofo,,,,,267eea50fd9e9c74faa96d529a7ec2fd8aa8d51f,1.0,0.2896825396825397,0.2920193171892183,0.7103174603174602
openstack,FN,lofo,,,,,bc6ca87a6a01ecbda926a78d07cadbd4e3ab97e0,1.0,0.2159565580618212,0.36210716407502963,0.7840434419381788
openstack,FN,lofo,,,,,703ba3c4e3d0b442c3097b6c844a59e560c09fe8,1.0,0.28863826232247286,0.2920193171892183,0.7113617376775272
openstack,FN,lofo,,,,,e3df049cad2b7a264acbad4d6baecbc813546e5d,1.0,0.2416457811194653,0.32202095291682437,0.7583542188805347
openstack,FN,lofo,,,,,d1b3adfbe471ad99ddf0dd2b483b77435c157aea,1.0,0.32518796992481197,0.2546584493389333,0.6748120300751881
openstack,FN,lofo,,,,,848664f646bf087df59778434daa6feae1e71c74,1.0,0.15413533834586465,0.42653754756177975,0.8458646616541353
openstack,FN,lofo,,,,,91a8cd2952a25b340f5778cace95910e43cbcbb6,1.0,0.32247284878863824,0.2546584493389333,0.6775271512113618
openstack,FN,lofo,,,,,d402747547e1a356c6c2c20b57f52af39b63e831,1.0,0.28863826232247286,0.2860366624986924,0.7113617376775272
openstack,FN,lofo,,,,,017dd6b4bcf92c14d49421268cb571c00879f3cc,1.0,0.21971595655806184,0.3664158615983237,0.7802840434419381
openstack,FN,lofo,,,,,913a99c79456abbfef1642e6dc70e6a4ff4e25db,1.0,0.2896825396825397,0.28741323993084555,0.7103174603174602
openstack,FN,lofo,,,,,1c6b2fce289b68af92afeddf8d30efcda1903f06,1.0,0.19340016708437763,0.38457060245312197,0.8065998329156223
openstack,FN,lofo,,,,,8ccdc4ac5053c6e39660044a9f8c1f695370e9a7,1.0,0.26461988304093564,0.299557514538732,0.7353801169590644
openstack,FN,lofo,,,,,c2c37272bf788aac63399127cddd487dc0f15c38,1.0,0.31725146198830406,0.2546584493389333,0.682748538011696
openstack,FN,lofo,,,,,37510ac03478704bafba89e8c4f4e0e9041d661d,1.0,0.23788638262322473,0.34720973460283694,0.7621136173767753
openstack,FN,lofo,,,,,221f386029faf499c5a445374685cba5b67df31e,1.0,0.3230994152046784,0.2546584493389333,0.6769005847953216
openstack,FN,lofo,,,,,589c495c1ae62129e20ab5e2641e330541eee01f,1.0,0.212406015037594,0.35319238929336283,0.7875939849624061
qt,FP,counterfactual,,,,,3d3ce2afe1937531f5fdc2af56697e93133e6d98,1.0,0.343984962406015,0.2969668869575811,0.656015037593985
qt,FP,counterfactual,,,,,8835c0376befd009702b9a17c506639e31c842b9,1.0,0.256265664160401,0.3948619546669419,0.743734335839599
qt,FP,counterfactual,,,,,093064fdeb6e777d2dc88dbb4f4adb8fddac3aa5,1.0,0.362781954887218,0.2820694574853884,0.637218045112782
qt,FP,counterfactual,,,,,08cfd02312d21391c956b8bf50ab7d6caa0d8082,1.0,0.34711779448621555,0.2560350267710864,0.6528822055137844
qt,FP,counterfactual,,,,,a02b371eb2f34bf198c95cf0caa1fbad639f96bb,1.0,0.44110275689223055,0.1773460860572123,0.5588972431077694
qt,FP,counterfactual,,,,,86d91d2bf8e7ac7a75f88f0e4886140abc06fd4c,1.0,0.3907685881370092,0.2289655111346213,0.6092314118629908
qt,FP,counterfactual,,,,,41ae544c40e0568bd627a992a23b8c8f8f5cc27d,1.0,0.42836257309941517,0.20872429921697147,0.5716374269005848
qt,FP,counterfactual,,,,,237c867a002c8035aac7ff8a870da717eb7b0878,1.0,0.45885547201336674,0.1773460860572123,0.5411445279866333
qt,FP,counterfactual,,,,,571b11d41c9dadd5ef11e4e954c16c5ca39d718e,1.0,0.2980367585630743,0.321516796398525,0.7019632414369257
qt,FP,counterfactual,,,,,02b7ec05d5713aec67577cebc18e5906b5a98598,1.0,0.3596491228070175,0.2969668869575811,0.6403508771929824
qt,FP,counterfactual,,,,,1af927976ac953f922e35d71a16a32d328bb2efd,1.0,0.3659147869674185,0.27524115376657315,0.6340852130325815
qt,FP,counterfactual,,,,,eb93d7b51773b43e6a3e41961898a6033bcd9479,1.0,0.41791979949874686,0.2044156016936774,0.5820802005012531
qt,FP,counterfactual,,,,,e58fdbaeb033a801ac7b5dd1f63657b36d6e1305,1.0,0.42836257309941517,0.20872429921697147,0.5716374269005848
qt,FP,counterfactual,,,,,ddb4fb4c60987ce6e0b9e50de9a5f3a7ff0e8757,1.0,0.38888888888888884,0.22362172868916413,0.6111111111111112
qt,FP,counterfactual,,,,,36997810d9fec492635152be89efaa55208e224a,1.0,0.488095238095238,0.1502765704207472,0.511904761904762
qt,FP,counterfactual,,,,,6a91dcba2e4fa85dc345c2d403c757ab7676e28c,1.0,0.3011695906432748,0.3756558276714552,0.6988304093567252
qt,FP,counterfactual,,,,,1c6d5b0696f324495e95a12f7718ae7593c9b58a,1.0,0.45760233918128657,0.18951817222148473,0.5423976608187134
qt,FP,counterfactual,,,,,cd542a82b0c2d5c9a4ea167a84e5ea8a25c5d969,1.0,0.45760233918128657,0.18951817222148473,0.5423976608187134
qt,FP,counterfactual,,,,,3981a1f440914e8108af3d854a1b01dd596a8a0e,1.0,0.3907685881370092,0.2289655111346213,0.6092314118629908
qt,FP,counterfactual,,,,,753c744b23abfecad6463890dfdf6e97c7eeaa5c,1.0,0.41791979949874686,0.2044156016936774,0.5820802005012531
qt,TN,counterfactual,,,,,eb5994df1307b2e17e729374e1f7ab1c8fe82750,1.0,0.41812865497076024,0.21489742947219267,0.5818713450292398
qt,TN,counterfactual,,,,,5cb54cb5ebae99fab121061e25e26eec3056203a,1.0,0.3492063492063492,0.27607050157633717,0.6507936507936508
qt,TN,counterfactual,,,,,9a50333dd03969abb3f09c0f90dcb4afd048e47a,1.0,0.38784461152882205,0.2308462450850738,0.6121553884711779
qt,TN,counterfactual,,,,,bd79c331f14e6cfab9e0b5815404c8194526e8f1,1.0,0.35233918128654973,0.28741323993084555,0.6476608187134503
qt,TN,counterfactual,,,,,67ee72f3145fd14b36af408918ed3420504d3035,1.0,0.3794903926482874,0.25360706319824483,0.6205096073517127
qt,TN,counterfactual,,,,,121cdbdd30de1bee58e349859409dd08865c17f5,1.0,0.3429406850459482,0.24762440850771897,0.6570593149540518
qt,TN,counterfactual,,,,,fc2f0fb39008f95133f6fd24662fe92195431808,1.0,0.4087301587301587,0.22979485894438534,0.5912698412698413
qt,TN,counterfactual,,,,,9b3d91237bf38492fd97457624d4cb5cd486bd56,1.0,0.35025062656641603,0.27008784688581133,0.649749373433584
qt,TN,counterfactual,,,,,2831fa76655c614ed3df0816401514950e79b5e6,1.0,0.4087301587301587,0.22193147030340699,0.5912698412698413
qt,TN,counterfactual,,,,,f3ca13f3d12f52c60f4cd41d0b336c24a8d3359d,1.0,0.37531328320802004,0.24574367455726645,0.62468671679198
qt,TN,counterfactual,,,,,e3b7957d6552e88aa23bd0ecc474db5f14981707,1.0,0.394110275689223,0.22381220425385948,0.605889724310777
qt,TN,counterfactual,,,,,88a8deea86fe69448ca1586c2ee567a53dee1008,1.0,0.38680033416875526,0.24574367455726645,0.6131996658312447
qt,TN,counterfactual,,,,,bcf1167ccb52341d72e6e2921077d2244803ee8d,1.0,0.3011695906432748,0.3233975303489775,0.6988304093567252
qt,TN,counterfactual,,,,,3e379bcc799edb6a78bc8cea093a278dbe32f33c,1.0,0.343984962406015,0.2952766285718239,0.656015037593985
qt,TN,counterfactual,,,,,4ebc2cf74e557b65a8ce1dc518ca92f399ce89e8,1.0,0.33980785296574767,0.2533096834631662,0.6601921470342523
qt,TN,counterfactual,,,,,0234e5c96417f451f8de279b8ff92734836badd4,1.0,0.4012113617376775,0.2308462450850738,0.5987886382623224
qt,TN,counterfactual,,,,,4f4ad7c262ce4723417efa14c4d3fdb875be53d0,1.0,0.4012113617376775,0.2308462450850738,0.5987886382623224
qt,TN,counterfactual,,,,,e38a98ad4453974b2848eeed02d81e0c408ce0c6,1.0,0.4450710108604845,0.1924339910941003,0.5549289891395155
qt,TN,counterfactual,,,,,9b54447e453e2cb7b7375e2c6104b2595ab1594e,1.0,0.20509607351712614,0.45791576072153894,0.7949039264828739
qt,TN,counterfactual,,,,,4331ccd4b735d9d721a384193a3d42ee2ce6c805,1.0,0.4450710108604845,0.1924339910941003,0.5549289891395155
qt,FN,counterfactual,,,,,2ad213cc02094e003802530757fa4010720a22e6,1.0,0.3084795321637427,0.282930909955612,0.6915204678362573
qt,FN,counterfactual,,,,,3786411f7f8770f28ba2a97cb646a0eb7a5eaa99,1.0,0.34189640768588136,0.2515526967958528,0.6581035923141186
qt,FN,counterfactual,,,,,9e99dba4a22bbf212b3e6d1e2607a16dbbd04d90,1.0,0.24895572263993315,0.421931470303407,0.7510442773600668
qt,FN,counterfactual,,,,,f506e01665c9bf689887ccf057a03588829efeea,1.0,0.3345864661654135,0.2515526967958528,0.6654135338345866
qt,FN,counterfactual,,,,,18f7e6dc9f59159b70cb7e6a8745738f42d4f46f,1.0,0.3533834586466166,0.24574367455726645,0.6466165413533834
qt,FN,counterfactual,,,,,67ced4791ddabebfa19a2f101aa292b5eba60b90,1.0,0.3387635756056809,0.2548100081784584,0.6612364243943192
qt,FN,counterfactual,,,,,ac48071b185d17022d48c6379a2549ac2736cb8c,1.0,0.34502923976608185,0.26184404900967273,0.6549707602339181
qt,FN,counterfactual,,,,,895cb4681ee78caaf9b99c88390a74ff1d79ae61,1.0,0.3302005012531328,0.27281319019373157,0.6697994987468672
qt,FN,counterfactual,,,,,d8782b0cc680f09d605133bd37a44d290894c01e,1.0,0.3178780284043442,0.2740161351739452,0.6821219715956558
qt,FN,counterfactual,,,,,8cf186cc7c56144b02d5b40d8f4832ff3021e68a,1.0,0.3805346700083542,0.2155684063777209,0.6194653299916457
qt,FN,counterfactual,,,,,eaa54a8f9884652513c7c3ab489f31ff1e5d712c,1.0,0.3387635756056809,0.25360706319824483,0.6612364243943192
qt,FN,counterfactual,,,,,4e3917587b11432d2d892f5146b367de2a3e4864,1.0,0.38262322472848787,0.2244831811593877,0.6173767752715121
qt,FN,counterfactual,,,,,7e298e2f2ceeee1a2d1a81238ca019d9a0c9519f,1.0,0.2531328320802005,0.3504670459854426,0.7468671679197996
qt,FN,counterfactual,,,,,93dabeba9dc5f6cbab60e65b3cc8df5fe48745a9,1.0,0.3302005012531328,0.27281319019373157,0.6697994987468672
qt,FN,counterfactual,,,,,e6d17c8691bfafa033b82a4d81a9caf4a2fd1b85,1.0,0.27923976608187134,0.31448275556731065,0.7207602339181287
qt,FN,counterfactual,,,,,5303225aef739c534714c1ac1d4dd096f0cc38d0,1.0,0.3669590643274854,0.2333979559410545,0.6330409356725146
qt,FN,counterfactual,,,,,a69edf01cb0a2a06282dc7b89724ffa542f6546d,1.0,0.3763575605680869,0.2244831811593877,0.6236424394319131
qt,FN,counterfactual,,,,,6486a4bd196ca2bf0047ae80e78eee06e5e18e18,1.0,0.3011695906432748,0.28415592854823996,0.6988304093567252
qt,FN,counterfactual,,,,,5629823b05ca7d24924ac879b5a0469a3cb03e78,1.0,0.3742690058479532,0.2244831811593877,0.6257309941520468
qt,FN,counterfactual,,,,,cdbc4b83d59e08189d6ece9ccd88a646be155c08,1.0,0.28237259816207183,0.3101740580440166,0.7176274018379282
qt,TP,counterfactual,,,,,256bbc4f139036a780a63b80af8bb461a77d333a,1.0,0.41604010025062654,0.2005194180660031,0.5839598997493735
qt,TP,counterfactual,,,,,ae292be8690109940fdd9862321b2389a0957404,1.0,0.44298245614035087,0.1891766797114947,0.5570175438596492
qt,TP,counterfactual,,,,,fa7626713b3a943609453459190e16c49d61dfd3,1.0,0.34502923976608185,0.2649498015527532,0.6549707602339181
qt,TP,counterfactual,,,,,da8ace713a19d2a8c9831ddf50d17607bc4856cc,1.0,0.40350877192982454,0.22653754756177974,0.5964912280701755
qt,TP,counterfactual,,,,,d31304eab9e7424edc20fb83a8a19cd979458029,1.0,0.2656641604010025,0.35046704598544254,0.7343358395989975
qt,TP,counterfactual,,,,,9bd30943bae136d28d42b9a9188a8586c963d461,1.0,0.3429406850459482,0.3009340919708851,0.6570593149540518
qt,TP,counterfactual,,,,,dfda6f14b3e210a33b71ef1c6fa3c75a9c866cce,1.0,0.30534670008354214,0.33368888256279744,0.6946532999164579
qt,TP,counterfactual,,,,,5dd76ba31c3c7cb9c0d9d97cd62f0d2f535a23f7,1.0,0.4262740183792815,0.2005194180660031,0.5737259816207185
qt,TP,counterfactual,,,,,267edbec198a0cedbf7bed4c3c5fa93c1dbc86bd,1.0,0.35860484544695065,0.2546584493389333,0.6413951545530494
qt,TP,counterfactual,,,,,9d23aebb271ea534a66cb3aceb2e63d9a1c870d6,1.0,0.45989974937343353,0.17239851628884953,0.5401002506265664
qt,TP,counterfactual,,,,,d3393ce25833c0afd7f0fa6b85fd6f3bd7ad520a,1.0,0.4651211361737677,0.16453512764787118,0.5348788638262323
qt,TP,counterfactual,,,,,03a1675eac4baf8c7a6e0602102bbafa3176771c,1.0,0.4262740183792815,0.2005194180660031,0.5737259816207185
qt,TP,counterfactual,,,,,a50911bc0bfca1185e99ce6638fbf03cf592789d,1.0,0.35233918128654973,0.2500523720805605,0.6476608187134503
qt,TP,counterfactual,,,,,bb199cc8ad4111808260f6255312b08c7d81dcbc,1.0,0.394110275689223,0.24574367455726648,0.605889724310777
qt,TP,counterfactual,,,,,b254b03dc3b1cfcfc5f17158d2470e0a9a946a0e,1.0,0.3533834586466166,0.27386457633442,0.6466165413533834
qt,TP,counterfactual,,,,,1a7bc520c5df4da80b7e65acbec1f546f9c87870,1.0,0.32414369256474523,0.28741323993084555,0.6758563074352548
qt,TP,counterfactual,,,,,afbb57ae84ecbee5fab9eb6e58356b19d7995ea5,1.0,0.44298245614035087,0.1891766797114947,0.5570175438596492
qt,TP,counterfactual,,,,,17513266b81e88b84fda250734f07c94a198fabc,1.0,0.4494569757727653,0.18131329107051636,0.5505430242272347
qt,TP,counterfactual,,,,,a4f8b9ae6dfacf9ad5c190cde6098ebf13102f41,1.0,0.3648705096073517,0.24762440850771897,0.6351294903926483
qt,TP,counterfactual,,,,,fca89004d75412dd378cc44ad79ed3c1e05c765b,1.0,0.3836675020885547,0.21867415892080136,0.6163324979114453
qt,FP,kernelshap,,,,,3d3ce2afe1937531f5fdc2af56697e93133e6d98,1.0,0.49373433583959897,0.13007926619303192,0.5062656641604011
qt,FP,kernelshap,,,,,8835c0376befd009702b9a17c506639e31c842b9,0.6857142857142857,0.3627234753550543,0.29085796707861256,0.32299081035923144
qt,FP,kernelshap,,,,,093064fdeb6e777d2dc88dbb4f4adb8fddac3aa5,0.8666666666666666,0.41637426900584795,0.2038016848002855,0.45029239766081863
qt,FP,kernelshap,,,,,08cfd02312d21391c956b8bf50ab7d6caa0d8082,1.0,0.31558061821219713,0.29271839834274693,0.6844193817878028
qt,FP,kernelshap,,,,,a02b371eb2f34bf198c95cf0caa1fbad639f96bb,0.8,0.3771512113617377,0.2076400825155961,0.42284878863826236
qt,FP,kernelshap,,,,,86d91d2bf8e7ac7a75f88f0e4886140abc06fd4c,1.0,0.406641604010025,0.22535589476485585,0.593358395989975
qt,FP,kernelshap,,,,,41ae544c40e0568bd627a992a23b8c8f8f5cc27d,1.0,0.44883040935672514,0.16418282266071133,0.5511695906432749
qt,FP,kernelshap,,,,,237c867a002c8035aac7ff8a870da717eb7b0878,1.0,0.4243943191311612,0.19828637912839076,0.5756056808688388
qt,FP,kernelshap,,,,,571b11d41c9dadd5ef11e4e954c16c5ca39d718e,0.8666666666666666,0.20695906432748537,0.36101606950486187,0.6597076023391812
qt,FP,kernelshap,,,,,02b7ec05d5713aec67577cebc18e5906b5a98598,1.0,0.4243943191311612,0.19125233829717644,0.5756056808688388
qt,FP,kernelshap,,,,,1af927976ac953f922e35d71a16a32d328bb2efd,0.8,0.4174185463659148,0.17922045212586327,0.38258145363408524
qt,FP,kernelshap,,,,,eb93d7b51773b43e6a3e41961898a6033bcd9479,1.0,0.40852130325814534,0.1833889496561981,0.5914786967418546
qt,FP,kernelshap,,,,,e58fdbaeb033a801ac7b5dd1f63657b36d6e1305,1.0,0.44883040935672514,0.16418282266071133,0.5511695906432749
qt,FP,kernelshap,,,,,ddb4fb4c60987ce6e0b9e50de9a5f3a7ff0e8757,1.0,0.406641604010025,0.22535589476485585,0.593358395989975
qt,FP,kernelshap,,,,,36997810d9fec492635152be89efaa55208e224a,0.8,0.3850877192982456,0.3174674884027971,0.41491228070175445
qt,FP,kernelshap,,,,,6a91dcba2e4fa85dc345c2d403c757ab7676e28c,1.0,0.40058479532163743,0.2838036235610801,0.5994152046783625
qt,FP,kernelshap,,,,,1c6d5b0696f324495e95a12f7718ae7593c9b58a,1.0,0.49473684210526314,0.13711330702424623,0.5052631578947369
qt,FP,kernelshap,,,,,cd542a82b0c2d5c9a4ea167a84e5ea8a25c5d969,1.0,0.3487886382623224,0.24113759729889372,0.6512113617376776
qt,FP,kernelshap,,,,,3981a1f440914e8108af3d854a1b01dd596a8a0e,1.0,0.32059314954051793,0.2805463121784745,0.6794068504594821
qt,FP,kernelshap,,,,,753c744b23abfecad6463890dfdf6e97c7eeaa5c,1.0,0.441938178780284,0.15389147044689142,0.5580618212197159
qt,TN,kernelshap,,,,,eb5994df1307b2e17e729374e1f7ab1c8fe82750,1.0,0.36821219715956555,0.26372478296012525,0.6317878028404345
qt,TN,kernelshap,,,,,5cb54cb5ebae99fab121061e25e26eec3056203a,0.8,0.34411027568922303,0.2573312338432196,0.455889724310777
qt,TN,kernelshap,,,,,9a50333dd03969abb3f09c0f90dcb4afd048e47a,0.8,0.35020885547201336,0.32047550204426833,0.4497911445279867
qt,TN,kernelshap,,,,,bd79c331f14e6cfab9e0b5815404c8194526e8f1,1.0,0.4442355889724311,0.16210716407502962,0.5557644110275689
qt,TN,kernelshap,,,,,67ee72f3145fd14b36af408918ed3420504d3035,0.8666666666666666,0.3759649122807017,0.3027584242127027,0.49070175438596486
qt,TN,kernelshap,,,,,121cdbdd30de1bee58e349859409dd08865c17f5,1.0,0.40267335004177107,0.2174491403281734,0.5973266499582289
qt,TN,kernelshap,,,,,fc2f0fb39008f95133f6fd24662fe92195431808,1.0,0.40267335004177107,0.2174491403281734,0.5973266499582289
qt,TN,kernelshap,,,,,9b3d91237bf38492fd97457624d4cb5cd486bd56,1.0,0.3429406850459482,0.2579157607215389,0.6570593149540518
qt,TN,kernelshap,,,,,2831fa76655c614ed3df0816401514950e79b5e6,1.0,0.3460735171261487,0.31703446642329136,0.6539264828738514
qt,TN,kernelshap,,,,,f3ca13f3d12f52c60f4cd41d0b336c24a8d3359d,0.8,0.40340852130325816,0.19449829661754545,0.3965914786967419
qt,TN,kernelshap,,,,,e3b7957d6552e88aa23bd0ecc474db5f14981707,1.0,0.4419799498746867,0.16791618631361596,0.5580200501253133
qt,TN,kernelshap,,,,,88a8deea86fe69448ca1586c2ee567a53dee1008,1.0,0.43796992481203006,0.17117349769622156,0.5620300751879699
qt,TN,kernelshap,,,,,bcf1167ccb52341d72e6e2921077d2244803ee8d,1.0,0.40037593984962405,0.18457060245312196,0.599624060150376
qt,TN,kernelshap,,,,,3e379bcc799edb6a78bc8cea093a278dbe32f33c,0.8666666666666666,0.352172096908939,0.22822048027868336,0.5144945697577276
qt,TN,kernelshap,,,,,4ebc2cf74e557b65a8ce1dc518ca92f399ce89e8,1.0,0.43796992481203006,0.17117349769622156,0.5620300751879699
qt,TN,kernelshap,,,,,0234e5c96417f451f8de279b8ff92734836badd4,1.0,0.37030075187969924,0.2244831811593877,0.6296992481203008
qt,TN,kernelshap,,,,,4f4ad7c262ce4723417efa14c4d3fdb875be53d0,0.8666666666666666,0.4449874686716792,0.17849319078797315,0.4216791979949874
qt,TN,kernelshap,,,,,e38a98ad4453974b2848eeed02d81e0c408ce0c6,1.0,0.42894736842105263,0.17427925023930205,0.5710526315789474
qt,TN,kernelshap,,,,,9b54447e453e2cb7b7375e2c6104b2595ab1594e,1.0,0.4442355889724311,0.16210716407502962,0.5557644110275689
qt,TN,kernelshap,,,,,4331ccd4b735d9d721a384193a3d42ee2ce6c805,1.0,0.3385547201336675,0.2579157607215389,0.6614452798663325
qt,FN,kernelshap,,,,,2ad213cc02094e003802530757fa4010720a22e6,1.0,0.4262740183792815,0.21045846529266318,0.5737259816207185
qt,FN,kernelshap,,,,,3786411f7f8770f28ba2a97cb646a0eb7a5eaa99,1.0,0.3609022556390977,0.2959757097253526,0.6390977443609023
qt,FN,kernelshap,,,,,9e99dba4a22bbf212b3e6d1e2607a16dbbd04d90,1.0,0.49523809523809526,0.13385599564164063,0.5047619047619047
qt,FN,kernelshap,,,,,f506e01665c9bf689887ccf057a03588829efeea,1.0,0.4557644110275689,0.1833889496561981,0.5442355889724311
qt,FN,kernelshap,,,,,18f7e6dc9f59159b70cb7e6a8745738f42d4f46f,0.8,0.3575187969924812,0.268513231293378,0.44248120300751886
qt,FN,kernelshap,,,,,67ced4791ddabebfa19a2f101aa292b5eba60b90,1.0,0.35359231411862985,0.26890619408888744,0.6464076858813701
qt,FN,kernelshap,,,,,ac48071b185d17022d48c6379a2549ac2736cb8c,1.0,0.41791979949874686,0.21233919924311567,0.5820802005012531
qt,FN,kernelshap,,,,,895cb4681ee78caaf9b99c88390a74ff1d79ae61,1.0,0.42105263157894735,0.1904229904874124,0.5789473684210527
qt,FN,kernelshap,,,,,d8782b0cc680f09d605133bd37a44d290894c01e,0.8666666666666666,0.4870927318295739,0.21709236447768643,0.3795739348370927
qt,FN,kernelshap,,,,,8cf186cc7c56144b02d5b40d8f4832ff3021e68a,0.8,0.45,0.1886727340879536,0.35000000000000003
qt,FN,kernelshap,,,,,eaa54a8f9884652513c7c3ab489f31ff1e5d712c,1.0,0.32414369256474523,0.28415592854823996,0.6758563074352548
qt,FN,kernelshap,,,,,4e3917587b11432d2d892f5146b367de2a3e4864,0.6761904761904762,0.4035505430242272,0.27152259876685175,0.272639933166249
qt,FN,kernelshap,,,,,7e298e2f2ceeee1a2d1a81238ca019d9a0c9519f,0.8666666666666666,0.5204511278195488,0.15010969856132705,0.34621553884711775
qt,FN,kernelshap,,,,,93dabeba9dc5f6cbab60e65b3cc8df5fe48745a9,1.0,0.49122807017543857,0.15389147044689142,0.5087719298245614
qt,FN,kernelshap,,,,,e6d17c8691bfafa033b82a4d81a9caf4a2fd1b85,0.8666666666666666,0.4666666666666667,0.1726676282583813,0.3999999999999999
qt,FN,kernelshap,,,,,5303225aef739c534714c1ac1d4dd096f0cc38d0,1.0,0.4924812030075188,0.15389147044689142,0.5075187969924813
qt,FN,kernelshap,,,,,a69edf01cb0a2a06282dc7b89724ffa542f6546d,1.0,0.44862155388471175,0.18799502691457085,0.5513784461152882
qt,FN,kernelshap,,,,,6486a4bd196ca2bf0047ae80e78eee06e5e18e18,1.0,0.4924812030075188,0.15389147044689142,0.5075187969924813
qt,FN,kernelshap,,,,,5629823b05ca7d24924ac879b5a0469a3cb03e78,1.0,0.45802005012531327,0.17309759744237815,0.5419799498746867
qt,FN,kernelshap,,,,,cdbc4b83d59e08189d6ece9ccd88a646be155c08,0.8,0.4062907268170426,0.182811033395275,0.39370927318295745
qt,TP,kernelshap,,,,,256bbc4f139036a780a63b80af8bb461a77d333a,0.8666666666666666,0.38863826232247284,0.3273396568871249,0.47802840434419375
qt,TP,kernelshap,,,,,ae292be8690109940fdd9862321b2389a0957404,1.0,0.506516290726817,0.1411881631871409,0.49348370927318297
qt,TP,kernelshap,,,,,fa7626713b3a943609453459190e16c49d61dfd3,1.0,0.40789473684210525,0.18315510829579865,0.5921052631578947
qt,TP,kernelshap,,,,,da8ace713a19d2a8c9831ddf50d17607bc4856cc,0.8666666666666666,0.5024728487886383,0.15091728491117218,0.3641938178780283
qt,TP,kernelshap,,,,,d31304eab9e7424edc20fb83a8a19cd979458029,1.0,0.42648287385129485,0.18951817222148473,0.5735171261487051
qt,TP,kernelshap,,,,,9bd30943bae136d28d42b9a9188a8586c963d461,1.0,0.46507936507936504,0.15234096787118437,0.534920634920635
qt,TP,kernelshap,,,,,dfda6f14b3e210a33b71ef1c6fa3c75a9c866cce,1.0,0.3283208020050125,0.2777607599620943,0.6716791979949874
qt,TP,kernelshap,,,,,5dd76ba31c3c7cb9c0d9d97cd62f0d2f535a23f7,1.0,0.33521303258145363,0.2740161351739452,0.6647869674185464
qt,TP,kernelshap,,,,,267edbec198a0cedbf7bed4c3c5fa93c1dbc86bd,1.0,0.35818713450292394,0.24113759729889372,0.6418128654970761
qt,TP,kernelshap,,,,,9d23aebb271ea534a66cb3aceb2e63d9a1c870d6,1.0,0.506516290726817,0.1411881631871409,0.49348370927318297
qt,TP,kernelshap,,,,,d3393ce25833c0afd7f0fa6b85fd6f3bd7ad520a,0.8666666666666666,0.4672598162071846,0.15091728491117218,0.399406850459482
qt,TP,kernelshap,,,,,03a1675eac4baf8c7a6e0602102bbafa3176771c,1.0,0.34774436090225563,0.24694661953748007,0.6522556390977443
qt,TP,kernelshap,,,,,a50911bc0bfca1185e99ce6638fbf03cf592789d,0.8666666666666666,0.41871345029239765,0.2860354413246108,0.44795321637426894
qt,TP,kernelshap,,,,,bb199cc8ad4111808260f6255312b08c7d81dcbc,0.7333333333333333,0.37873851294903926,0.23100559856249547,0.354594820384294
qt,TP,kernelshap,,,,,b254b03dc3b1cfcfc5f17158d2470e0a9a946a0e,0.7,0.4080200501253132,0.21649140217273394,0.29197994987468673
qt,TP,kernelshap,,,,,1a7bc520c5df4da80b7e65acbec1f546f9c87870,1.0,0.3529657477025898,0.2506912443256292,0.6470342522974102
qt,TP,kernelshap,,,,,afbb57ae84ecbee5fab9eb6e58356b19d7995ea5,1.0,0.45802005012531327,0.16825767882360598,0.5419799498746867
qt,TP,kernelshap,,,,,17513266b81e88b84fda250734f07c94a198fabc,1.0,0.45822890559732665,0.1618946148979199,0.5417710944026733
qt,TP,kernelshap,,,,,a4f8b9ae6dfacf9ad5c190cde6098ebf13102f41,1.0,0.41812865497076024,0.1794104835076495,0.5818713450292398
qt,TP,kernelshap,,,,,fca89004d75412dd378cc44ad79ed3c1e05c765b,1.0,0.45050125313283207,0.16825767882360598,0.5494987468671679
qt,FP,lime,,,,,3d3ce2afe1937531f5fdc2af56697e93133e6d98,0.8666666666666666,0.7500751879699248,0.03912218294790005,0.1165914786967418
qt,FP,lime,,,,,8835c0376befd009702b9a17c506639e31c842b9,0.8666666666666666,0.8345864661654135,0.03912218294790005,0.03208020050125304
qt,FP,lime,,,,,093064fdeb6e777d2dc88dbb4f4adb8fddac3aa5,1.0,0.6601503759398496,0.1266548417315831,0.3398496240601504
qt,FP,lime,,,,,08cfd02312d21391c956b8bf50ab7d6caa0d8082,0.8,0.7810526315789473,0.03912218294790005,0.018947368421052713
qt,FP,lime,,,,,a02b371eb2f34bf198c95cf0caa1fbad639f96bb,1.0,0.8571428571428571,0.007034040831214316,0.1428571428571429
qt,FP,lime,,,,,86d91d2bf8e7ac7a75f88f0e4886140abc06fd4c,0.8666666666666666,0.8345864661654135,0.03912218294790005,0.03208020050125304
qt,FP,lime,,,,,41ae544c40e0568bd627a992a23b8c8f8f5cc27d,0.8666666666666666,0.8233583959899748,0.1114074021356645,0.04330827067669174
qt,FP,lime,,,,,237c867a002c8035aac7ff8a870da717eb7b0878,1.0,0.8571428571428571,0.007034040831214316,0.1428571428571429
qt,FP,lime,,,,,571b11d41c9dadd5ef11e4e954c16c5ca39d718e,1.0,0.8571428571428571,0.007034040831214316,0.1428571428571429
qt,FP,lime,,,,,02b7ec05d5713aec67577cebc18e5906b5a98598,0.8,0.6540350877192982,0.2947702978067068,0.14596491228070185
qt,FP,lime,,,,,1af927976ac953f922e35d71a16a32d328bb2efd,1.0,0.8571428571428571,0.007034040831214316,0.1428571428571429
qt,FP,lime,,,,,eb93d7b51773b43e6a3e41961898a6033bcd9479,0.8666666666666666,0.8345864661654135,0.03912218294790005,0.03208020050125304
qt,FP,lime,,,,,e58fdbaeb033a801ac7b5dd1f63657b36d6e1305,0.8666666666666666,0.8345864661654135,0.03912218294790005,0.03208020050125304
qt,FP,lime,,,,,ddb4fb4c60987ce6e0b9e50de9a5f3a7ff0e8757,0.8,0.8092230576441102,0.03912218294790005,-0.009223057644110133
qt,FP,lime,,,,,36997810d9fec492635152be89efaa55208e224a,1.0,0.8571428571428571,0.007034040831214316,0.1428571428571429
qt,FP,lime,,,,,6a91dcba2e4fa85dc345c2d403c757ab7676e28c,0.8,0.8092230576441102,0.03912218294790005,-0.009223057644110133
qt,FP,lime,,,,,1c6d5b0696f324495e95a12f7718ae7593c9b58a,0.8,0.8092230576441102,0.03912218294790005,-0.009223057644110133
qt,FP,lime,,,,,cd542a82b0c2d5c9a4ea167a84e5ea8a25c5d969,0.4404761904761904,0.5740852130325813,0.3818962444060253,-0.1336090225563909
qt,FP,lime,,,,,3981a1f440914e8108af3d854a1b01dd596a8a0e,0.8666666666666666,0.7500751879699248,0.03912218294790005,0.1165914786967418
qt,FP,lime,,,,,753c744b23abfecad6463890dfdf6e97c7eeaa5c,0.7333333333333333,0.7440100250626566,0.03912218294790005,-0.010676691729323284
qt,TN,lime,,,,,eb5994df1307b2e17e729374e1f7ab1c8fe82750,0.8666666666666666,0.8708771929824561,0.02841963038973284,-0.004210526315789553
qt,TN,lime,,,,,5cb54cb5ebae99fab121061e25e26eec3056203a,0.8,0.807719298245614,0.02841963038973284,-0.007719298245613904
qt,TN,lime,,,,,9a50333dd03969abb3f09c0f90dcb4afd048e47a,0.8,0.8407017543859648,0.02841963038973284,-0.040701754385964795
qt,TN,lime,,,,,bd79c331f14e6cfab9e0b5815404c8194526e8f1,1.0,0.8982456140350877,0.0,0.10175438596491226
qt,TN,lime,,,,,67ee72f3145fd14b36af408918ed3420504d3035,1.0,0.8982456140350877,0.0,0.10175438596491226
qt,TN,lime,,,,,121cdbdd30de1bee58e349859409dd08865c17f5,1.0,0.8982456140350877,0.0,0.10175438596491226
qt,TN,lime,,,,,fc2f0fb39008f95133f6fd24662fe92195431808,0.7333333333333333,0.7935839598997494,0.1341627955969483,-0.06025062656641611
qt,TN,lime,,,,,9b3d91237bf38492fd97457624d4cb5cd486bd56,0.8,0.8407017543859648,0.02841963038973284,-0.040701754385964795
qt,TN,lime,,,,,2831fa76655c614ed3df0816401514950e79b5e6,1.0,0.8982456140350877,0.0,0.10175438596491226
qt,TN,lime,,,,,f3ca13f3d12f52c60f4cd41d0b336c24a8d3359d,0.8,0.8407017543859648,0.02841963038973284,-0.040701754385964795
qt,TN,lime,,,,,e3b7957d6552e88aa23bd0ecc474db5f14981707,0.8666666666666666,0.8708771929824561,0.02841963038973284,-0.004210526315789553
qt,TN,lime,,,,,88a8deea86fe69448ca1586c2ee567a53dee1008,1.0,0.8982456140350877,0.0,0.10175438596491226
qt,TN,lime,,,,,bcf1167ccb52341d72e6e2921077d2244803ee8d,0.8666666666666666,0.7719298245614035,0.02841963038973284,0.09473684210526312
qt,TN,lime,,,,,3e379bcc799edb6a78bc8cea093a278dbe32f33c,0.8,0.6945363408521302,0.02841963038973284,0.10546365914786981
qt,TN,lime,,,,,4ebc2cf74e557b65a8ce1dc518ca92f399ce89e8,1.0,0.8982456140350877,0.0,0.10175438596491226
qt,TN,lime,,,,,0234e5c96417f451f8de279b8ff92734836badd4,0.7666666666666666,0.8251629072681704,0.1341627955969483,-0.058496240601503824
qt,TN,lime,,,,,4f4ad7c262ce4723417efa14c4d3fdb875be53d0,0.8,0.8407017543859648,0.02841963038973284,-0.040701754385964795
qt,TN,lime,,,,,e38a98ad4453974b2848eeed02d81e0c408ce0c6,1.0,0.8982456140350877,0.0,0.10175438596491226
qt,TN,lime,,,,,9b54447e453e2cb7b7375e2c6104b2595ab1594e,0.8,0.8407017543859648,0.02841963038973284,-0.040701754385964795
qt,TN,lime,,,,,4331ccd4b735d9d721a384193a3d42ee2ce6c805,1.0,0.8982456140350877,0.0,0.10175438596491226
qt,FN,lime,,,,,2ad213cc02094e003802530757fa4010720a22e6,0.7333333333333333,0.7873684210526316,0.0744224309667791,-0.054035087719298325
qt,FN,lime,,,,,3786411f7f8770f28ba2a97cb646a0eb7a5eaa99,0.7333333333333333,0.7873684210526316,0.0744224309667791,-0.054035087719298325
qt,FN,lime,,,,,9e99dba4a22bbf212b3e6d1e2607a16dbbd04d90,0.8666666666666666,0.8652631578947368,0.06698266591635937,0.00140350877192974
qt,FN,lime,,,,,f506e01665c9bf689887ccf057a03588829efeea,0.8,0.8378947368421052,0.0198435035448829,-0.0378947368421052
qt,FN,lime,,,,,18f7e6dc9f59159b70cb7e6a8745738f42d4f46f,0.8666666666666666,0.872982456140351,0.0198435035448829,-0.006315789473684386
qt,FN,lime,,,,,67ced4791ddabebfa19a2f101aa292b5eba60b90,0.8666666666666666,0.8652631578947368,0.06698266591635937,0.00140350877192974
qt,FN,lime,,,,,ac48071b185d17022d48c6379a2549ac2736cb8c,0.7666666666666666,0.8315789473684211,0.0744224309667791,-0.06491228070175448
qt,FN,lime,,,,,895cb4681ee78caaf9b99c88390a74ff1d79ae61,0.8,0.8,0.0198435035448829,0.0
qt,FN,lime,,,,,d8782b0cc680f09d605133bd37a44d290894c01e,0.8666666666666666,0.872982456140351,0.0198435035448829,-0.006315789473684386
qt,FN,lime,,,,,8cf186cc7c56144b02d5b40d8f4832ff3021e68a,0.7666666666666666,0.8315789473684211,0.0744224309667791,-0.06491228070175448
qt,FN,lime,,,,,eaa54a8f9884652513c7c3ab489f31ff1e5d712c,1.0,0.9052631578947369,0.0,0.09473684210526312
qt,FN,lime,,,,,4e3917587b11432d2d892f5146b367de2a3e4864,0.8,0.8378947368421052,0.0198435035448829,-0.0378947368421052
qt,FN,lime,,,,,7e298e2f2ceeee1a2d1a81238ca019d9a0c9519f,1.0,0.9052631578947369,0.0,0.09473684210526312
qt,FN,lime,,,,,93dabeba9dc5f6cbab60e65b3cc8df5fe48745a9,1.0,0.9052631578947369,0.0,0.09473684210526312
qt,FN,lime,,,,,e6d17c8691bfafa033b82a4d81a9caf4a2fd1b85,0.8666666666666666,0.872982456140351,0.0198435035448829,-0.006315789473684386
qt,FN,lime,,,,,5303225aef739c534714c1ac1d4dd096f0cc38d0,0.8,0.8378947368421052,0.0198435035448829,-0.0378947368421052
qt,FN,lime,,,,,a69edf01cb0a2a06282dc7b89724ffa542f6546d,1.0,0.9052631578947369,0.0,0.09473684210526312
qt,FN,lime,,,,,6486a4bd196ca2bf0047ae80e78eee06e5e18e18,0.8666666666666666,0.872982456140351,0.0198435035448829,-0.006315789473684386
qt,FN,lime,,,,,5629823b05ca7d24924ac879b5a0469a3cb03e78,0.8666666666666666,0.872982456140351,0.0198435035448829,-0.006315789473684386
qt,FN,lime,,,,,cdbc4b83d59e08189d6ece9ccd88a646be155c08,0.8666666666666666,0.872982456140351,0.0198435035448829,-0.006315789473684386
qt,TP,lime,,,,,256bbc4f139036a780a63b80af8bb461a77d333a,0.7,0.7466666666666666,0.15606254193337543,-0.046666666666666634
qt,TP,lime,,,,,ae292be8690109940fdd9862321b2389a0957404,0.8666666666666666,0.8491228070175438,0.07997975810446044,0.01754385964912275
qt,TP,lime,,,,,fa7626713b3a943609453459190e16c49d61dfd3,0.8666666666666666,0.8498245614035088,0.07997975810446044,0.01684210526315777
qt,TP,lime,,,,,da8ace713a19d2a8c9831ddf50d17607bc4856cc,0.8666666666666666,0.8498245614035088,0.07997975810446044,0.01684210526315777
qt,TP,lime,,,,,d31304eab9e7424edc20fb83a8a19cd979458029,0.8666666666666666,0.8491228070175438,0.07997975810446044,0.01754385964912275
qt,TP,lime,,,,,9bd30943bae136d28d42b9a9188a8586c963d461,0.8666666666666666,0.8603508771929825,0.05383124713799447,0.0063157894736840525
qt,TP,lime,,,,,dfda6f14b3e210a33b71ef1c6fa3c75a9c866cce,1.0,0.8877192982456141,0.0034244244614488606,0.11228070175438587
qt,TP,lime,,,,,5dd76ba31c3c7cb9c0d9d97cd62f0d2f535a23f7,1.0,0.8877192982456141,0.0034244244614488606,0.11228070175438587
qt,TP,lime,,,,,267edbec198a0cedbf7bed4c3c5fa93c1dbc86bd,1.0,0.7228070175438596,0.0611730721041445,0.27719298245614044
qt,TP,lime,,,,,9d23aebb271ea534a66cb3aceb2e63d9a1c870d6,0.8666666666666666,0.8491228070175438,0.07997975810446044,0.01754385964912275
qt,TP,lime,,,,,d3393ce25833c0afd7f0fa6b85fd6f3bd7ad520a,0.8666666666666666,0.8603508771929825,0.05383124713799447,0.0063157894736840525
qt,TP,lime,,,,,03a1675eac4baf8c7a6e0602102bbafa3176771c,0.8,0.7971929824561402,0.05383124713799447,0.0028070175438598133
qt,TP,lime,,,,,a50911bc0bfca1185e99ce6638fbf03cf592789d,0.8,0.7971929824561402,0.05383124713799447,0.0028070175438598133
qt,TP,lime,,,,,bb199cc8ad4111808260f6255312b08c7d81dcbc,1.0,0.8877192982456141,0.0034244244614488606,0.11228070175438587
qt,TP,lime,,,,,b254b03dc3b1cfcfc5f17158d2470e0a9a946a0e,0.8666666666666666,0.8498245614035088,0.07997975810446044,0.01684210526315777
qt,TP,lime,,,,,1a7bc520c5df4da80b7e65acbec1f546f9c87870,1.0,0.8877192982456141,0.0034244244614488606,0.11228070175438587
qt,TP,lime,,,,,afbb57ae84ecbee5fab9eb6e58356b19d7995ea5,0.8,0.8091228070175438,0.07997975810446044,-0.009122807017543755
qt,TP,lime,,,,,17513266b81e88b84fda250734f07c94a198fabc,0.8666666666666666,0.8491228070175438,0.07997975810446044,0.01754385964912275
qt,TP,lime,,,,,a4f8b9ae6dfacf9ad5c190cde6098ebf13102f41,0.8,0.8301754385964912,0.05383124713799447,-0.03017543859649119
qt,TP,lime,,,,,fca89004d75412dd378cc44ad79ed3c1e05c765b,0.8666666666666666,0.7614035087719297,0.05383124713799447,0.10526315789473684
qt,FP,lofo,,,,,3d3ce2afe1937531f5fdc2af56697e93133e6d98,1.0,0.41812865497076024,0.20083808998437147,0.5818713450292398
qt,FP,lofo,,,,,8835c0376befd009702b9a17c506639e31c842b9,1.0,0.29177109440267335,0.3699918448992977,0.7082289055973267
qt,FP,lofo,,,,,093064fdeb6e777d2dc88dbb4f4adb8fddac3aa5,1.0,0.44611528822055135,0.1996130713917435,0.5538847117794486
qt,FP,lofo,,,,,08cfd02312d21391c956b8bf50ab7d6caa0d8082,1.0,0.3230994152046784,0.2637681487558293,0.6769005847953216
qt,FP,lofo,,,,,a02b371eb2f34bf198c95cf0caa1fbad639f96bb,1.0,0.4202172096908939,0.20083808998437147,0.5797827903091062
qt,FP,lofo,,,,,86d91d2bf8e7ac7a75f88f0e4886140abc06fd4c,1.0,0.3408521303258145,0.2805463121784745,0.6591478696741855
qt,FP,lofo,,,,,41ae544c40e0568bd627a992a23b8c8f8f5cc27d,1.0,0.5010442773600668,0.16037146959100598,0.49895572263993315
qt,FP,lofo,,,,,237c867a002c8035aac7ff8a870da717eb7b0878,1.0,0.38680033416875526,0.22207650976983587,0.6131996658312447
qt,FP,lofo,,,,,571b11d41c9dadd5ef11e4e954c16c5ca39d718e,1.0,0.18045112781954886,0.5041914033534908,0.8195488721804511
qt,FP,lofo,,,,,02b7ec05d5713aec67577cebc18e5906b5a98598,1.0,0.31265664160401,0.32682195481042636,0.68734335839599
qt,FP,lofo,,,,,1af927976ac953f922e35d71a16a32d328bb2efd,1.0,0.5010442773600668,0.16037146959100598,0.49895572263993315
qt,FP,lofo,,,,,eb93d7b51773b43e6a3e41961898a6033bcd9479,1.0,0.44611528822055135,0.1996130713917435,0.5538847117794486
qt,FP,lofo,,,,,e58fdbaeb033a801ac7b5dd1f63657b36d6e1305,1.0,0.5010442773600668,0.16037146959100598,0.49895572263993315
qt,FP,lofo,,,,,ddb4fb4c60987ce6e0b9e50de9a5f3a7ff0e8757,1.0,0.369047619047619,0.23427066954652268,0.6309523809523809
qt,FP,lofo,,,,,36997810d9fec492635152be89efaa55208e224a,1.0,0.37531328320802004,0.2671492074215741,0.62468671679198
qt,FP,lofo,,,,,6a91dcba2e4fa85dc345c2d403c757ab7676e28c,1.0,0.33040935672514615,0.26254313016320135,0.6695906432748538
qt,FP,lofo,,,,,1c6d5b0696f324495e95a12f7718ae7593c9b58a,1.0,0.5010442773600668,0.16037146959100598,0.49895572263993315
qt,FP,lofo,,,,,cd542a82b0c2d5c9a4ea167a84e5ea8a25c5d969,1.0,0.4818295739348371,0.15333742875979167,0.518170426065163
qt,FP,lofo,,,,,3981a1f440914e8108af3d854a1b01dd596a8a0e,1.0,0.2416457811194653,0.4104584652926632,0.7583542188805347
qt,FP,lofo,,,,,753c744b23abfecad6463890dfdf6e97c7eeaa5c,1.0,0.3047201336675021,0.30368072746209507,0.6952798663324979
qt,TN,lofo,,,,,eb5994df1307b2e17e729374e1f7ab1c8fe82750,1.0,0.30680868838763575,0.2565002665642156,0.6931913116123642
qt,TN,lofo,,,,,5cb54cb5ebae99fab121061e25e26eec3056203a,1.0,0.2581453634085213,0.3216405436816641,0.7418546365914787
qt,TN,lofo,,,,,9a50333dd03969abb3f09c0f90dcb4afd048e47a,1.0,0.3283208020050125,0.2611063438225883,0.6716791979949874
qt,TN,lofo,,,,,bd79c331f14e6cfab9e0b5815404c8194526e8f1,1.0,0.2656641604010025,0.3116906839778342,0.7343358395989975
qt,TN,lofo,,,,,67ee72f3145fd14b36af408918ed3420504d3035,1.0,0.3492063492063492,0.2200008511841541,0.6507936507936508
qt,TN,lofo,,,,,121cdbdd30de1bee58e349859409dd08865c17f5,1.0,0.1927736006683375,0.47570639355970235,0.8072263993316625
qt,TN,lofo,,,,,fc2f0fb39008f95133f6fd24662fe92195431808,1.0,0.2844611528822055,0.2834182233611555,0.7155388471177945
qt,TN,lofo,,,,,9b3d91237bf38492fd97457624d4cb5cd486bd56,1.0,0.34502923976608185,0.23403682818612323,0.6549707602339181
qt,TN,lofo,,,,,2831fa76655c614ed3df0816401514950e79b5e6,1.0,0.24895572263993315,0.3106714024976053,0.7510442773600668
qt,TN,lofo,,,,,f3ca13f3d12f52c60f4cd41d0b336c24a8d3359d,1.0,0.369047619047619,0.21913939871393057,0.6309523809523809
qt,TN,lofo,,,,,e3b7957d6552e88aa23bd0ecc474db5f14981707,1.0,0.406641604010025,0.17867277832056505,0.593358395989975
qt,TN,lofo,,,,,88a8deea86fe69448ca1586c2ee567a53dee1008,1.0,0.3283208020050125,0.2611063438225883,0.6716791979949874
qt,TN,lofo,,,,,bcf1167ccb52341d72e6e2921077d2244803ee8d,1.0,0.32518796992481197,0.24931466689347612,0.6748120300751881
qt,TN,lofo,,,,,3e379bcc799edb6a78bc8cea093a278dbe32f33c,1.0,0.285923141186299,0.2978283394278046,0.714076858813701
qt,TN,lofo,,,,,4ebc2cf74e557b65a8ce1dc518ca92f399ce89e8,1.0,0.23057644110275688,0.3569470451295571,0.7694235588972431
qt,TN,lofo,,,,,0234e5c96417f451f8de279b8ff92734836badd4,1.0,0.3245614035087719,0.2596060191072961,0.6754385964912282
qt,TN,lofo,,,,,4f4ad7c262ce4723417efa14c4d3fdb875be53d0,1.0,0.31934001670843776,0.2515526967958528,0.6806599832915623
qt,TN,lofo,,,,,e38a98ad4453974b2848eeed02d81e0c408ce0c6,1.0,0.31265664160401,0.2501372026385295,0.68734335839599
qt,TN,lofo,,,,,9b54447e453e2cb7b7375e2c6104b2595ab1594e,1.0,0.3105680868838763,0.2515526967958528,0.6894319131161237
qt,TN,lofo,,,,,4331ccd4b735d9d721a384193a3d42ee2ce6c805,1.0,0.35442773600668337,0.23403682818612323,0.6455722639933166
qt,FN,lofo,,,,,2ad213cc02094e003802530757fa4010720a22e6,1.0,0.3611111111111111,0.23222745890322405,0.6388888888888888
qt,FN,lofo,,,,,3786411f7f8770f28ba2a97cb646a0eb7a5eaa99,1.0,0.24269005847953215,0.38202352798313843,0.7573099415204678
qt,FN,lofo,,,,,9e99dba4a22bbf212b3e6d1e2607a16dbbd04d90,1.0,0.306390977443609,0.2687657910084557,0.693609022556391
qt,FN,lofo,,,,,f506e01665c9bf689887ccf057a03588829efeea,1.0,0.25355054302422725,0.3127257688999973,0.7464494569757727
qt,FN,lofo,,,,,18f7e6dc9f59159b70cb7e6a8745738f42d4f46f,1.0,0.3408521303258145,0.23981554142153813,0.6591478696741855
qt,FN,lofo,,,,,67ced4791ddabebfa19a2f101aa292b5eba60b90,1.0,0.4550960735171261,0.17808842763029387,0.5449039264828739
qt,FN,lofo,,,,,ac48071b185d17022d48c6379a2549ac2736cb8c,1.0,0.4074770258980785,0.20826369580983944,0.5925229741019216
qt,FN,lofo,,,,,895cb4681ee78caaf9b99c88390a74ff1d79ae61,1.0,0.33980785296574767,0.2534879523011028,0.6601921470342523
qt,FN,lofo,,,,,d8782b0cc680f09d605133bd37a44d290894c01e,1.0,0.4550960735171261,0.17808842763029387,0.5449039264828739
qt,FN,lofo,,,,,8cf186cc7c56144b02d5b40d8f4832ff3021e68a,1.0,0.4074770258980785,0.20826369580983944,0.5925229741019216
qt,FN,lofo,,,,,eaa54a8f9884652513c7c3ab489f31ff1e5d712c,1.0,0.26670843776106934,0.3208504558789939,0.7332915622389307
qt,FN,lofo,,,,,4e3917587b11432d2d892f5146b367de2a3e4864,1.0,0.4550960735171261,0.17808842763029387,0.5449039264828739
qt,FN,lofo,,,,,7e298e2f2ceeee1a2d1a81238ca019d9a0c9519f,1.0,0.23955722639933164,0.33518920727808965,0.7604427736006684
qt,FN,lofo,,,,,93dabeba9dc5f6cbab60e65b3cc8df5fe48745a9,1.0,0.3084795321637427,0.2656600384653752,0.6915204678362573
qt,FN,lofo,,,,,e6d17c8691bfafa033b82a4d81a9caf4a2fd1b85,1.0,0.35505430242272346,0.2534879523011028,0.6449456975772765
qt,FN,lofo,,,,,5303225aef739c534714c1ac1d4dd096f0cc38d0,1.0,0.3579782790309106,0.2919002062920763,0.6420217209690894
qt,FN,lofo,,,,,a69edf01cb0a2a06282dc7b89724ffa542f6546d,1.0,0.35505430242272346,0.2534879523011028,0.6449456975772765
qt,FN,lofo,,,,,6486a4bd196ca2bf0047ae80e78eee06e5e18e18,1.0,0.4550960735171261,0.17808842763029387,0.5449039264828739
qt,FN,lofo,,,,,5629823b05ca7d24924ac879b5a0469a3cb03e78,1.0,0.24519632414369255,0.31122544418470505,0.7548036758563075
qt,FN,lofo,,,,,cdbc4b83d59e08189d6ece9ccd88a646be155c08,1.0,0.35505430242272346,0.2534879523011028,0.6449456975772765
qt,TP,lofo,,,,,256bbc4f139036a780a63b80af8bb461a77d333a,1.0,0.45363408521303256,0.16553158853647848,0.5463659147869675
qt,TP,lofo,,,,,ae292be8690109940fdd9862321b2389a0957404,1.0,0.45989974937343353,0.16795955210932004,0.5401002506265664
qt,TP,lofo,,,,,fa7626713b3a943609453459190e16c49d61dfd3,1.0,0.38262322472848787,0.3146498686461539,0.6173767752715121
qt,TP,lofo,,,,,da8ace713a19d2a8c9831ddf50d17607bc4856cc,1.0,0.48642439431913115,0.16795955210932004,0.5135756056808689
qt,TP,lofo,,,,,d31304eab9e7424edc20fb83a8a19cd979458029,1.0,0.43170426065162903,0.18473771553196522,0.568295739348371
qt,TP,lofo,,,,,9bd30943bae136d28d42b9a9188a8586c963d461,1.0,0.35442773600668337,0.2683742260142021,0.6455722639933166
qt,TP,lofo,,,,,dfda6f14b3e210a33b71ef1c6fa3c75a9c866cce,1.0,0.22911445279866333,0.38131329107051637,0.7708855472013367
qt,TP,lofo,,,,,5dd76ba31c3c7cb9c0d9d97cd62f0d2f535a23f7,1.0,0.306390977443609,0.32494122085997384,0.693609022556391
qt,TP,lofo,,,,,267edbec198a0cedbf7bed4c3c5fa93c1dbc86bd,1.0,0.394110275689223,0.2118072311684303,0.605889724310777
qt,TP,lofo,,,,,9d23aebb271ea534a66cb3aceb2e63d9a1c870d6,1.0,0.48642439431913115,0.16795955210932004,0.5135756056808689
qt,TP,lofo,,,,,d3393ce25833c0afd7f0fa6b85fd6f3bd7ad520a,1.0,0.49122807017543857,0.1487534251138333,0.5087719298245614
qt,TP,lofo,,,,,03a1675eac4baf8c7a6e0602102bbafa3176771c,1.0,0.33563074352548034,0.341719384282619,0.6643692564745196
qt,TP,lofo,,,,,a50911bc0bfca1185e99ce6638fbf03cf592789d,1.0,0.3178780284043442,0.2875803530096888,0.6821219715956558
qt,TP,lofo,,,,,bb199cc8ad4111808260f6255312b08c7d81dcbc,1.0,0.39828738512949036,0.241304710377737,0.6017126148705096
qt,TP,lofo,,,,,b254b03dc3b1cfcfc5f17158d2470e0a9a946a0e,1.0,0.48642439431913115,0.16795955210932004,0.5135756056808689
qt,TP,lofo,,,,,1a7bc520c5df4da80b7e65acbec1f546f9c87870,1.0,0.3157894736842105,0.29406716421851403,0.6842105263157895
qt,TP,lofo,,,,,afbb57ae84ecbee5fab9eb6e58356b19d7995ea5,1.0,0.425438596491228,0.18473771553196522,0.574561403508772
qt,TP,lofo,,,,,17513266b81e88b84fda250734f07c94a198fabc,1.0,0.48642439431913115,0.16795955210932004,0.5135756056808689
qt,TP,lofo,,,,,a4f8b9ae6dfacf9ad5c190cde6098ebf13102f41,1.0,0.3617376775271512,0.23101335816391705,0.6382623224728488
qt,TP,lofo,,,,,fca89004d75412dd378cc44ad79ed3c1e05c765b,1.0,0.3387635756056809,0.2772890007958689,0.6612364243943192
