method,metric,prompt_variant,n,mean,sd,median,q1,q3
llm_counterfactual,overlap_at_k,full,8,0.845375,0.03134115277303717,0.8415,0.8327500000000001,0.8532500000000001
llm_counterfactual,overlap_at_k,no_semantics,8,0.76725,0.04715854717258128,0.7535000000000001,0.7335,0.78825
llm_counterfactual,overlap_at_k,no_grounding,8,0.8551249999999999,0.030572805376206935,0.8625,0.8294999999999999,0.87625
llm_counterfactual,overlap_at_k,no_constraints,8,0.832875,0.027869273915397008,0.833,0.8185,0.8487500000000001
llm_counterfactual,overlap_at_k,no_instance_context,8,0.755625,0.059545750718010354,0.7495,0.7145,0.81425
llm_counterfactual,rank_agreement_at_k,full,8,0.9026536458333334,0.045088182361657396,0.9121145833333334,0.8813541666666668,0.9338802083333333
llm_counterfactual,rank_agreement_at_k,no_semantics,8,0.8663203125000001,0.058731041074561965,0.8665,0.8109479166666667,0.9211822916666667
llm_counterfactual,rank_agreement_at_k,no_grounding,8,0.9099921874999999,0.03414586136562231,0.9101041666666665,0.8850989583333333,0.9339427083333334
llm_counterfactual,rank_agreement_at_k,no_constraints,8,0.8903125,0.03306858965882592,0.8973541666666667,0.8796041666666667,0.9151770833333334
llm_counterfactual,rank_agreement_at_k,no_instance_context,8,0.8647317708333333,0.01966030162554585,0.862625,0.8490520833333334,0.879171875
llm_counterfactual,direction_agreement_at_k,full,8,0.9405625,0.04867306199825235,0.9511666666666667,0.9096458333333333,0.9831875000000001
llm_counterfactual,direction_agreement_at_k,no_semantics,8,0.9251319444444444,0.0653644727599539,0.9424768518518518,0.8693171296296296,0.9779791666666667
llm_counterfactual,direction_agreement_at_k,no_grounding,8,0.95359375,0.04001236013151003,0.965625,0.9270624999999999,0.9822500000000001
llm_counterfactual,direction_agreement_at_k,no_constraints,8,0.9391666666666666,0.03807482712130755,0.9538333333333333,0.9332708333333334,0.9659999999999999
llm_counterfactual,direction_agreement_at_k,no_instance_context,8,0.9146145833333332,0.0219395334945918,0.9229583333333332,0.8920625000000001,0.9300625
llm_counterfactual,score_stability,full,8,0.8110269109265554,0.061567658081042365,0.8272619846006839,0.7523099125826735,0.857363007663794
llm_counterfactual,score_stability,no_semantics,8,0.6961666989917348,0.10743359526328393,0.6855712491993862,0.6122782251085628,0.7755843653442704
llm_counterfactual,score_stability,no_grounding,8,0.8262191678004525,0.05140441031094202,0.8268030487505988,0.7835270497209543,0.8590367321578976
llm_counterfactual,score_stability,no_constraints,8,0.7811347678967385,0.04219641990058274,0.7754241242086792,0.7675926519171472,0.8117716559042285
llm_counterfactual,score_stability,no_instance_context,8,0.716729650878839,0.09157753808307152,0.7471596497491491,0.6736458102467455,0.7755286254881535
llm_counterfactual,direction_consistency_rate,full,8,0.8458483698736081,0.0984917666281409,0.860219102215313,0.7829864961310952,0.9184558232931728
llm_counterfactual,direction_consistency_rate,no_semantics,8,0.8550490331547518,0.07117268841804698,0.855,0.8095,0.9000110663983903
llm_counterfactual,direction_consistency_rate,no_grounding,8,0.8445545865061973,0.09342031202364899,0.8536970812730635,0.8083717434869739,0.904
llm_counterfactual,direction_consistency_rate,no_constraints,8,0.8515257206592429,0.07509337414961961,0.8553235503264593,0.8187751004016064,0.9045000000000001
llm_counterfactual,direction_consistency_rate,no_instance_context,8,0.7599605380456658,0.0535412712496666,0.7583068145982053,0.7139149823578153,0.7901104455085803
llm_counterfactual,meaningful_effect_rate,full,8,0.724117359132747,0.12908398434472845,0.7663298484519239,0.630281690140845,0.8170000000000001
llm_counterfactual,meaningful_effect_rate,no_semantics,8,0.7016780401283201,0.1637276889849392,0.728,0.6300281124497993,0.803
llm_counterfactual,meaningful_effect_rate,no_grounding,8,0.7339344767554775,0.14243357694459033,0.7566486508370276,0.618,0.842
llm_counterfactual,meaningful_effect_rate,no_constraints,8,0.7201445570352065,0.12038836629651312,0.7568058956146517,0.6277343844315136,0.8194999999999999
llm_counterfactual,meaningful_effect_rate,no_instance_context,8,0.6846729579365765,0.12134818023396103,0.6856342129554733,0.6309300785981914,0.7644971537001897
llm_counterfactual,mean_delta_probability,full,8,-0.08539174508574668,0.08110137467712661,-0.08116641283499865,-0.1390802006867315,-0.02716878115630795
llm_counterfactual,mean_delta_probability,no_semantics,8,-0.07679422688215667,0.08104104243842218,-0.06579316615764165,-0.12302227183921347,-0.01868664459287745
llm_counterfactual,mean_delta_probability,no_grounding,8,-0.087677974067908,0.08356987066451917,-0.0819782332161379,-0.14363061109082526,-0.02956484128876035
llm_counterfactual,mean_delta_probability,no_constraints,8,-0.08494677671785897,0.08022658451474969,-0.08200409611079305,-0.1378877787569415,-0.028182557493080754
llm_counterfactual,mean_delta_probability,no_instance_context,8,-0.07903638582825094,0.0703638769276384,-0.07057918121355665,-0.1172251281050132,-0.032537630317265906
llm_counterfactual,mean_absolute_delta_probability,full,8,0.11159509454267615,0.06067641195485856,0.10419825853524514,0.06158884444739968,0.15095170108596895
llm_counterfactual,mean_absolute_delta_probability,no_semantics,8,0.10379859415890522,0.06262734991891233,0.09536509928023815,0.05574809046376435,0.13523649654308112
llm_counterfactual,mean_absolute_delta_probability,no_grounding,8,0.11410740109633724,0.06343910058783554,0.1038183895287751,0.06253785841284876,0.15465742974690896
llm_counterfactual,mean_absolute_delta_probability,no_constraints,8,0.11150968552369453,0.05963094863812702,0.1032375339481698,0.06381856929678201,0.15013101980805166
llm_counterfactual,mean_absolute_delta_probability,no_instance_context,8,0.10828356700888103,0.05591080366967101,0.10091128792247195,0.0647237476698895,0.13710685025796338
llm_counterfactual,normalized_feature_entropy,full,8,0.7933178653627905,0.03807429449789025,0.7923096608940643,0.7751698167768115,0.8198500712841508
llm_counterfactual,normalized_feature_entropy,no_semantics,8,0.8827799652578342,0.019615390305441755,0.8829331283235493,0.8689122054274482,0.893748086509926
llm_counterfactual,normalized_feature_entropy,no_grounding,8,0.7924131863493831,0.037752119877771974,0.7779425648383891,0.7626945233973337,0.8161784654974424
llm_counterfactual,normalized_feature_entropy,no_constraints,8,0.7883482932601567,0.03395156607015329,0.7811109052431631,0.771572504670391,0.7913926460338911
llm_counterfactual,normalized_feature_entropy,no_instance_context,8,0.7049724741035224,0.018732566002180304,0.7083006146756718,0.690242599023532,0.7173530548342981
llm_counterfactual,pairwise_jaccard_within_instance,full,8,0.7638149801587302,0.04119692756253455,0.758892857142857,0.740547619047619,0.7755327380952381
llm_counterfactual,pairwise_jaccard_within_instance,no_semantics,8,0.6632544642857142,0.06322551591238003,0.6409424603174603,0.6133045634920635,0.6987291666666666
llm_counterfactual,pairwise_jaccard_within_instance,no_grounding,8,0.7789494047619048,0.04394838138489797,0.7872678571428571,0.7421904761904762,0.8130744047619047
llm_counterfactual,pairwise_jaccard_within_instance,no_constraints,8,0.7427470238095237,0.04127870684416992,0.7401130952380952,0.7226845238095237,0.7724464285714285
llm_counterfactual,pairwise_jaccard_within_instance,no_instance_context,8,0.7298199404761905,0.06325420624695607,0.71,0.6806339285714286,0.7856607142857143
llm_counterfactual,pairwise_jaccard_between_instance,full,8,0.5500519214703424,0.07459835395630887,0.5546163742690058,0.49136136173767747,0.5760840852130326
llm_counterfactual,pairwise_jaccard_between_instance,no_semantics,8,0.39892446741854637,0.024399591308149962,0.3922289055973266,0.38282604427736006,0.4217328738512948
llm_counterfactual,pairwise_jaccard_between_instance,no_grounding,8,0.5522909983291562,0.06791104309483258,0.5724519632414369,0.5056846282372598,0.6051022556390977
llm_counterfactual,pairwise_jaccard_between_instance,no_constraints,8,0.5514412071846282,0.05752902575180927,0.55156328320802,0.5398583333333333,0.5697859649122806
llm_counterfactual,pairwise_jaccard_between_instance,no_instance_context,8,0.6457983709273183,0.06278991920814803,0.6248390977443609,0.600359649122807,0.705634335839599
llm_counterfactual,instance_idf_specificity,full,8,0.1093943733324747,0.02785960176849246,0.10425257448296975,0.0972474046491532,0.1214923001263222
llm_counterfactual,instance_idf_specificity,no_semantics,8,0.13711687943110543,0.02163177500968487,0.1335562836605619,0.12819026633611894,0.14585296176548884
llm_counterfactual,instance_idf_specificity,no_grounding,8,0.11849082702480267,0.02830694409501528,0.1065046081379855,0.10020802650027652,0.1435727336538518
llm_counterfactual,instance_idf_specificity,no_constraints,8,0.10011903452845017,0.020844878525393004,0.09965595101557045,0.08801376364641363,0.11186222542139262
llm_counterfactual,instance_idf_specificity,no_instance_context,8,0.05335848355924006,0.007576079007979893,0.0571875237537596,0.0457139928068778,0.058519717983352704
llm_counterfactual,separability_gap,full,8,0.2137630586883876,0.06714763011092395,0.18610545112781957,0.1731394841269841,0.2580188909774435
llm_counterfactual,separability_gap,no_semantics,8,0.26432999686716785,0.05672593599381361,0.2510747702589808,0.23912359022556384,0.28462412280701754
llm_counterfactual,separability_gap,no_grounding,8,0.2266584064327485,0.07479272938254239,0.21869005847953216,0.1674339494569757,0.28767627401837925
llm_counterfactual,separability_gap,no_constraints,8,0.19130581662489554,0.03331973648561098,0.1957586466165413,0.15792768379281535,0.21953268588137015
llm_counterfactual,separability_gap,no_instance_context,8,0.08402156954887215,0.010472089730357579,0.08576566416040095,0.08002243107769424,0.09107503132832079
llm_counterfactual,valid_interventions,full,8,498.125,1.4577379737113252,498.0,497.0,499.25
llm_counterfactual,valid_interventions,no_semantics,8,499.375,1.1877349391654208,500.0,499.5,500.0
llm_counterfactual,valid_interventions,no_grounding,8,498.125,2.4748737341529163,499.5,496.5,500.0
llm_counterfactual,valid_interventions,no_constraints,8,498.375,1.407885953173359,498.5,497.75,499.25
llm_counterfactual,valid_interventions,no_instance_context,8,457.375,15.221577729375776,461.5,452.5,465.25
llm_counterfactual,invalid_interventions,full,8,0.0,0.0,0.0,0.0,0.0
llm_counterfactual,invalid_interventions,no_semantics,8,0.0,0.0,0.0,0.0,0.0
llm_counterfactual,invalid_interventions,no_grounding,8,0.0,0.0,0.0,0.0,0.0
llm_counterfactual,invalid_interventions,no_constraints,8,0.0,0.0,0.0,0.0,0.0
llm_counterfactual,invalid_interventions,no_instance_context,8,0.0,0.0,0.0,0.0,0.0
llm_counterfactual,structural_compliance_rate,full,8,1.0,0.0,1.0,1.0,1.0
llm_counterfactual,structural_compliance_rate,no_semantics,8,1.0,0.0,1.0,1.0,1.0
llm_counterfactual,structural_compliance_rate,no_grounding,8,1.0,0.0,1.0,1.0,1.0
llm_counterfactual,structural_compliance_rate,no_constraints,8,1.0,0.0,1.0,1.0,1.0
llm_counterfactual,structural_compliance_rate,no_instance_context,8,1.0,0.0,1.0,1.0,1.0
llm_counterfactual,execution_success_rate,full,8,1.0,0.0,1.0,1.0,1.0
llm_counterfactual,execution_success_rate,no_semantics,8,1.0,0.0,1.0,1.0,1.0
llm_counterfactual,execution_success_rate,no_grounding,8,1.0,0.0,1.0,1.0,1.0
llm_counterfactual,execution_success_rate,no_constraints,8,1.0,0.0,1.0,1.0,1.0
llm_counterfactual,execution_success_rate,no_instance_context,8,1.0,0.0,1.0,1.0,1.0
llm_kernelshap,overlap_at_k,full,8,0.858625,0.04267129346193161,0.8385,0.8294999999999999,0.89875
llm_kernelshap,overlap_at_k,no_semantics,8,0.8302499999999999,0.018359505128718173,0.8295,0.816,0.83825
llm_kernelshap,overlap_at_k,no_grounding,8,0.86775,0.047079719625333395,0.873,0.82875,0.90425
llm_kernelshap,overlap_at_k,no_constraints,8,0.849,0.03260148988707638,0.8485,0.8205,0.87475
llm_kernelshap,overlap_at_k,no_instance_context,8,0.81275,0.018413892271093284,0.8069999999999999,0.8009999999999999,0.8255000000000001
llm_kernelshap,rank_agreement_at_k,full,8,0.9341953125,0.029009702933213772,0.9424479166666666,0.9070312500000002,0.9519062500000001
llm_kernelshap,rank_agreement_at_k,no_semantics,8,0.9165338541666667,0.015483513928014754,0.9157083333333333,0.9086770833333333,0.9245729166666665
llm_kernelshap,rank_agreement_at_k,no_grounding,8,0.9417760416666666,0.021248268924589336,0.9464583333333333,0.9255625000000001,0.9583385416666667
llm_kernelshap,rank_agreement_at_k,no_constraints,8,0.9373072916666666,0.02139885640186268,0.9429479166666666,0.9166145833333333,0.9527812499999999
llm_kernelshap,rank_agreement_at_k,no_instance_context,8,0.9159635416666667,0.015040701022624666,0.9202916666666667,0.9092291666666666,0.9271197916666665
llm_kernelshap,direction_agreement_at_k,full,8,0.9735104166666666,0.015445336116060915,0.97675,0.9734375,0.9804583333333334
llm_kernelshap,direction_agreement_at_k,no_semantics,8,0.96296875,0.015792926981998294,0.9619583333333335,0.9549791666666665,0.9692500000000001
llm_kernelshap,direction_agreement_at_k,no_grounding,8,0.9751562500000001,0.0098820863161742,0.9737083333333334,0.9707499999999999,0.9806874999999999
llm_kernelshap,direction_agreement_at_k,no_constraints,8,0.9773125,0.013618217694493083,0.9797499999999999,0.9660624999999999,0.9885
llm_kernelshap,direction_agreement_at_k,no_instance_context,8,0.9686145833333334,0.015570751063788635,0.9663333333333335,0.9626458333333334,0.9795625
llm_kernelshap,score_stability,full,8,0.8666504539452906,0.06708058248426484,0.8807773584651739,0.8055752134968917,0.9243916021360472
llm_kernelshap,score_stability,no_semantics,8,0.7709367805133482,0.04686655737759439,0.7704574994427187,0.7512158414469355,0.7830912028549948
llm_kernelshap,score_stability,no_grounding,8,0.87344528091733,0.06281097019958473,0.8828822916220556,0.8296546413301695,0.9288504470716853
llm_kernelshap,score_stability,no_constraints,8,0.8652892909503433,0.053811426173969105,0.8753668775632318,0.81604488851578,0.9094178979917674
llm_kernelshap,score_stability,no_instance_context,8,0.8411083261664363,0.03643708482419831,0.8456778827442659,0.8168443690057612,0.8676183851830527
llm_kernelshap,direction_consistency_rate,full,8,0.80375,0.08310707379210099,0.8009999999999999,0.729,0.875
llm_kernelshap,direction_consistency_rate,no_semantics,8,0.7402164328657315,0.10729933166080756,0.736,0.652,0.8365
llm_kernelshap,direction_consistency_rate,no_grounding,8,0.81475,0.08869812367157011,0.8049999999999999,0.7324999999999999,0.904
llm_kernelshap,direction_consistency_rate,no_constraints,8,0.808563126252505,0.07147537774751198,0.8027715430861724,0.7521392785571142,0.872
llm_kernelshap,direction_consistency_rate,no_instance_context,8,0.70475,0.042506302053762726,0.705,0.6745000000000001,0.7424999999999999
llm_kernelshap,meaningful_effect_rate,full,8,0.7465,0.15739940097907434,0.7569999999999999,0.611,0.891
llm_kernelshap,meaningful_effect_rate,no_semantics,8,0.7027299599198398,0.19135974467375477,0.724,0.595,0.8284599198396794
llm_kernelshap,meaningful_effect_rate,no_grounding,8,0.75475,0.1680303969099469,0.7689999999999999,0.6385000000000001,0.8945000000000001
llm_kernelshap,meaningful_effect_rate,no_constraints,8,0.7464714428857716,0.14832199591990847,0.7697014028056113,0.6304709418837675,0.8745
llm_kernelshap,meaningful_effect_rate,no_instance_context,8,0.6645000000000001,0.09060905032059435,0.665,0.629,0.727
llm_kernelshap,mean_delta_probability,full,8,-0.08968642821661521,0.09037728435511737,-0.0829519582069851,-0.1534755310259554,-0.0240860336544194
llm_kernelshap,mean_delta_probability,no_semantics,8,-0.08008841222762877,0.07919462960075296,-0.0724789696260832,-0.12758770348953227,-0.01616758602255655
llm_kernelshap,mean_delta_probability,no_grounding,8,-0.09062869202912976,0.09228882692197081,-0.08335631878953564,-0.1549089908479398,-0.022031280249157025
llm_kernelshap,mean_delta_probability,no_constraints,8,-0.08791656479791315,0.08795130895553196,-0.0819424307134656,-0.14851266692045306,-0.02503684757689837
llm_kernelshap,mean_delta_probability,no_instance_context,8,-0.0707366349683475,0.06511451799730635,-0.06399297547539035,-0.10500948872662583,-0.027515619290124575
llm_kernelshap,mean_absolute_delta_probability,full,8,0.11511784566156683,0.06732714898318103,0.10170512446092675,0.059433075274091446,0.15975514321433065
llm_kernelshap,mean_absolute_delta_probability,no_semantics,8,0.10096998709409384,0.06404476309495118,0.0920126242992703,0.0506061165667892,0.13611023488247498
llm_kernelshap,mean_absolute_delta_probability,no_grounding,8,0.1162762761993265,0.06910394158175358,0.10236575489212951,0.0622706672953853,0.16006453590197003
llm_kernelshap,mean_absolute_delta_probability,no_constraints,8,0.11497909300265874,0.06503330919953351,0.10349519907883839,0.06254399433974847,0.15831525671040636
llm_kernelshap,mean_absolute_delta_probability,no_instance_context,8,0.10164540933095337,0.04927410475652171,0.09446571390875275,0.06434224849414305,0.12596458615958353
llm_kernelshap,normalized_feature_entropy,full,8,0.8210838565597742,0.025297756884145567,0.8230508157273919,0.8028882064534328,0.8294688992467782
llm_kernelshap,normalized_feature_entropy,no_semantics,8,0.843603091481109,0.03162183869454057,0.8444698190149293,0.8405937142861785,0.8549750071053409
llm_kernelshap,normalized_feature_entropy,no_grounding,8,0.8251357347697004,0.018466163950104128,0.8272042890693259,0.8200568592896833,0.83776262385602
llm_kernelshap,normalized_feature_entropy,no_constraints,8,0.8045192762388254,0.020035703053562,0.805377274473073,0.7916586175529159,0.815153523495902
llm_kernelshap,normalized_feature_entropy,no_instance_context,8,0.7261391675241022,0.010987009529126375,0.7284604367949028,0.7174723958378665,0.7363057229506529
llm_kernelshap,pairwise_jaccard_within_instance,full,8,0.7772023809523809,0.06412141229778995,0.7491369047619048,0.7317261904761905,0.8368303571428571
llm_kernelshap,pairwise_jaccard_within_instance,no_semantics,8,0.7428745039682539,0.02509558500019652,0.7399503968253968,0.7292261904761905,0.7520089285714286
llm_kernelshap,pairwise_jaccard_within_instance,no_grounding,8,0.7915178571428572,0.06904779497983683,0.7961904761904761,0.7324553571428571,0.8450595238095238
llm_kernelshap,pairwise_jaccard_within_instance,no_constraints,8,0.7644613095238095,0.04801034711507656,0.7627678571428571,0.7253958333333332,0.8021874999999999
llm_kernelshap,pairwise_jaccard_within_instance,no_instance_context,8,0.7069791666666666,0.024087571840784826,0.7005357142857143,0.6910714285714286,0.7215476190476191
llm_kernelshap,pairwise_jaccard_between_instance,full,8,0.5030800960735171,0.04295429008459367,0.5057944862155388,0.4808936925647451,0.5367483291562238
llm_kernelshap,pairwise_jaccard_between_instance,no_semantics,8,0.47814542606516286,0.054160906494282866,0.4772096908939014,0.46025142021720966,0.48755158730158726
llm_kernelshap,pairwise_jaccard_between_instance,no_grounding,8,0.4966261487050961,0.037869979513016516,0.49566457811194653,0.4665768588137009,0.5117157477025898
llm_kernelshap,pairwise_jaccard_between_instance,no_constraints,8,0.5367823203842941,0.036160021073691415,0.5468923976608187,0.5098008563074352,0.5616968671679198
llm_kernelshap,pairwise_jaccard_between_instance,no_instance_context,8,0.7105197368421052,0.02593758212206159,0.7067305764411027,0.6868245614035088,0.7279523809523809
llm_kernelshap,instance_idf_specificity,full,8,0.13621408194939502,0.02240597716488376,0.1361073350981675,0.12930115007511772,0.14588571871117884
llm_kernelshap,instance_idf_specificity,no_semantics,8,0.1337666801171648,0.024946473411589096,0.1438641595031565,0.12572681779652664,0.14845403592948758
llm_kernelshap,instance_idf_specificity,no_grounding,8,0.14152751138266223,0.020233480778503267,0.14071095114204402,0.1325141743275181,0.14659848437782247
llm_kernelshap,instance_idf_specificity,no_constraints,8,0.12027375755773329,0.01679751931851555,0.1198160969208164,0.11047404233283942,0.12636751219967193
llm_kernelshap,instance_idf_specificity,no_instance_context,8,0.04167508896488467,0.005545950191016743,0.04303864295335025,0.0401011148691055,0.0461029326459777
llm_kernelshap,separability_gap,full,8,0.2741222848788638,0.07643520019396267,0.27522149122807016,0.2248222639933165,0.31507607560568085
llm_kernelshap,separability_gap,no_semantics,8,0.264729077903091,0.0671297891092324,0.27484749373433587,0.23850981620718453,0.306985484544695
llm_kernelshap,separability_gap,no_grounding,8,0.294891708437761,0.052441993302097145,0.3003162071846282,0.2551281850459482,0.31275334168755214
llm_kernelshap,separability_gap,no_constraints,8,0.22767898913951545,0.05897382565252063,0.22995258980785288,0.18005991019214695,0.26445822890559734
llm_kernelshap,separability_gap,no_instance_context,8,-0.003540570175438575,0.009008183566888437,-0.0033546365914787,-0.008944862155388424,0.000302631578947425
llm_kernelshap,valid_interventions,full,8,500.0,0.0,500.0,500.0,500.0
llm_kernelshap,valid_interventions,no_semantics,8,499.875,0.3535533905932738,500.0,500.0,500.0
llm_kernelshap,valid_interventions,no_grounding,8,500.0,0.0,500.0,500.0,500.0
llm_kernelshap,valid_interventions,no_constraints,8,499.625,0.5175491695067657,500.0,499.0,500.0
llm_kernelshap,valid_interventions,no_instance_context,8,500.0,0.0,500.0,500.0,500.0
llm_kernelshap,invalid_interventions,full,8,0.0,0.0,0.0,0.0,0.0
llm_kernelshap,invalid_interventions,no_semantics,8,0.0,0.0,0.0,0.0,0.0
llm_kernelshap,invalid_interventions,no_grounding,8,0.0,0.0,0.0,0.0,0.0
llm_kernelshap,invalid_interventions,no_constraints,8,0.0,0.0,0.0,0.0,0.0
llm_kernelshap,invalid_interventions,no_instance_context,8,0.0,0.0,0.0,0.0,0.0
llm_kernelshap,structural_compliance_rate,full,8,1.0,0.0,1.0,1.0,1.0
llm_kernelshap,structural_compliance_rate,no_semantics,8,1.0,0.0,1.0,1.0,1.0
llm_kernelshap,structural_compliance_rate,no_grounding,8,1.0,0.0,1.0,1.0,1.0
llm_kernelshap,structural_compliance_rate,no_constraints,8,1.0,0.0,1.0,1.0,1.0
llm_kernelshap,structural_compliance_rate,no_instance_context,8,1.0,0.0,1.0,1.0,1.0
llm_kernelshap,execution_success_rate,full,8,1.0,0.0,1.0,1.0,1.0
llm_kernelshap,execution_success_rate,no_semantics,8,1.0,0.0,1.0,1.0,1.0
llm_kernelshap,execution_success_rate,no_grounding,8,1.0,0.0,1.0,1.0,1.0
llm_kernelshap,execution_success_rate,no_constraints,8,1.0,0.0,1.0,1.0,1.0
llm_kernelshap,execution_success_rate,no_instance_context,8,1.0,0.0,1.0,1.0,1.0
llm_lime,overlap_at_k,full,8,0.834125,0.04350841462127923,0.8285,0.8095,0.8657500000000001
llm_lime,overlap_at_k,no_semantics,8,0.8123750000000001,0.03220442516176932,0.7985,0.7865,0.8372499999999999
llm_lime,overlap_at_k,no_grounding,8,0.8325,0.04819009975384688,0.8220000000000001,0.7979999999999999,0.85575
llm_lime,overlap_at_k,no_constraints,8,0.8278749999999999,0.04687807132795217,0.839,0.81275,0.85775
llm_lime,overlap_at_k,no_instance_context,8,0.762875,0.03026755688852338,0.768,0.7395,0.7855000000000001
llm_lime,rank_agreement_at_k,full,8,0.9000078125000001,0.03903059242475428,0.9135312500000001,0.8595625,0.9282343750000002
llm_lime,rank_agreement_at_k,no_semantics,8,0.8994557291666667,0.03183032474076691,0.9111041666666666,0.8647812500000001,0.9160624999999999
llm_lime,rank_agreement_at_k,no_grounding,8,0.9053020833333334,0.03669561898075786,0.9056145833333333,0.8869895833333333,0.9284375
llm_lime,rank_agreement_at_k,no_constraints,8,0.8755598958333333,0.02880153989089483,0.87975,0.8597812499999999,0.8875989583333334
llm_lime,rank_agreement_at_k,no_instance_context,8,0.88784375,0.040778580273557664,0.8956041666666668,0.8602864583333333,0.9198437500000001
llm_lime,direction_agreement_at_k,full,8,0.9541041666666666,0.03064070297123465,0.9595833333333332,0.9476874999999999,0.9657916666666666
llm_lime,direction_agreement_at_k,no_semantics,8,0.9643124999999999,0.03654128318743234,0.9810416666666666,0.9442708333333334,0.9877708333333333
llm_lime,direction_agreement_at_k,no_grounding,8,0.9569479166666667,0.035751926840625836,0.9615833333333332,0.9467916666666667,0.98
llm_lime,direction_agreement_at_k,no_constraints,8,0.9413125,0.023034426874323853,0.9328749999999999,0.924375,0.9605625
llm_lime,direction_agreement_at_k,no_instance_context,8,0.9451354166666667,0.035505838372466986,0.9526666666666668,0.9130208333333334,0.9791458333333334
llm_lime,score_stability,full,8,0.7989021601526003,0.06787409285737467,0.8163472361259014,0.7407254390513629,0.8318488734977265
llm_lime,score_stability,no_semantics,8,0.77139150563726,0.056617869698805945,0.7846775072447882,0.7224375057769687,0.8052471657056199
llm_lime,score_stability,no_grounding,8,0.8060663127544772,0.07135965280875992,0.8015565430571463,0.7457321800982429,0.8531970751606639
llm_lime,score_stability,no_constraints,8,0.7652349484110078,0.05443054272422845,0.7716561674551663,0.723798683296982,0.805773323977461
llm_lime,score_stability,no_instance_context,8,0.7645405553429248,0.061965670507966863,0.7453325665098888,0.722847309644308,0.824035854598629
llm_lime,direction_consistency_rate,full,8,0.8889985464555463,0.046816255160402546,0.8772671330483224,0.8638851179365349,0.917
llm_lime,direction_consistency_rate,no_semantics,8,0.8853927855711422,0.05333906728682889,0.8899038076152304,0.836,0.9198396793587174
llm_lime,direction_consistency_rate,no_grounding,8,0.8801488189961522,0.055688623499103855,0.8661504827837493,0.8461923847695391,0.911
llm_lime,direction_consistency_rate,no_constraints,8,0.8673733116034499,0.03746297418893133,0.8603003563549975,0.8420301204819277,0.8914539078156313
llm_lime,direction_consistency_rate,no_instance_context,8,0.7608406487677505,0.05726172244850865,0.7560816125860375,0.7436169445045826,0.787440718668568
llm_lime,meaningful_effect_rate,full,8,0.7327697740345644,0.13639822934346127,0.7610069233033472,0.6327734552476147,0.8525421686746988
llm_lime,meaningful_effect_rate,no_semantics,8,0.7072349699398798,0.16012186968407321,0.7366693386773547,0.5783837675350701,0.8331663326653307
llm_lime,meaningful_effect_rate,no_grounding,8,0.736877451141787,0.14394399719233467,0.7532937360665106,0.654308617234469,0.8557272727272727
llm_lime,meaningful_effect_rate,no_constraints,8,0.7152064647828541,0.12006133206208311,0.7420172336624961,0.6285140562248996,0.8204138276553106
llm_lime,meaningful_effect_rate,no_instance_context,8,0.6977547081068757,0.11428149920820391,0.7058093382406003,0.6536866757529802,0.7616280266842366
llm_lime,mean_delta_probability,full,8,-0.08526360327578132,0.08522947683669645,-0.0781873724100822,-0.14577710433563412,-0.02600867933171655
llm_lime,mean_delta_probability,no_semantics,8,-0.07997349908564258,0.0816306892530975,-0.0753859382701274,-0.12788236660169267,-0.017656008372063325
llm_lime,mean_delta_probability,no_grounding,8,-0.08772353253050925,0.0872673007832939,-0.08174519440045169,-0.14348720430525605,-0.02745676701881273
llm_lime,mean_delta_probability,no_constraints,8,-0.08251837888447218,0.08142193890485676,-0.07669833261344895,-0.13767119384717824,-0.02538964424251825
llm_lime,mean_delta_probability,no_instance_context,8,-0.08231853513116602,0.07064252156305131,-0.07526290555412729,-0.12191645950532662,-0.03458943570274437
llm_lime,mean_absolute_delta_probability,full,8,0.11296226014682671,0.06264888334187779,0.102266206180583,0.06221042820205487,0.1563414298173249
llm_lime,mean_absolute_delta_probability,no_semantics,8,0.1038501939415509,0.06469019658577188,0.09428908661165336,0.0476860153462821,0.13976903366833865
llm_lime,mean_absolute_delta_probability,no_grounding,8,0.1154538781908474,0.06589900206506127,0.10493786131679125,0.0628094097531168,0.15596790234425
llm_lime,mean_absolute_delta_probability,no_constraints,8,0.11052791413743823,0.06034611870149147,0.10074868586575325,0.06069844849779575,0.15077122910508547
llm_lime,mean_absolute_delta_probability,no_instance_context,8,0.11189103746824897,0.05623178638657416,0.10615103779968085,0.06942569834233425,0.1428685583155308
llm_lime,normalized_feature_entropy,full,8,0.802308508507903,0.02607202096192531,0.7967024892733143,0.7800989975318947,0.8148296375036816
llm_lime,normalized_feature_entropy,no_semantics,8,0.8570213668883973,0.016719425046803273,0.8571504099265056,0.8495327072234996,0.868007752102398
llm_lime,normalized_feature_entropy,no_grounding,8,0.808504253256283,0.03522611669509298,0.8064438871482457,0.7873927119663823,0.8309231838354846
llm_lime,normalized_feature_entropy,no_constraints,8,0.7900970763480584,0.017891031555116833,0.7885709229515057,0.7815002566404393,0.8003790177272961
llm_lime,normalized_feature_entropy,no_instance_context,8,0.6963015710939277,0.009420353091049062,0.7004116811727418,0.6932407845190763,0.7020644512923424
llm_lime,pairwise_jaccard_within_instance,full,8,0.7471909722222223,0.060552049832601325,0.7366309523809524,0.7096845238095237,0.7929583333333333
llm_lime,pairwise_jaccard_within_instance,no_semantics,8,0.7201202876984127,0.04292409650684836,0.7044494047619048,0.6836001984126985,0.7505386904761905
llm_lime,pairwise_jaccard_within_instance,no_grounding,8,0.7490128968253968,0.06949378262722586,0.7306130952380953,0.6977807539682539,0.7883650793650794
llm_lime,pairwise_jaccard_within_instance,no_constraints,8,0.7393720238095238,0.06371344736427698,0.752797619047619,0.7123214285714285,0.7861130952380952
llm_lime,pairwise_jaccard_within_instance,no_instance_context,8,0.7538437499999999,0.028522146724996606,0.7493571428571428,0.7328779761904762,0.772172619047619
llm_lime,pairwise_jaccard_between_instance,full,8,0.5298890873015872,0.04657959543600065,0.5270144527986633,0.4976284043441938,0.5717475355054302
llm_lime,pairwise_jaccard_between_instance,no_semantics,8,0.43620850041771086,0.031163721080463065,0.43713032581453626,0.41967669172932326,0.4610409983291562
llm_lime,pairwise_jaccard_between_instance,no_grounding,8,0.5163520050125313,0.05981819788975416,0.5140249373433583,0.4779069966583124,0.5420131996658313
llm_lime,pairwise_jaccard_between_instance,no_constraints,8,0.5484092522974102,0.03821008546747162,0.5468847117794486,0.5296856725146198,0.5722986215538847
llm_lime,pairwise_jaccard_between_instance,no_instance_context,8,0.6721105263157894,0.030009182941032966,0.6815501253132832,0.6661530075187969,0.6857285714285714
llm_lime,instance_idf_specificity,full,8,0.11414620916783404,0.0197919605252689,0.11802121031199894,0.1029976901119023,0.12430571623514877
llm_lime,instance_idf_specificity,no_semantics,8,0.13735514882938699,0.017709708941041204,0.1416728691226612,0.1318363189593742,0.15075643635823793
llm_lime,instance_idf_specificity,no_grounding,8,0.11845423835083314,0.02272001766229239,0.1229027901114795,0.10007013596335895,0.1360268304965998
llm_lime,instance_idf_specificity,no_constraints,8,0.10116717133173203,0.017965397592358774,0.10279780837005865,0.08957755426078247,0.1090638269945105
llm_lime,instance_idf_specificity,no_instance_context,8,0.062260101675329686,0.011143541688577044,0.0625803057746705,0.05602872572773225,0.06771994825173205
llm_lime,separability_gap,full,8,0.2173018849206349,0.05905870207823347,0.22156269841269838,0.17055230785296566,0.2664346282372599
llm_lime,separability_gap,no_semantics,8,0.2839117872807017,0.05118140686293752,0.3072956453634085,0.23478067042606518,0.32253904553049284
llm_lime,separability_gap,no_grounding,8,0.23266089181286548,0.0623624694230802,0.22340756056808686,0.1868462301587301,0.2885192878028404
llm_lime,separability_gap,no_constraints,8,0.19096277151211355,0.05680653610181616,0.19086301169590641,0.1549400375939849,0.2225814327485379
llm_lime,separability_gap,no_instance_context,8,0.08173322368421049,0.023064829044424768,0.07974223057644106,0.07126503759398495,0.09343001253132827
llm_lime,valid_interventions,full,8,498.125,1.4577379737113252,498.0,497.0,499.25
llm_lime,valid_interventions,no_semantics,8,499.5,0.5345224838248488,499.5,499.0,500.0
llm_lime,valid_interventions,no_grounding,8,498.625,1.5979898086569353,499.0,498.75,499.25
llm_lime,valid_interventions,no_constraints,8,498.5,1.1952286093343936,498.5,497.75,499.25
llm_lime,valid_interventions,no_instance_context,8,454.0,17.936395560822294,456.5,449.25,465.5
llm_lime,invalid_interventions,full,8,0.0,0.0,0.0,0.0,0.0
llm_lime,invalid_interventions,no_semantics,8,0.0,0.0,0.0,0.0,0.0
llm_lime,invalid_interventions,no_grounding,8,0.0,0.0,0.0,0.0,0.0
llm_lime,invalid_interventions,no_constraints,8,0.0,0.0,0.0,0.0,0.0
llm_lime,invalid_interventions,no_instance_context,8,0.0,0.0,0.0,0.0,0.0
llm_lime,structural_compliance_rate,full,8,1.0,0.0,1.0,1.0,1.0
llm_lime,structural_compliance_rate,no_semantics,8,1.0,0.0,1.0,1.0,1.0
llm_lime,structural_compliance_rate,no_grounding,8,1.0,0.0,1.0,1.0,1.0
llm_lime,structural_compliance_rate,no_constraints,8,1.0,0.0,1.0,1.0,1.0
llm_lime,structural_compliance_rate,no_instance_context,8,1.0,0.0,1.0,1.0,1.0
llm_lime,execution_success_rate,full,8,1.0,0.0,1.0,1.0,1.0
llm_lime,execution_success_rate,no_semantics,8,1.0,0.0,1.0,1.0,1.0
llm_lime,execution_success_rate,no_grounding,8,1.0,0.0,1.0,1.0,1.0
llm_lime,execution_success_rate,no_constraints,8,1.0,0.0,1.0,1.0,1.0
llm_lime,execution_success_rate,no_instance_context,8,1.0,0.0,1.0,1.0,1.0
llm_lofo,overlap_at_k,full,8,0.818875,0.05056378574208448,0.8374999999999999,0.7827500000000001,0.8515
llm_lofo,overlap_at_k,no_semantics,8,0.68125,0.10490914436515326,0.6805,0.60825,0.763
llm_lofo,overlap_at_k,no_grounding,8,0.8158750000000001,0.046756015655742104,0.8145,0.78,0.852
llm_lofo,overlap_at_k,no_constraints,8,0.701375,0.04238577086037922,0.7184999999999999,0.6935,0.7230000000000001
llm_lofo,overlap_at_k,no_instance_context,8,0.6220000000000001,0.08514357621939878,0.641,0.5775,0.66875
llm_lofo,rank_agreement_at_k,full,8,0.9432473958333334,0.024599599737183973,0.95171875,0.9373489583333334,0.9600520833333333
llm_lofo,rank_agreement_at_k,no_semantics,8,0.8086354166666666,0.07952579804417871,0.8234375,0.7500625000000001,0.8738229166666667
llm_lofo,rank_agreement_at_k,no_grounding,8,0.9420651041666667,0.01867898734252908,0.9361979166666665,0.929609375,0.9603333333333334
llm_lofo,rank_agreement_at_k,no_constraints,8,0.8761796875,0.04104032953088307,0.8822395833333334,0.8708333333333333,0.8929374999999999
llm_lofo,rank_agreement_at_k,no_instance_context,8,0.8888984375,0.027019490773040587,0.8917395833333333,0.8806770833333333,0.9079166666666666
llm_lofo,direction_agreement_at_k,full,8,1.0,0.0,1.0,1.0,1.0
llm_lofo,direction_agreement_at_k,no_semantics,8,0.9864895833333334,0.015064309069389643,0.9902500000000001,0.9777083333333333,1.0
llm_lofo,direction_agreement_at_k,no_grounding,8,1.0,0.0,1.0,1.0,1.0
llm_lofo,direction_agreement_at_k,no_constraints,8,0.9849553571428572,0.01616278488006828,0.9871130952380952,0.9761875,1.0
llm_lofo,direction_agreement_at_k,no_instance_context,8,0.9749613095238095,0.030085136424378548,0.9889583333333334,0.9486517857142858,1.0
llm_lofo,score_stability,full,8,0.8192234153933854,0.09218541020737407,0.8573960113188426,0.75302149991206,0.8906227520490486
llm_lofo,score_stability,no_semantics,8,0.6719526144166872,0.10295219835612927,0.6691533667436826,0.6034031219526775,0.7495421335923693
llm_lofo,score_stability,no_grounding,8,0.8221116410765231,0.07136991062579907,0.812295323127846,0.7713843552494827,0.8875462461944709
llm_lofo,score_stability,no_constraints,8,0.7157655023773972,0.04815543438709367,0.7273536678673356,0.6964907606190929,0.7455067475212216
llm_lofo,score_stability,no_instance_context,8,0.7660520322577107,0.027663406794973203,0.7632362677087322,0.755843932269647,0.7744655401578154
llm_lofo,direction_consistency_rate,full,8,0.8696983179350262,0.06402589201193436,0.8481376518218624,0.8320624927851712,0.9037824685840135
llm_lofo,direction_consistency_rate,no_semantics,8,0.8605321576891075,0.055046219562717165,0.8550794524536319,0.823975501065453,0.8759686793671294
llm_lofo,direction_consistency_rate,no_grounding,8,0.8765502442732961,0.06338567133328976,0.8541264346875569,0.8441955193482689,0.8995
llm_lofo,direction_consistency_rate,no_constraints,8,0.8927160858808503,0.05541426933911892,0.8703361638406427,0.8506283250779674,0.9274915540540539
llm_lofo,direction_consistency_rate,no_instance_context,8,0.8894572865222787,0.06477294368553858,0.9177684306943222,0.8542865175829404,0.9254368932038836
llm_lofo,meaningful_effect_rate,full,8,0.7318790868250936,0.15928273428518128,0.756,0.6181077771731065,0.8587081117994244
llm_lofo,meaningful_effect_rate,no_semantics,8,0.6758193562751393,0.18787918320356872,0.6670971908298353,0.584810487687859,0.7725814793199816
llm_lofo,meaningful_effect_rate,no_grounding,8,0.7330963781920398,0.15778477880433797,0.7602913738226961,0.6135437881873727,0.8687222222222222
llm_lofo,meaningful_effect_rate,no_constraints,8,0.6913238404164777,0.13002321295430253,0.7192160281094002,0.5770250903959784,0.7771745544671309
llm_lofo,meaningful_effect_rate,no_instance_context,8,0.7134627189414896,0.14244089309594282,0.762734008454499,0.5714960277982035,0.8073047858942066
llm_lofo,mean_delta_probability,full,8,-0.08593522267556104,0.08899242533904689,-0.0785582544986783,-0.14711199081133094,-0.0190401719733805
llm_lofo,mean_delta_probability,no_semantics,8,-0.07244595922299404,0.07685846501130106,-0.05553459872512025,-0.10488839038988805,-0.017785279116962226
llm_lofo,mean_delta_probability,no_grounding,8,-0.0870178455251994,0.08852837190326988,-0.0807336566310789,-0.14817620963473177,-0.02258097528846025
llm_lofo,mean_delta_probability,no_constraints,8,-0.07248156182670139,0.07346889231591681,-0.06927577053935216,-0.11616017011839713,-0.021668112813098925
llm_lofo,mean_delta_probability,no_instance_context,8,-0.08052350338097021,0.0859008637316509,-0.0784103699729671,-0.1442877387811841,-0.011322108907450874
llm_lofo,mean_absolute_delta_probability,full,8,0.11254209272025918,0.06638153705850224,0.10163612932345015,0.05754589087555712,0.15552728405035782
llm_lofo,mean_absolute_delta_probability,no_semantics,8,0.09510017317360206,0.0635510148509494,0.07784364128699045,0.04863724073658712,0.11948624470305579
llm_lofo,mean_absolute_delta_probability,no_grounding,8,0.11417608251631248,0.06508123687003688,0.10414241809240041,0.06199331283629618,0.15615068766893217
llm_lofo,mean_absolute_delta_probability,no_constraints,8,0.0995901397049094,0.05489129560500363,0.0914179679840349,0.05265543731787055,0.13094184522429814
llm_lofo,mean_absolute_delta_probability,no_instance_context,8,0.11071924022478952,0.0602681803545654,0.10205882432227606,0.058103835913465504,0.15021212744830692
llm_lofo,normalized_feature_entropy,full,8,0.8457465145859469,0.029319240883431023,0.8535404467000147,0.8277472544802991,0.8700434378013351
llm_lofo,normalized_feature_entropy,no_semantics,8,0.9015325590128209,0.05084831578095658,0.9019636586135333,0.8687768462563451,0.9378311521951276
llm_lofo,normalized_feature_entropy,no_grounding,8,0.8435632233976125,0.030268901408433753,0.8516656304548187,0.8258631198461297,0.8680131668516475
llm_lofo,normalized_feature_entropy,no_constraints,8,0.8784724552071376,0.014696480561007629,0.8779514618064892,0.8700431057660216,0.8873666659777009
llm_lofo,normalized_feature_entropy,no_instance_context,8,0.6989756754234768,0.03589371123654049,0.6919999926944636,0.669482116789472,0.7305011469191693
llm_lofo,pairwise_jaccard_within_instance,full,8,0.7412628968253968,0.06442643795744352,0.7644166666666666,0.7172440476190476,0.7802053571428571
llm_lofo,pairwise_jaccard_within_instance,no_semantics,8,0.648281994047619,0.11046269206184832,0.6438938492063492,0.5687668650793651,0.7358214285714285
llm_lofo,pairwise_jaccard_within_instance,no_grounding,8,0.7397093253968254,0.05265717605963284,0.7486111111111111,0.6926636904761905,0.7715892857142856
llm_lofo,pairwise_jaccard_within_instance,no_constraints,8,0.6559600694444444,0.05393356174150516,0.6538878968253968,0.6272172619047618,0.6772628968253969
llm_lofo,pairwise_jaccard_within_instance,no_instance_context,8,0.7036875,0.0888479818041317,0.6956607142857143,0.6338333333333334,0.7894880952380952
llm_lofo,pairwise_jaccard_between_instance,full,8,0.4473828842940685,0.039078075828666584,0.4399842522974101,0.42001854636591474,0.46567151211361735
llm_lofo,pairwise_jaccard_between_instance,no_semantics,8,0.38362215956558054,0.08663931111957475,0.38834494569757727,0.3134008771929824,0.4288559523809523
llm_lofo,pairwise_jaccard_between_instance,no_grounding,8,0.45968447159565573,0.0496551676408483,0.45469895572263985,0.4258930451127819,0.48082736006683374
llm_lofo,pairwise_jaccard_between_instance,no_constraints,8,0.3811899644945697,0.034680480842360396,0.37440179615705926,0.36029651211361735,0.39870271512113614
llm_lofo,pairwise_jaccard_between_instance,no_instance_context,8,0.5637838972431077,0.08564529780111263,0.5709197994987469,0.5172367167919799,0.6131358395989975
llm_lofo,instance_idf_specificity,full,8,0.14422881339417637,0.025359556201811875,0.1418569244955905,0.1269203902503901,0.16376260625919586
llm_lofo,instance_idf_specificity,no_semantics,8,0.14677641290177762,0.02249768365263706,0.14235952173231337,0.1292396626947761,0.1601699582432932
llm_lofo,instance_idf_specificity,no_grounding,8,0.14333953683930328,0.023514424087178163,0.15098758160087725,0.1353969892496733,0.15570575906993717
llm_lofo,instance_idf_specificity,no_constraints,8,0.1446494141864158,0.020716663203941315,0.15299564714057284,0.12698612437930193,0.15622178527869302
llm_lofo,instance_idf_specificity,no_instance_context,8,0.10826714182584518,0.011867183230346025,0.10666828165748965,0.09965543807268783,0.11777333117271893
llm_lofo,separability_gap,full,8,0.2938800125313283,0.06715672829870879,0.3095749582289056,0.24095791562238927,0.35349305555555555
llm_lofo,separability_gap,no_semantics,8,0.26465983448203845,0.06046996265510486,0.26373477443609017,0.21414503446115288,0.29112044695071015
llm_lofo,separability_gap,no_grounding,8,0.2800248538011696,0.06816061545015177,0.2881984544695071,0.2543820906432748,0.31899159356725143
llm_lofo,separability_gap,no_constraints,8,0.27477010494987464,0.06387450442596344,0.2821696846282372,0.22642426900584786,0.3224890455304929
llm_lofo,separability_gap,no_instance_context,8,0.13990360275689218,0.04610322682957386,0.145340977443609,0.11578793859649122,0.1760690476190476
llm_lofo,valid_interventions,full,8,494.125,6.468329437674439,495.0,492.75,498.5
llm_lofo,valid_interventions,no_semantics,8,470.625,20.618559600515262,480.0,456.75,484.5
llm_lofo,valid_interventions,no_grounding,8,493.625,6.674846172652328,494.0,491.0,499.25
llm_lofo,valid_interventions,no_constraints,8,469.125,16.974245196767956,467.0,457.75,481.75
llm_lofo,valid_interventions,no_instance_context,8,384.25,36.102037932188026,397.0,375.75,403.0
llm_lofo,invalid_interventions,full,8,0.0,0.0,0.0,0.0,0.0
llm_lofo,invalid_interventions,no_semantics,8,0.0,0.0,0.0,0.0,0.0
llm_lofo,invalid_interventions,no_grounding,8,0.0,0.0,0.0,0.0,0.0
llm_lofo,invalid_interventions,no_constraints,8,0.0,0.0,0.0,0.0,0.0
llm_lofo,invalid_interventions,no_instance_context,8,0.0,0.0,0.0,0.0,0.0
llm_lofo,structural_compliance_rate,full,8,1.0,0.0,1.0,1.0,1.0
llm_lofo,structural_compliance_rate,no_semantics,8,0.99875,0.0035355339059327407,1.0,1.0,1.0
llm_lofo,structural_compliance_rate,no_grounding,8,1.0,0.0,1.0,1.0,1.0
llm_lofo,structural_compliance_rate,no_constraints,8,0.99875,0.0035355339059327407,1.0,1.0,1.0
llm_lofo,structural_compliance_rate,no_instance_context,8,0.98875,0.01726888200533799,0.995,0.9875,1.0
llm_lofo,execution_success_rate,full,8,1.0,0.0,1.0,1.0,1.0
llm_lofo,execution_success_rate,no_semantics,8,1.0,0.0,1.0,1.0,1.0
llm_lofo,execution_success_rate,no_grounding,8,1.0,0.0,1.0,1.0,1.0
llm_lofo,execution_success_rate,no_constraints,8,1.0,0.0,1.0,1.0,1.0
llm_lofo,execution_success_rate,no_instance_context,8,1.0,0.0,1.0,1.0,1.0
