dataset,metric,prompt_variant,n,mean,sd,median,q1,q3
openstack,overlap_at_k,full,16,0.8207500000000001,0.04052242177692082,0.8334999999999999,0.796,0.8434999999999999
openstack,overlap_at_k,no_semantics,16,0.792125,0.052267102464169574,0.8095000000000001,0.76175,0.827
openstack,overlap_at_k,no_grounding,16,0.8354375,0.04234929161154882,0.8394999999999999,0.80625,0.85975
openstack,overlap_at_k,no_constraints,16,0.7958125,0.05844338428485013,0.8105,0.738,0.8445
openstack,overlap_at_k,no_instance_context,16,0.73625,0.05264662065761359,0.728,0.71,0.79125
openstack,rank_agreement_at_k,full,16,0.91128125,0.038075414779725626,0.9111666666666669,0.9009375000000001,0.9406927083333333
openstack,rank_agreement_at_k,no_semantics,16,0.8888203125,0.0390669037332528,0.8985729166666667,0.8661927083333334,0.9148333333333333
openstack,rank_agreement_at_k,no_grounding,16,0.9226901041666666,0.03292811235166667,0.9233645833333333,0.904484375,0.9541354166666667
openstack,rank_agreement_at_k,no_constraints,16,0.8968203125,0.028981072082697325,0.8865729166666667,0.8785260416666667,0.916890625
openstack,rank_agreement_at_k,no_instance_context,16,0.8972903645833333,0.02696760366619744,0.8931875,0.8841875,0.9198437500000001
openstack,direction_agreement_at_k,full,16,0.9639375,0.0354244827976568,0.9656666666666667,0.9558125,0.9871249999999999
openstack,direction_agreement_at_k,no_semantics,16,0.9694305555555556,0.03694942337810422,0.9810416666666666,0.9549791666666665,0.9953749999999999
openstack,direction_agreement_at_k,no_grounding,16,0.9689479166666666,0.03052714146035855,0.974625,0.9517499999999999,0.99925
openstack,direction_agreement_at_k,no_constraints,16,0.96028125,0.030238387348607815,0.9612083333333334,0.9422083333333333,0.9826874999999999
openstack,direction_agreement_at_k,no_instance_context,16,0.9580431547619048,0.02230757596610959,0.9626250000000002,0.9391249999999999,0.9788125
openstack,score_stability,full,16,0.8003743194692959,0.07827134915290063,0.8143168392637913,0.7305806534797132,0.8659076455985378
openstack,score_stability,no_semantics,16,0.7376642842616967,0.06883419147496174,0.7599941102168255,0.719582153975304,0.7792937564220865
openstack,score_stability,no_grounding,16,0.826932899358326,0.0671975916339502,0.8284922480747026,0.7680839524142283,0.8875462461944709
openstack,score_stability,no_constraints,16,0.7732940142213884,0.06402390794614503,0.7687050023898708,0.7376996786408527,0.7806417326507019
openstack,score_stability,no_instance_context,16,0.7610403430037178,0.08409023608466608,0.7666565524505422,0.7480837577466576,0.8199244278384852
openstack,direction_consistency_rate,full,16,0.8357306231310138,0.06721247214322205,0.8577151166105947,0.8221370908377093,0.8815524193548387
openstack,direction_consistency_rate,no_semantics,16,0.8250514790502104,0.07908176998376808,0.8441954261954262,0.809576207629984,0.878
openstack,direction_consistency_rate,no_grounding,16,0.8398286772250018,0.057067076883763376,0.8545454545454545,0.8264078156312625,0.878816633266533
openstack,direction_consistency_rate,no_constraints,16,0.8441145343218807,0.0520209794906706,0.8531916793143469,0.8228837192457203,0.8748415269756303
openstack,direction_consistency_rate,no_instance_context,16,0.7726169018552642,0.09226492814792711,0.761637168141593,0.6976176470588235,0.8295917662499137
openstack,meaningful_effect_rate,full,16,0.7803440539963724,0.11217487718977763,0.7949221433015765,0.6814839034205231,0.8786599190283401
openstack,meaningful_effect_rate,no_semantics,16,0.7780928650366419,0.13270628977363536,0.7728557114228456,0.6680040080160321,0.8978128834355829
openstack,meaningful_effect_rate,no_grounding,16,0.7966166369472867,0.11740530840625155,0.8067294589178357,0.6998436873747494,0.8962267206477733
openstack,meaningful_effect_rate,no_constraints,16,0.7624234817347791,0.10197884604607117,0.7812975348286936,0.6790663681419724,0.8408059242552086
openstack,meaningful_effect_rate,no_instance_context,16,0.757678789779669,0.08732856023958031,0.7585894867721212,0.7103539823008849,0.8054949622166248
openstack,mean_delta_probability,full,16,-0.09696383379622253,0.09997516897638274,-0.09611454689726645,-0.17636000000000002,-0.013946264480179823
openstack,mean_delta_probability,no_semantics,16,-0.09233916547651712,0.09439889811749538,-0.08614346693386775,-0.17139753155704068,-0.013666062185721101
openstack,mean_delta_probability,no_grounding,16,-0.09975396288415733,0.10181860439677728,-0.099840303030303,-0.18136400000000003,-0.01731033553869445
openstack,mean_delta_probability,no_constraints,16,-0.09254516672294666,0.09452071579803836,-0.08785658792374736,-0.17020979166666667,-0.019505020080321227
openstack,mean_delta_probability,no_instance_context,16,-0.0916177021992613,0.08552975582778653,-0.09072235398230086,-0.16216766666666665,-0.012587740384615399
openstack,mean_absolute_delta_probability,full,16,0.1301328946738614,0.06826496148543172,0.11836434314411956,0.06630073387096772,0.179346
openstack,mean_absolute_delta_probability,no_semantics,16,0.12187745529283184,0.06917269535734046,0.11111275751503005,0.05887329259746482,0.17866079560368137
openstack,mean_absolute_delta_probability,no_grounding,16,0.1340496541017423,0.06981349770498865,0.12176612214327641,0.06759743486973947,0.185626
openstack,mean_absolute_delta_probability,no_constraints,16,0.12603501329428013,0.06389883561288778,0.1131045930446677,0.06804892258974296,0.174266375
openstack,mean_absolute_delta_probability,no_instance_context,16,0.12918587226806238,0.057341077885471485,0.12266071153846145,0.07528158212304689,0.17650033333333331
openstack,normalized_feature_entropy,full,16,0.8314575317483229,0.02888247434868507,0.8317454729085145,0.8052159459442231,0.8505077875116162
openstack,normalized_feature_entropy,no_semantics,16,0.8724279956703438,0.0269997864866697,0.8696272205685189,0.8521863585359004,0.8895722090840354
openstack,normalized_feature_entropy,no_grounding,16,0.833777827591357,0.028917605018338073,0.8443423197165123,0.8206044022650029,0.8529654512823179
openstack,normalized_feature_entropy,no_constraints,16,0.8249672903082601,0.038134935826277847,0.8126193968572326,0.7987585771383778,0.86330129557072
openstack,normalized_feature_entropy,no_instance_context,16,0.7050590206195899,0.027463135365822712,0.7085990239750387,0.6869679693898516,0.7314995275341609
openstack,pairwise_jaccard_within_instance,full,16,0.731111359126984,0.052379236773827796,0.7405059523809523,0.7001190476190476,0.7621369047619047
openstack,pairwise_jaccard_within_instance,no_semantics,16,0.706476810515873,0.05929224606733098,0.7268134920634921,0.6765396825396826,0.7444553571428572
openstack,pairwise_jaccard_within_instance,no_grounding,16,0.752529761904762,0.05592554125675501,0.7611607142857143,0.7086904761904762,0.7829821428571428
openstack,pairwise_jaccard_within_instance,no_constraints,16,0.7142331349206349,0.056917476044911604,0.7099841269841269,0.6655595238095238,0.7632946428571428
openstack,pairwise_jaccard_within_instance,no_instance_context,16,0.7302187499999999,0.05282581973995325,0.7180952380952381,0.6861220238095238,0.786235119047619
openstack,pairwise_jaccard_between_instance,full,16,0.4802324352548037,0.04658333363098975,0.4822915204678362,0.4422924603174603,0.5077821428571428
openstack,pairwise_jaccard_between_instance,no_semantics,16,0.4285995300751879,0.04694674865829039,0.41763575605680864,0.3926615914786967,0.4681141186299081
openstack,pairwise_jaccard_between_instance,no_grounding,16,0.4791006892230576,0.050647578224630264,0.46595116959064325,0.44937928153717627,0.4987587092731829
openstack,pairwise_jaccard_between_instance,no_constraints,16,0.48410852130325815,0.07160112983886771,0.5148064745196324,0.4384863826232247,0.5374005847953216
openstack,pairwise_jaccard_between_instance,no_instance_context,16,0.6493669172932331,0.046474916717148484,0.6751338345864661,0.6036819548872181,0.6849298245614035
openstack,instance_idf_specificity,full,16,0.1303092804142412,0.025666772122913146,0.12495704632181845,0.11504285234208692,0.14302502462527397
openstack,instance_idf_specificity,no_semantics,16,0.14474600901701998,0.015964930530013157,0.14510790934683365,0.1337235282466468,0.15207481282312968
openstack,instance_idf_specificity,no_grounding,16,0.13771956286440357,0.02488311336259757,0.13998051019369695,0.13248221760211676,0.14894954074123712
openstack,instance_idf_specificity,no_constraints,16,0.11881827936634799,0.02784713962404009,0.12256080057912926,0.10365090225388883,0.134422736006677
openstack,instance_idf_specificity,no_instance_context,16,0.06650426511318792,0.027059247857292006,0.06301722039641085,0.0444473041103139,0.08330905080988525
openstack,separability_gap,full,16,0.25087892387218036,0.06322841951195944,0.24333611111111106,0.194247775689223,0.30640037593984953
openstack,separability_gap,no_semantics,16,0.27787728044068505,0.04765712407294392,0.27386593567251466,0.24364698203842933,0.31730104427736
openstack,separability_gap,no_grounding,16,0.27342907268170424,0.06545331575488912,0.28564974937343357,0.23512441520467836,0.30811599832915615
openstack,separability_gap,no_constraints,16,0.23012461361737674,0.06724940296730791,0.2292209482038429,0.19179938387635753,0.28252582497911444
openstack,separability_gap,no_instance_context,16,0.08085183270676688,0.05819602821925012,0.08065394736842105,0.05310125313283205,0.11648643483709267
openstack,valid_interventions,full,16,497.8125,2.5091499224504967,498.5,496.0,500.0
openstack,valid_interventions,no_semantics,16,495.9375,6.536755056346127,499.0,495.0,500.0
openstack,valid_interventions,no_grounding,16,498.1875,2.809952550014561,499.5,498.0,500.0
openstack,valid_interventions,no_constraints,16,491.75,13.868429375143148,498.0,493.75,499.0
openstack,valid_interventions,no_instance_context,16,448.3125,39.696714809498616,451.5,417.5,475.25
openstack,invalid_interventions,full,16,0.0,0.0,0.0,0.0,0.0
openstack,invalid_interventions,no_semantics,16,0.0,0.0,0.0,0.0,0.0
openstack,invalid_interventions,no_grounding,16,0.0,0.0,0.0,0.0,0.0
openstack,invalid_interventions,no_constraints,16,0.0,0.0,0.0,0.0,0.0
openstack,invalid_interventions,no_instance_context,16,0.0,0.0,0.0,0.0,0.0
openstack,structural_compliance_rate,full,16,1.0,0.0,1.0,1.0,1.0
openstack,structural_compliance_rate,no_semantics,16,1.0,0.0,1.0,1.0,1.0
openstack,structural_compliance_rate,no_grounding,16,1.0,0.0,1.0,1.0,1.0
openstack,structural_compliance_rate,no_constraints,16,0.999375,0.0025000000000000022,1.0,1.0,1.0
openstack,structural_compliance_rate,no_instance_context,16,0.999375,0.0025000000000000022,1.0,1.0,1.0
openstack,execution_success_rate,full,16,1.0,0.0,1.0,1.0,1.0
openstack,execution_success_rate,no_semantics,16,1.0,0.0,1.0,1.0,1.0
openstack,execution_success_rate,no_grounding,16,1.0,0.0,1.0,1.0,1.0
openstack,execution_success_rate,no_constraints,16,1.0,0.0,1.0,1.0,1.0
openstack,execution_success_rate,no_instance_context,16,1.0,0.0,1.0,1.0,1.0
qt,overlap_at_k,full,16,0.85775,0.03831535810437724,0.8534999999999999,0.83075,0.8835
qt,overlap_at_k,no_semantics,16,0.7534375000000001,0.10181942758301744,0.785,0.7145,0.8225
qt,overlap_at_k,no_grounding,16,0.8501875,0.0502118428925554,0.8525,0.8117500000000001,0.88875
qt,overlap_at_k,no_constraints,16,0.80975,0.08152095845036827,0.8334999999999999,0.79425,0.86175
qt,overlap_at_k,no_instance_context,16,0.740375,0.11616704925809786,0.786,0.7075,0.82125
qt,rank_agreement_at_k,full,16,0.9287708333333333,0.038616345818213424,0.9471562499999999,0.9097239583333334,0.9542447916666665
qt,rank_agreement_at_k,no_semantics,16,0.85665234375,0.08176084624742044,0.8855000000000001,0.8058541666666666,0.92165625
qt,rank_agreement_at_k,no_grounding,16,0.9268776041666666,0.032936092962251265,0.9335729166666666,0.9165729166666666,0.9468489583333334
qt,rank_agreement_at_k,no_constraints,16,0.892859375,0.04904698445396798,0.9038437500000001,0.8743645833333333,0.91915625
qt,rank_agreement_at_k,no_instance_context,16,0.8814283854166667,0.035263538220393895,0.8824062500000001,0.8548489583333333,0.9144947916666666
qt,direction_agreement_at_k,full,16,0.9701510416666665,0.038005302002800535,0.9857083333333333,0.9677083333333332,0.99175
qt,direction_agreement_at_k,no_semantics,16,0.9500208333333333,0.048064419542172006,0.9673333333333334,0.9333958333333334,0.9808125
qt,direction_agreement_at_k,no_grounding,16,0.9739010416666667,0.034182831118663035,0.9866250000000001,0.9705,0.9950000000000001
qt,direction_agreement_at_k,no_constraints,16,0.9610922619047619,0.033564832319436605,0.9675833333333332,0.9598958333333334,0.9797499999999999
qt,direction_agreement_at_k,no_instance_context,16,0.9436197916666667,0.04399930522126121,0.9421666666666668,0.8996458333333333,0.9864999999999999
qt,score_stability,full,16,0.8475271507396199,0.06387766715448417,0.8509319716719308,0.8070366563069288,0.8908002931013541
qt,score_stability,no_semantics,16,0.7175595155178184,0.11001217321585145,0.7410098365410847,0.6052945780640844,0.7881525256395552
qt,score_stability,no_grounding,16,0.8369883019160654,0.06784516999795712,0.8357803351193374,0.7879963327661547,0.8883481596554457
qt,score_stability,no_constraints,16,0.7904182405963551,0.08112534157310729,0.813575964108908,0.7309145983457559,0.8328431935155066
qt,score_stability,no_instance_context,16,0.7831749393192375,0.059788931810123014,0.77770369103162,0.7314251979249095,0.8237979199451496
qt,direction_consistency_rate,full,16,0.8684169940010765,0.0880770667090968,0.8837309236947791,0.8110601106639839,0.9497991967871486
qt,direction_consistency_rate,no_semantics,16,0.8455437255901562,0.10348056019172569,0.837,0.8234999999999999,0.9289689378757515
qt,direction_consistency_rate,no_grounding,16,0.8681731476628209,0.09426739464333209,0.8788537074148297,0.8182563042752171,0.9475
qt,direction_consistency_rate,no_constraints,16,0.8659745878761433,0.07835409966871289,0.8737228915662651,0.839259519038076,0.9281740442655937
qt,direction_consistency_rate,no_instance_context,16,0.7848873348125832,0.08302032728747018,0.7613952837450144,0.7259386510212698,0.8291383008899762
qt,meaningful_effect_rate,full,16,0.68728905599983,0.15098464212132767,0.6817795591182365,0.5489899396378269,0.821
qt,meaningful_effect_rate,no_semantics,16,0.6156382980949475,0.16332140661434333,0.597561403508772,0.46836638830897703,0.7715000000000001
qt,meaningful_effect_rate,no_grounding,16,0.6827125160973655,0.1529486541888918,0.6879191919191919,0.5472140377909003,0.8294999999999999
qt,meaningful_effect_rate,no_constraints,16,0.6741496708253758,0.13382472291894304,0.6684462137389822,0.5526052104208417,0.7875040241448692
qt,meaningful_effect_rate,no_instance_context,16,0.622516402712802,0.09789927226477306,0.615,0.551865855663324,0.6927441887259844
qt,mean_delta_probability,full,16,-0.07617466583062958,0.061224756376317205,-0.07967649671622495,-0.13244387291159065,-0.02259143806878895
qt,mean_delta_probability,no_semantics,16,-0.06231188323269392,0.049867258479295656,-0.0567588165162586,-0.1146895534329392,-0.01616758602255655
qt,mean_delta_probability,no_grounding,16,-0.07677005919221588,0.06164888577352083,-0.0819782332161379,-0.13283986676653536,-0.0235534200912282
qt,mean_delta_probability,no_constraints,16,-0.07138647439052619,0.05590173455577476,-0.0735534244515538,-0.12428438490615112,-0.022113684122293552
qt,mean_delta_probability,no_instance_context,16,-0.06468982745510604,0.04900418967574652,-0.06739233275979226,-0.1044805650388293,-0.02776790702795772
qt,mean_absolute_delta_probability,full,16,0.09597575186180302,0.049423172649032315,0.0909770942705535,0.0492213416642178,0.13996969458026148
qt,mean_absolute_delta_probability,no_semantics,16,0.07998201889124418,0.043453806052149165,0.07104162654717674,0.03775587190362328,0.12534017171511022
qt,mean_absolute_delta_probability,no_grounding,16,0.09595716489966949,0.04963611262247576,0.09271972158493355,0.04773499470426505,0.13990869326597632
qt,mean_absolute_delta_probability,no_constraints,16,0.09226840289007032,0.04602501228966325,0.0836650617988948,0.04886667135672303,0.13384808159502498
qt,mean_absolute_delta_probability,no_instance_context,16,0.08708375474837407,0.039530788262286856,0.08063524853251755,0.049532834569808275,0.12163024227399047
qt,normalized_feature_entropy,full,16,0.7997708407598844,0.03440346585020749,0.7948437387195757,0.7786356032850619,0.820687860872017
qt,normalized_feature_entropy,no_semantics,16,0.870040495649737,0.048237162899612045,0.8601580894346619,0.8446355884421992,0.8798345674655279
qt,normalized_feature_entropy,no_grounding,16,0.8010303712951323,0.034567050249971844,0.7998879325338153,0.7754147021408964,0.82603650554369
qt,normalized_feature_entropy,no_constraints,16,0.805751260218829,0.04733691813874987,0.7861101918057387,0.7745875351478966,0.8233359177899091
qt,normalized_feature_entropy,no_instance_context,16,0.7081354234529246,0.01990130714123832,0.704089604823917,0.6933646431572117,0.7202490573641551
qt,pairwise_jaccard_within_instance,full,16,0.7836242559523809,0.05069589818101665,0.7790535714285713,0.7399345238095238,0.8154404761904762
qt,pairwise_jaccard_within_instance,no_semantics,16,0.680788814484127,0.09001355420879473,0.6916815476190477,0.6117916666666666,0.759360119047619
qt,pairwise_jaccard_within_instance,no_grounding,16,0.7770649801587302,0.06466340564650067,0.7706646825396826,0.731452380952381,0.8263839285714285
qt,pairwise_jaccard_within_instance,no_constraints,16,0.7370370783730159,0.07249588555003704,0.7446130952380952,0.7238214285714286,0.787047619047619
qt,pairwise_jaccard_within_instance,no_instance_context,16,0.7169464285714287,0.06468527781720303,0.7283154761904762,0.6874107142857142,0.7528928571428571
qt,pairwise_jaccard_between_instance,full,16,0.534969559314954,0.06772092311734933,0.5383070175438596,0.4931889724310776,0.5760840852130326
qt,pairwise_jaccard_between_instance,no_semantics,16,0.4198507466583124,0.07877797794641028,0.4273086883876357,0.3871627192982456,0.4715887635756057
qt,pairwise_jaccard_between_instance,no_grounding,16,0.5333761225981621,0.06242188060340735,0.5344186299081035,0.49967147034252296,0.5677875939849624
qt,pairwise_jaccard_between_instance,no_constraints,16,0.5248028508771929,0.09086332528525148,0.56143007518797,0.4855857351712614,0.5811516290726817
qt,pairwise_jaccard_between_instance,no_instance_context,16,0.6467393483709273,0.10006690523104902,0.6867433583959899,0.5943565162907268,0.721247619047619
qt,instance_idf_specificity,full,16,0.12168245850769888,0.028910186971572792,0.1267656477535564,0.09892436909256305,0.14135223103700104
qt,instance_idf_specificity,no_semantics,16,0.13276155162269745,0.02469687022196594,0.13435704164486725,0.12305054237736325,0.14737809231328475
qt,instance_idf_specificity,no_grounding,16,0.12318649393439712,0.025281851828711507,0.1229027901114795,0.1008452756050861,0.14659848437782247
qt,instance_idf_specificity,no_constraints,16,0.11428640943581764,0.024446363122416173,0.11204921839923729,0.09750740757145848,0.12246176354239213
qt,instance_idf_specificity,no_instance_context,16,0.06627614289946188,0.02816601789359441,0.05786621108437655,0.046713192752734674,0.06973011890561184
qt,separability_gap,full,16,0.2486546966374269,0.08467658969536387,0.255356328320802,0.17568704051796155,0.30878358395989974
qt,separability_gap,no_semantics,16,0.2609380678258145,0.06526045337414256,0.25085114870509606,0.22109069548872173,0.311034414160401
qt,separability_gap,no_grounding,16,0.24368885756056805,0.07050730988573971,0.24234690893901414,0.18544062238930661,0.3015727339181286
qt,separability_gap,no_constraints,16,0.21223422749582285,0.058094792569889225,0.19752474937343356,0.17639743107769418,0.24014561403508766
qt,separability_gap,no_instance_context,16,0.07020708020050125,0.059038749995721944,0.07713195488721805,0.03208073308270683,0.09366541353383456
qt,valid_interventions,full,16,497.375,4.9916597106239795,498.5,497.75,500.0
qt,valid_interventions,no_semantics,16,488.75,21.55148873434656,500.0,493.25,500.0
qt,valid_interventions,no_grounding,16,497.0,5.329165037789691,499.5,496.5,500.0
qt,valid_interventions,no_constraints,16,491.0625,17.23743503734435,499.0,496.0,500.0
qt,valid_interventions,no_instance_context,16,449.5,54.44140581089606,463.5,438.25,482.0
qt,invalid_interventions,full,16,0.0,0.0,0.0,0.0,0.0
qt,invalid_interventions,no_semantics,16,0.0,0.0,0.0,0.0,0.0
qt,invalid_interventions,no_grounding,16,0.0,0.0,0.0,0.0,0.0
qt,invalid_interventions,no_constraints,16,0.0,0.0,0.0,0.0,0.0
qt,invalid_interventions,no_instance_context,16,0.0,0.0,0.0,0.0,0.0
qt,structural_compliance_rate,full,16,1.0,0.0,1.0,1.0,1.0
qt,structural_compliance_rate,no_semantics,16,0.999375,0.0025000000000000022,1.0,1.0,1.0
qt,structural_compliance_rate,no_grounding,16,1.0,0.0,1.0,1.0,1.0
qt,structural_compliance_rate,no_constraints,16,1.0,0.0,1.0,1.0,1.0
qt,structural_compliance_rate,no_instance_context,16,0.995,0.013165611772087677,1.0,1.0,1.0
qt,execution_success_rate,full,16,1.0,0.0,1.0,1.0,1.0
qt,execution_success_rate,no_semantics,16,1.0,0.0,1.0,1.0,1.0
qt,execution_success_rate,no_grounding,16,1.0,0.0,1.0,1.0,1.0
qt,execution_success_rate,no_constraints,16,1.0,0.0,1.0,1.0,1.0
qt,execution_success_rate,no_instance_context,16,1.0,0.0,1.0,1.0,1.0
