family,metric,n_blocks,k_conditions,friedman_chi2,friedman_p,kendalls_w
temperature,overlap_at_k,32,4,96.0,1.1256303490757917e-20,1.0
top_p,overlap_at_k,32,3,2.6875,0.26086558612628497,0.0419921875
temperature,rank_agreement_at_k,32,4,90.9375,1.3777921300918967e-19,0.947265625
top_p,rank_agreement_at_k,32,3,0.25,0.8824969025845955,0.00390625
temperature,direction_agreement_at_k,32,4,31.577319587628853,6.424694320387372e-07,0.3289304123711339
top_p,direction_agreement_at_k,32,3,1.5833333333333333,0.4530890172801689,0.024739583333333332
temperature,score_stability,32,4,94.83749999999998,2.0009566398478583e-20,0.9878906249999998
top_p,score_stability,32,3,2.4375,0.29559943537737077,0.0380859375
temperature,direction_consistency_rate,32,4,1.4811320754716524,0.6866318338751619,0.015428459119496378
top_p,direction_consistency_rate,32,3,1.0491803278688525,0.5917978547771799,0.01639344262295082
temperature,meaningful_effect_rate,32,4,4.3125,0.22963709338958582,0.044921875
top_p,meaningful_effect_rate,32,3,1.3064516129032258,0.520364471367144,0.020413306451612902
temperature,mean_delta_probability,32,4,5.0625,0.16727737857059302,0.052734375
top_p,mean_delta_probability,32,3,1.3125,0.5187931656538894,0.0205078125
temperature,mean_absolute_delta_probability,32,4,7.012499999999989,0.07150042038277644,0.07304687499999989
top_p,mean_absolute_delta_probability,32,3,1.75,0.41686201967850856,0.02734375
temperature,normalized_feature_entropy,32,4,83.96249999999998,4.333518124268506e-18,0.8746093749999998
top_p,normalized_feature_entropy,32,3,2.4375,0.29559943537737077,0.0380859375
temperature,pairwise_jaccard_within_instance,32,4,96.0,1.1256303490757917e-20,1.0
top_p,pairwise_jaccard_within_instance,32,3,1.5625,0.45783336177161427,0.0244140625
temperature,pairwise_jaccard_between_instance,32,4,74.0625,5.754680433298192e-16,0.771484375
top_p,pairwise_jaccard_between_instance,32,3,0.5625,0.7548396019890073,0.0087890625
temperature,instance_idf_specificity,32,4,66.44999999999993,2.4555429306850595e-14,0.6921874999999993
top_p,instance_idf_specificity,32,3,0.0625,0.9692332344763441,0.0009765625
temperature,separability_gap,32,4,96.0,1.1256303490757917e-20,1.0
top_p,separability_gap,32,3,1.1875,0.5522524501630204,0.0185546875
