family,metric,comparison,alternative_temperature,alternative_top_p,n_pairs,reference_mean,alternative_mean,mean_difference_reference_minus_alternative,median_difference_reference_minus_alternative,reference_greater_n,equal_n,reference_lower_n,wilcoxon_statistic,p_raw,p_holm,significant_holm_0_05
temperature,overlap_at_k,T0.2_p1.0_vs_T0.0_p1.0,0.0,1.0,32,0.83925,0.9962500000000001,-0.157,-0.15900000000000003,0,0,32,0.0,7.939702158738341e-07,1.5879404317476682e-06,True
temperature,overlap_at_k,T0.2_p1.0_vs_T0.5_p1.0,0.5,1.0,32,0.83925,0.7315625,0.10768749999999999,0.10150000000000003,32,0,0,0.0,4.656612873077393e-10,1.3969838619232178e-09,True
temperature,overlap_at_k,T0.2_p1.0_vs_T0.8_p1.0,0.8,1.0,32,0.83925,0.657375,0.181875,0.18100000000000005,32,0,0,0.0,7.94848809569633e-07,1.5879404317476682e-06,True
top_p,overlap_at_k,T0.2_p1.0_vs_T0.2_p0.9,0.2,0.9,32,0.83925,0.8335,0.005749999999999984,0.0045000000000000595,21,0,11,161.0,0.05405297182417657,0.10810594364835314,False
top_p,overlap_at_k,T0.2_p1.0_vs_T0.2_p0.8,0.2,0.8,32,0.83925,0.83640625,0.0028437499999999782,0.0024999999999999467,18,0,14,226.0,0.4773378641615831,0.4773378641615831,False
temperature,rank_agreement_at_k,T0.2_p1.0_vs_T0.0_p1.0,0.0,1.0,32,0.9200260416666667,0.9949375,-0.0749114583333333,-0.06677083333333333,0,0,32,0.0,4.656612873077393e-10,1.3969838619232178e-09,True
temperature,rank_agreement_at_k,T0.2_p1.0_vs_T0.5_p1.0,0.5,1.0,32,0.9200260416666667,0.8757376302083333,0.04428841145833337,0.04446875000000011,32,0,0,0.0,4.656612873077393e-10,1.3969838619232178e-09,True
temperature,rank_agreement_at_k,T0.2_p1.0_vs_T0.8_p1.0,0.8,1.0,32,0.9200260416666667,0.8541751302083334,0.06585091145833337,0.06523958333333346,32,0,0,0.0,4.656612873077393e-10,1.3969838619232178e-09,True
top_p,rank_agreement_at_k,T0.2_p1.0_vs_T0.2_p0.9,0.2,0.9,32,0.9200260416666667,0.9207819010416667,-0.0007558593749999731,-0.00013541666666661012,16,0,16,252.0,0.8320396803319454,1.0,False
top_p,rank_agreement_at_k,T0.2_p1.0_vs_T0.2_p0.8,0.2,0.8,32,0.9200260416666667,0.9206959635416667,-0.0006699218749999895,0.00026041666666659635,16,0,16,244.0,0.7190234316512942,1.0,False
temperature,direction_agreement_at_k,T0.2_p1.0_vs_T0.0_p1.0,0.0,1.0,32,0.9670442708333333,0.9940625000000001,-0.027018229166666678,-0.011375000000000024,5,8,19,15.0,0.00011462782162826479,0.00022925564325652957,True
temperature,direction_agreement_at_k,T0.2_p1.0_vs_T0.5_p1.0,0.5,1.0,32,0.9670442708333333,0.9549661458333333,0.012078124999999992,0.006541666666666612,21,4,7,62.0,0.0013233159364778179,0.0013233159364778179,True
temperature,direction_agreement_at_k,T0.2_p1.0_vs_T0.8_p1.0,0.8,1.0,32,0.9670442708333333,0.9378700810185185,0.029174189814814802,0.02387499999999987,24,2,6,39.0,6.889239794405571e-05,0.00020667719383216711,True
top_p,direction_agreement_at_k,T0.2_p1.0_vs_T0.2_p0.9,0.2,0.9,32,0.9670442708333333,0.9688411458333333,-0.0017968750000000241,0.0,10,8,14,121.0,0.40734696094047373,0.40734696094047373,False
top_p,direction_agreement_at_k,T0.2_p1.0_vs_T0.2_p0.8,0.2,0.8,32,0.9670442708333333,0.9693151041666667,-0.002270833333333371,0.0,9,8,15,99.5,0.14903997602058477,0.29807995204116955,False
temperature,score_stability,T0.2_p1.0_vs_T0.0_p1.0,0.0,1.0,32,0.8239507351044579,0.9953528733533445,-0.17140213824888667,-0.16166292668398707,0,0,32,0.0,4.656612873077393e-10,1.3969838619232178e-09,True
temperature,score_stability,T0.2_p1.0_vs_T0.5_p1.0,0.5,1.0,32,0.8239507351044579,0.7194265184704178,0.10452421663404013,0.09893774140472078,32,0,0,0.0,4.656612873077393e-10,1.3969838619232178e-09,True
temperature,score_stability,T0.2_p1.0_vs_T0.8_p1.0,0.8,1.0,32,0.8239507351044579,0.6528122480652303,0.17113848703922752,0.16805372283834313,32,0,0,0.0,4.656612873077393e-10,1.3969838619232178e-09,True
top_p,score_stability,T0.2_p1.0_vs_T0.2_p0.9,0.2,0.9,32,0.8239507351044579,0.8215642420236027,0.002386493080855232,0.0050415310461463525,19,0,13,213.0,0.3498368663713336,0.6996737327426672,False
top_p,score_stability,T0.2_p1.0_vs_T0.2_p0.8,0.2,0.8,32,0.8239507351044579,0.8237421244830747,0.0002086106213832102,0.0049592264909593675,18,0,14,254.0,0.8609301364049315,0.8609301364049315,False
temperature,direction_consistency_rate,T0.2_p1.0_vs_T0.0_p1.0,0.0,1.0,32,0.8520738085660451,0.8498781968279736,0.002195611738071531,0.0013415511949047554,17,0,15,226.0,0.4771163172558871,0.8422519601881504,False
temperature,direction_consistency_rate,T0.2_p1.0_vs_T0.5_p1.0,0.5,1.0,32,0.8520738085660451,0.8492798522212062,0.0027939563448390013,0.004784092381255212,20,1,11,183.0,0.20273217775877217,0.6081965332763165,False
temperature,direction_consistency_rate,T0.2_p1.0_vs_T0.8_p1.0,0.8,1.0,32,0.8520738085660451,0.8468032693280516,0.0052705392379935705,0.000563951859414269,17,0,15,220.0,0.4211259800940752,0.8422519601881504,False
top_p,direction_consistency_rate,T0.2_p1.0_vs_T0.2_p0.9,0.2,0.9,32,0.8520738085660451,0.8522979498458676,-0.00022414127982248525,-0.0020000000000000018,14,0,18,227.0,0.4888062258853514,0.9776124517707028,False
top_p,direction_consistency_rate,T0.2_p1.0_vs_T0.2_p0.8,0.2,0.8,32,0.8520738085660451,0.8528371054742918,-0.0007632969082466898,-0.0011044176706827002,13,2,17,216.5,0.7419468447241679,0.9776124517707028,False
temperature,meaningful_effect_rate,T0.2_p1.0_vs_T0.0_p1.0,0.0,1.0,32,0.7338165549981013,0.7339697195165945,-0.00015316451849327686,0.001242629477817614,16,0,16,248.0,0.7647904142731712,0.7647904142731712,False
temperature,meaningful_effect_rate,T0.2_p1.0_vs_T0.5_p1.0,0.5,1.0,32,0.7338165549981013,0.7305748258764375,0.003241729121663728,0.0027629002820640514,17,0,15,210.5,0.31709906892153383,0.6341981378430677,False
temperature,meaningful_effect_rate,T0.2_p1.0_vs_T0.8_p1.0,0.8,1.0,32,0.7338165549981013,0.7251178818435764,0.00869867315452485,0.008137377783908162,21,0,11,150.0,0.03248823946341872,0.09746471839025617,False
top_p,meaningful_effect_rate,T0.2_p1.0_vs_T0.2_p0.9,0.2,0.9,32,0.7338165549981013,0.7357497171023069,-0.0019331621042055491,-0.00200806451612906,13,2,17,188.0,0.359988016950363,0.719976033900726,False
top_p,meaningful_effect_rate,T0.2_p1.0_vs_T0.2_p0.8,0.2,0.8,32,0.7338165549981013,0.7346008367191716,-0.0007842817210704234,-0.0020000000000000018,13,1,18,203.5,0.38310320430145206,0.719976033900726,False
temperature,mean_delta_probability,T0.2_p1.0_vs_T0.0_p1.0,0.0,1.0,32,-0.08656924981342606,-0.08637832635821506,-0.00019092345521099988,-0.0006297630827470906,11,0,21,231.0,0.5483431480824947,0.5483431480824947,False
temperature,mean_delta_probability,T0.2_p1.0_vs_T0.5_p1.0,0.5,1.0,32,-0.08656924981342606,-0.08490308433483966,-0.0016661654785864082,-0.0008475476934682994,13,0,19,153.0,0.03758717514574528,0.07517435029149055,False
temperature,mean_delta_probability,T0.2_p1.0_vs_T0.8_p1.0,0.8,1.0,32,-0.08656924981342606,-0.08354712898766516,-0.003022120825760901,-0.0014630449746179976,12,0,20,138.0,0.017460348084568977,0.05238104425370693,False
top_p,mean_delta_probability,T0.2_p1.0_vs_T0.2_p0.9,0.2,0.9,32,-0.08656924981342606,-0.08691526518832036,0.00034601537489429635,0.0002779267819240992,18,0,14,203.0,0.2618452035821974,0.5236904071643949,False
top_p,mean_delta_probability,T0.2_p1.0_vs_T0.2_p0.8,0.2,0.8,32,-0.08656924981342606,-0.08672386735153725,0.00015461753811118345,0.00021279678068410017,19,0,13,219.0,0.4104635491967201,0.5236904071643949,False
temperature,mean_absolute_delta_probability,T0.2_p1.0_vs_T0.0_p1.0,0.0,1.0,32,0.11305432326783221,0.11332391265096381,-0.00026958938313158655,0.00035798011344755423,18,0,14,263.0,0.9926442098803818,0.9926442098803818,False
temperature,mean_absolute_delta_probability,T0.2_p1.0_vs_T0.5_p1.0,0.5,1.0,32,0.11305432326783221,0.1120410421208384,0.0010132811469938073,0.001506492635755554,22,0,10,162.0,0.05696781584993005,0.1139356316998601,False
temperature,mean_absolute_delta_probability,T0.2_p1.0_vs_T0.8_p1.0,0.8,1.0,32,0.11305432326783221,0.11059713870143009,0.0024571845664021095,0.0016002556403319004,20,0,12,112.0,0.003615216352045536,0.010845649056136608,True
top_p,mean_absolute_delta_probability,T0.2_p1.0_vs_T0.2_p0.9,0.2,0.9,32,0.11305432326783221,0.1133364812789453,-0.0002821580111130918,3.659206036379925e-05,16,0,16,230.0,0.5360624515451491,0.539811204187572,False
top_p,mean_absolute_delta_probability,T0.2_p1.0_vs_T0.2_p0.8,0.2,0.8,32,0.11305432326783221,0.11337461079334403,-0.0003202875255118112,-0.0001680000000000119,14,0,18,204.0,0.269905602093786,0.539811204187572,False
temperature,normalized_feature_entropy,T0.2_p1.0_vs_T0.0_p1.0,0.0,1.0,32,0.8156141862541036,0.8048791721566353,0.01073501409746844,0.009135853527543591,25,0,7,69.0,0.00011030398309230804,0.00011030398309230804,True
temperature,normalized_feature_entropy,T0.2_p1.0_vs_T0.5_p1.0,0.5,1.0,32,0.8156141862541036,0.8479658178940467,-0.03235163163994301,-0.03207158694006751,1,0,31,3.0,2.3283064365386963e-09,4.6566128730773926e-09,True
temperature,normalized_feature_entropy,T0.2_p1.0_vs_T0.8_p1.0,0.8,1.0,32,0.8156141862541036,0.8743282149183098,-0.05871402866420615,-0.059797275636828684,0,0,32,0.0,4.656612873077393e-10,1.3969838619232178e-09,True
top_p,normalized_feature_entropy,T0.2_p1.0_vs_T0.2_p0.9,0.2,0.9,32,0.8156141862541036,0.8178221372955818,-0.0022079510414782823,-0.00257725531191616,12,0,20,203.0,0.2618452035821974,0.5236904071643949,False
top_p,normalized_feature_entropy,T0.2_p1.0_vs_T0.2_p0.8,0.2,0.8,32,0.8156141862541036,0.8163454001411453,-0.000731213887041695,-0.002645513342764194,13,0,19,232.0,0.5607573566958308,0.5607573566958308,False
temperature,pairwise_jaccard_within_instance,T0.2_p1.0_vs_T0.0_p1.0,0.0,1.0,32,0.7573678075396826,1.0,-0.24263219246031748,-0.2425059523809524,0,0,32,0.0,4.656612873077393e-10,1.3969838619232178e-09,True
temperature,pairwise_jaccard_within_instance,T0.2_p1.0_vs_T0.5_p1.0,0.5,1.0,32,0.7573678075396826,0.6109014756944444,0.1464663318452381,0.1383779761904762,32,0,0,0.0,4.656612873077393e-10,1.3969838619232178e-09,True
temperature,pairwise_jaccard_within_instance,T0.2_p1.0_vs_T0.8_p1.0,0.8,1.0,32,0.7573678075396826,0.5231292782738095,0.23423852926587302,0.23098214285714286,32,0,0,0.0,4.656612873077393e-10,1.3969838619232178e-09,True
top_p,pairwise_jaccard_within_instance,T0.2_p1.0_vs_T0.2_p0.9,0.2,0.9,32,0.7573678075396826,0.7494332837301587,0.007934523809523808,0.00722023809523803,19,0,13,163.0,0.059545967262238264,0.11909193452447653,False
top_p,pairwise_jaccard_within_instance,T0.2_p1.0_vs_T0.2_p0.8,0.2,0.8,32,0.7573678075396826,0.7534210069444444,0.003946800595238092,0.0034384920634921157,18,0,14,225.0,0.4767507752403617,0.4767507752403617,False
temperature,pairwise_jaccard_between_instance,T0.2_p1.0_vs_T0.0_p1.0,0.0,1.0,32,0.5076009972848788,0.5143112990810359,-0.006710301796157069,-0.003954803675856294,13,0,19,181.0,0.12404650263488293,0.12404650263488293,False
temperature,pairwise_jaccard_between_instance,T0.2_p1.0_vs_T0.5_p1.0,0.5,1.0,32,0.5076009972848788,0.45927221439014193,0.048328782894736855,0.04233408521303253,30,0,2,8.0,1.1641532182693481e-08,2.3283064365386963e-08,True
temperature,pairwise_jaccard_between_instance,T0.2_p1.0_vs_T0.8_p1.0,0.8,1.0,32,0.5076009972848788,0.4170235327903091,0.09057746449456976,0.09625426065162901,32,0,0,0.0,4.656612873077393e-10,1.3969838619232178e-09,True
top_p,pairwise_jaccard_between_instance,T0.2_p1.0_vs_T0.2_p0.9,0.2,0.9,32,0.5076009972848788,0.5041521251044276,0.003448872180451132,0.004695238095238058,20,0,12,210.0,0.32171454932540655,0.6434290986508131,False
top_p,pairwise_jaccard_between_instance,T0.2_p1.0_vs_T0.2_p0.8,0.2,0.8,32,0.5076009972848788,0.5072622337092731,0.0003387635756056731,-0.003092648287385147,15,0,17,252.0,0.8320396803319454,0.8320396803319454,False
temperature,instance_idf_specificity,T0.2_p1.0_vs_T0.0_p1.0,0.0,1.0,32,0.12599586946097002,0.17292715710975123,-0.0469312876487812,-0.0452228738170616,0,0,32,0.0,4.656612873077393e-10,1.3969838619232178e-09,True
temperature,instance_idf_specificity,T0.2_p1.0_vs_T0.5_p1.0,0.5,1.0,32,0.12599586946097002,0.11247677314216316,0.013519096318806871,0.011493039481089942,24,0,8,80.0,0.00030640000477433205,0.00030640000477433205,True
temperature,instance_idf_specificity,T0.2_p1.0_vs_T0.8_p1.0,0.8,1.0,32,0.12599586946097002,0.10463836561772444,0.02135750384324559,0.02114146971119195,28,0,4,39.0,3.5120174288749695e-06,7.024034857749939e-06,True
top_p,instance_idf_specificity,T0.2_p1.0_vs_T0.2_p0.9,0.2,0.9,32,0.12599586946097002,0.12685126197019728,-0.000855392509227251,0.0008419266690594465,17,0,15,260.0,0.9485435066744685,1.0,False
top_p,instance_idf_specificity,T0.2_p1.0_vs_T0.2_p0.8,0.2,0.8,32,0.12599586946097002,0.12538264912556302,0.0006132203354070383,0.000640967806164898,16,0,16,242.0,0.691578262951225,1.0,False
temperature,separability_gap,T0.2_p1.0_vs_T0.0_p1.0,0.0,1.0,32,0.24976681025480366,0.48568870091896404,-0.23592189066416044,-0.236914202172097,0,0,32,0.0,4.656612873077393e-10,1.3969838619232178e-09,True
temperature,separability_gap,T0.2_p1.0_vs_T0.5_p1.0,0.5,1.0,32,0.24976681025480366,0.1516292613043024,0.09813754895050125,0.1104556599832916,32,0,0,0.0,4.656612873077393e-10,1.3969838619232178e-09,True
temperature,separability_gap,T0.2_p1.0_vs_T0.8_p1.0,0.8,1.0,32,0.24976681025480366,0.10610574548350038,0.14366106477130328,0.14111601921470343,32,0,0,0.0,4.656612873077393e-10,1.3969838619232178e-09,True
top_p,separability_gap,T0.2_p1.0_vs_T0.2_p0.9,0.2,0.9,32,0.24976681025480366,0.245281158625731,0.004485651629072669,0.0028627819548871503,19,0,13,205.0,0.2781296819448471,0.5562593638896942,False
top_p,separability_gap,T0.2_p1.0_vs_T0.2_p0.8,0.2,0.8,32,0.24976681025480366,0.2461587732351712,0.003608037019632415,0.0052490183792816,18,0,14,228.0,0.5119121475145221,0.5562593638896942,False
