metric,traditional_method,llm_informed_method,llm_model,n_pairs,traditional_mean,llm_mean,mean_difference_llm_minus_traditional,metric_direction,improvement_signed,paired_bootstrap_ci_low,paired_bootstrap_ci_high,p_value,p_holm,p_bh_fdr,rank_biserial_correlation,holm_interpretation
direction_agreement_at_k,counterfactual,llm_counterfactual,qwen36_27b_local,160,1.0,0.9394166666666668,-0.0605833333333333,higher_is_better,-0.0605833333333333,-0.0770630208333333,-0.0454684895833333,1.1043089620507046e-10,1.435601650665916e-09,1.4724119494009392e-10,-1.0,traditional_better
direction_agreement_at_k,kernelshap,llm_kernelshap,qwen36_27b_local,160,1.0,0.9784375,-0.0215625,higher_is_better,-0.0215625,-0.0293958333333333,-0.0145520833333333,3.6207583197915065e-07,2.896606655833205e-06,4.238936569512008e-07,-1.0,traditional_better
direction_agreement_at_k,lime,llm_lime,qwen36_27b_local,160,1.0,0.9564583333333336,-0.0435416666666666,higher_is_better,-0.0435416666666666,-0.0565627604166666,-0.0311768229166666,2.3864226208669033e-09,2.3864226208669032e-08,2.93713553337465e-09,-1.0,traditional_better
direction_agreement_at_k,lofo,llm_lofo,qwen36_27b_local,160,1.0,0.9978958333333332,-0.0021041666666666,higher_is_better,-0.0021041666666666,-0.0054791666666666,0.0,0.1797124948789997,0.4903286069048709,0.1835361649828082,-1.0,no_significant_difference
direction_consistency_rate,counterfactual,llm_counterfactual,qwen36_27b_local,160,0.8800000000000001,0.8379375,-0.0420625,higher_is_better,-0.0420625,-0.0743140625,-0.0101234375,0.0316943456649603,0.1267773826598412,0.0338073020426243,-0.2302848575712144,no_significant_difference
direction_consistency_rate,kernelshap,llm_kernelshap,qwen36_27b_local,160,0.9385,0.767,-0.1715,higher_is_better,-0.1715,-0.1969999999999999,-0.1455,2.322011134645539e-20,6.733832290472066e-19,5.572826723149293e-20,-0.9123014169171318,traditional_better
direction_consistency_rate,lime,llm_lime,qwen36_27b_local,160,0.61325,0.8704374999999999,0.2571875,higher_is_better,0.2571875,0.2121249999999999,0.3038765625,1.1548071101144801e-18,3.002498486297648e-17,2.410032229804133e-18,0.8352983856339561,llm_informed_better
direction_consistency_rate,lofo,llm_lofo,qwen36_27b_local,160,0.9475,0.8651249999999999,-0.082375,higher_is_better,-0.082375,-0.1016875,-0.0639375,6.215980092289752e-13,1.1188764166121554e-11,9.624743368706712e-13,-0.8759051186017478,traditional_better
instance_idf_specificity,counterfactual,llm_counterfactual,qwen36_27b_local,160,0.2270957053924111,0.1087426781305793,-0.1183530272618317,higher_is_better,-0.1183530272618317,-0.1342128081641351,-0.1022927031960208,8.644321159529636e-23,3.0255124058353727e-21,2.9637672546958762e-22,-0.8956521739130435,traditional_better
instance_idf_specificity,kernelshap,llm_kernelshap,qwen36_27b_local,160,0.2192651502413834,0.1364330414029229,-0.0828321088384605,higher_is_better,-0.0828321088384605,-0.0960951763503926,-0.0698546038548452,6.751938848924999e-20,1.8905428776989995e-18,1.543300308325714e-19,-0.8322981366459627,traditional_better
instance_idf_specificity,lime,llm_lime,qwen36_27b_local,160,0.0512503102077374,0.124454437034163,0.0732041268264255,higher_is_better,0.0732041268264255,0.0588593273614669,0.087174823938019,1.5529271427069085e-18,3.882317856767272e-17,3.105854285413817e-18,0.800776397515528,llm_informed_better
instance_idf_specificity,lofo,llm_lofo,qwen36_27b_local,160,0.2735944429020274,0.147471253001949,-0.1261231899000783,higher_is_better,-0.1261231899000783,-0.140535487407185,-0.1116428884764401,1.0931034283554746e-24,4.481724056257447e-23,6.5586205701328476e-24,-0.9349378881987578,traditional_better
mean_absolute_delta_probability,counterfactual,llm_counterfactual,qwen36_27b_local,160,0.1237379802709041,0.1014241095174319,-0.0223138707534722,higher_is_better,-0.0223138707534722,-0.0263006184730984,-0.0183416356880011,6.421327215891173e-21,1.926398164767352e-19,1.6222300334882964e-20,-0.8552018633540373,traditional_better
mean_absolute_delta_probability,kernelshap,llm_kernelshap,qwen36_27b_local,160,0.1261753713122638,0.1042381238789592,-0.0219372474333045,higher_is_better,-0.0219372474333045,-0.025455399498494,-0.0185562816448663,2.2348239701245616e-23,8.268848689460878e-22,8.939295880498248e-23,-0.9137011384443914,traditional_better
mean_absolute_delta_probability,lime,llm_lime,qwen36_27b_local,160,0.1098584175072632,0.1032451818395822,-0.006613235667681,higher_is_better,-0.006613235667681,-0.0099496487734338,-0.0033070614376752,0.0003341374761614,0.0020048248569684,0.0003729906710638,-0.3279874213836478,traditional_better
mean_absolute_delta_probability,lofo,llm_lofo,qwen36_27b_local,160,0.1212978485578975,0.1027986568013866,-0.0184991917565109,higher_is_better,-0.0184991917565109,-0.0222457649907917,-0.0148865155878272,1.1040684395449938e-17,2.318543723044487e-16,1.892688753505704e-17,-0.7804347826086957,traditional_better
mean_delta_probability,counterfactual,llm_counterfactual,qwen36_27b_local,160,-0.0876230869474043,-0.0723432500086223,0.015279836938782,signed_no_winner,,0.0102539574109422,0.0202247069068775,1.081365544884509e-08,9.732289903960581e-08,1.2976386538614112e-08,0.5211180124223602,not_directional
mean_delta_probability,kernelshap,llm_kernelshap,qwen36_27b_local,160,-0.0911885781983497,-0.0765038866835357,0.0146846915148139,signed_no_winner,,0.0104908354150037,0.0188244308324575,1.8933083656640988e-10,2.271970038796918e-09,2.456183825726398e-10,0.5823899371069182,not_directional
mean_delta_probability,lime,llm_lime,qwen36_27b_local,160,-0.0768835796874051,-0.0741184236096167,0.0027651560777884,signed_no_winner,,-0.0015053521990009,0.0069341978756677,0.1634428689682903,0.4903286069048709,0.1705490806625638,0.1270186335403726,not_directional
mean_delta_probability,lofo,llm_lofo,qwen36_27b_local,160,-0.085630322217663,-0.0745131297207655,0.0111171924968974,signed_no_winner,,0.0062307811163477,0.0158756833383391,2.862193861784868e-05,0.0002003535703249,3.2710786991827064e-05,0.3813664596273292,not_directional
meaningful_effect_rate,counterfactual,llm_counterfactual,qwen36_27b_local,160,0.8125,0.7042499999999999,-0.10825,higher_is_better,-0.10825,-0.139625,-0.0773125,1.114483765528934e-09,1.2259321420818276e-08,1.4077689669839164e-09,-0.5990690785993864,traditional_better
meaningful_effect_rate,kernelshap,llm_kernelshap,qwen36_27b_local,160,0.841,0.7135,-0.1275,higher_is_better,-0.1275,-0.15475,-0.10175,4.201035841295815e-15,8.40207168259163e-14,6.953438633868936e-15,-0.8017962598425197,traditional_better
meaningful_effect_rate,lime,llm_lime,qwen36_27b_local,160,0.7237499999999999,0.7137499999999999,-0.0099999999999999,higher_is_better,-0.0099999999999999,-0.0356890624999999,0.0153140624999999,0.5335154132187818,0.5335154132187818,0.5335154132187818,-0.0638670166229221,no_significant_difference
meaningful_effect_rate,lofo,llm_lofo,qwen36_27b_local,160,0.8275,0.7004374999999999,-0.1270625,higher_is_better,-0.1270625,-0.1555625,-0.0982484375,1.6527539329746044e-12,2.4791308994619063e-11,2.3332996700817945e-12,-0.7330186205087857,traditional_better
overlap_at_k,counterfactual,llm_counterfactual,qwen36_27b_local,160,1.0,0.829,-0.1709999999999999,higher_is_better,-0.1709999999999999,-0.1861249999999999,-0.1559999999999999,2.871510640364527e-25,1.2347495753567469e-23,2.041046820046232e-24,-1.0,traditional_better
overlap_at_k,kernelshap,llm_kernelshap,qwen36_27b_local,160,0.9565,0.850375,-0.1061249999999999,higher_is_better,-0.1061249999999999,-0.1234999999999999,-0.089,2.1625098355034792e-18,5.1900236052083504e-17,4.15201888416668e-18,-0.8497467071935157,traditional_better
overlap_at_k,lime,llm_lime,qwen36_27b_local,160,0.917375,0.8300000000000001,-0.087375,higher_is_better,-0.087375,-0.1078749999999999,-0.066496875,3.117182597153824e-13,5.922646934592266e-12,4.987492155446118e-13,-0.7015345765345765,traditional_better
overlap_at_k,lofo,llm_lofo,qwen36_27b_local,160,1.0,0.8285,-0.1714999999999999,higher_is_better,-0.1714999999999999,-0.1898749999999999,-0.1536249999999999,1.827609471962058e-24,7.310437887848232e-23,9.104539976165074e-24,-1.0,traditional_better
pairwise_jaccard_between_instance,counterfactual,llm_counterfactual,qwen36_27b_local,160,0.4236842105263158,0.5415101086048454,0.1178258980785296,lower_is_better,-0.1178258980785296,0.0910221307174185,0.1441446720969089,1.137652323309258e-12,1.8202437172948128e-11,1.654767015722557e-12,0.6482919254658385,traditional_better
pairwise_jaccard_between_instance,kernelshap,llm_kernelshap,qwen36_27b_local,160,0.4028359440267334,0.5012195071010861,0.0983835630743525,lower_is_better,-0.0983835630743525,0.082728203320802,0.1143603004908103,6.225345095675509e-19,1.6808431758323868e-17,1.358257111783747e-18,0.8100931677018633,traditional_better
pairwise_jaccard_between_instance,lime,llm_lime,qwen36_27b_local,160,0.8194299289891396,0.5048087719298245,-0.314621157059315,lower_is_better,0.314621157059315,-0.3306696972901002,-0.2988013123955723,5.339081441389514e-28,2.5627590918669667e-26,2.5627590918669667e-26,-0.9998447204968944,llm_informed_better
pairwise_jaccard_between_instance,lofo,llm_lofo,qwen36_27b_local,160,0.3298558897243108,0.4345874373433583,0.1047315476190476,lower_is_better,-0.1047315476190476,0.0865971600877193,0.1226452737312029,2.519797692185193e-18,5.795534692025944e-17,4.651934200957279e-18,0.7958074534161491,traditional_better
pairwise_jaccard_within_instance,counterfactual,llm_counterfactual,qwen36_27b_local,160,1.0,0.741470238095238,-0.2585297619047619,higher_is_better,-0.2585297619047619,-0.2796096354166666,-0.2376215029761904,2.9765266125674213e-25,1.250141177278317e-23,2.041046820046232e-24,-1.0,traditional_better
pairwise_jaccard_within_instance,kernelshap,llm_kernelshap,qwen36_27b_local,160,0.9280357142857142,0.7664310515873016,-0.1616046626984127,higher_is_better,-0.1616046626984127,-0.1883619791666667,-0.1353833705357143,7.298703811281178e-18,1.605714838481859e-16,1.297547344227765e-17,-0.8375886524822695,traditional_better
pairwise_jaccard_within_instance,lime,llm_lime,qwen36_27b_local,160,0.8645560515873015,0.7448070436507936,-0.1197490079365079,higher_is_better,-0.1197490079365079,-0.1488180183531746,-0.0901307539682539,1.4409095532259827e-11,2.0172733745163758e-10,1.9761045301384905e-11,-0.6485632183908046,traditional_better
pairwise_jaccard_within_instance,lofo,llm_lofo,qwen36_27b_local,160,1.0,0.7528990575396824,-0.2471009424603175,higher_is_better,-0.2471009424603175,-0.2701939546130952,-0.2231190972222222,1.896779161701057e-24,7.397438730634122e-23,9.104539976165074e-24,-1.0,traditional_better
rank_agreement_at_k,counterfactual,llm_counterfactual,qwen36_27b_local,160,1.0,0.9012578125,-0.0987421875,higher_is_better,-0.0987421875,-0.1122448567708333,-0.085991796875,3.0332243934701535e-23,1.0919607816492553e-21,1.1199597760505181e-22,-1.0,traditional_better
rank_agreement_at_k,kernelshap,llm_kernelshap,qwen36_27b_local,160,0.9740364583333336,0.93778125,-0.0362552083333333,higher_is_better,-0.0362552083333333,-0.0456380859375,-0.0273095703125,8.710247138523237e-13,1.4807420135489504e-11,1.3065370707784857e-12,-0.7091503267973857,traditional_better
rank_agreement_at_k,lime,llm_lime,qwen36_27b_local,160,0.9230208333333334,0.8936718750000001,-0.0293489583333333,higher_is_better,-0.0293489583333333,-0.043674609375,-0.01522109375,0.0005168927828815,0.0025844639144074,0.0005638830358707,-0.3194388454406192,traditional_better
rank_agreement_at_k,lofo,llm_lofo,qwen36_27b_local,160,1.0,0.9393072916666666,-0.0606927083333333,higher_is_better,-0.0606927083333333,-0.0701903645833333,-0.051640625,5.895805707078227e-21,1.8276997691942505e-19,1.5722148552208604e-20,-1.0,traditional_better
score_stability,counterfactual,llm_counterfactual,qwen36_27b_local,160,1.0,0.8014110054267451,-0.1985889945732548,higher_is_better,-0.1985889945732548,-0.2202814019779959,-0.1772842453445476,1.079221572524015e-26,4.856497076358068e-25,1.295065887028818e-25,-1.0,traditional_better
score_stability,kernelshap,llm_kernelshap,qwen36_27b_local,160,0.970171822932816,0.8592618075332377,-0.1109100153995784,higher_is_better,-0.1109100153995784,-0.1304090536841245,-0.0917582388212599,3.099731877153056e-22,1.0229115194605086e-20,9.299195631459168e-22,-0.8838509316770187,traditional_better
score_stability,lime,llm_lime,qwen36_27b_local,160,0.9441854184258478,0.7942709186157548,-0.1499144998100929,higher_is_better,-0.1499144998100929,-0.1740289964255501,-0.1254995854546588,4.046436210599211e-21,1.2948595873917475e-19,1.1425231653456595e-20,-0.8596273291925466,traditional_better
score_stability,lofo,llm_lofo,qwen36_27b_local,160,1.0,0.8176003198199459,-0.182399680180054,higher_is_better,-0.182399680180054,-0.2063869376707703,-0.159451510799492,2.2256738522459943e-25,9.792964949882376e-24,2.041046820046232e-24,-1.0,traditional_better
separability_gap,counterfactual,llm_counterfactual,qwen36_27b_local,160,0.5763157894736842,0.1999601294903926,-0.3763556599832916,higher_is_better,-0.3763556599832916,-0.4041749766342941,-0.346957094167711,2.344295984230035e-27,1.1018191125881165e-25,3.966237773793936e-26,-0.9875776397515528,traditional_better
separability_gap,kernelshap,llm_kernelshap,qwen36_27b_local,160,0.5251997702589808,0.2652115444862155,-0.2599882257727652,higher_is_better,-0.2599882257727652,-0.2914952518013785,-0.2290471164891395,1.2130893568956056e-23,4.609739556203302e-22,5.293480830089915e-23,-0.9135093167701864,traditional_better
separability_gap,lime,llm_lime,qwen36_27b_local,160,0.045126122598162,0.239998271720969,0.194872149122807,higher_is_better,0.194872149122807,0.1682836155492899,0.2219980410662072,1.4338931254202238e-22,4.875236626428761e-21,4.588458001344717e-22,0.8909937888198758,llm_informed_better
separability_gap,lofo,llm_lofo,qwen36_27b_local,160,0.6701441102756892,0.3183116201963241,-0.3518324900793651,higher_is_better,-0.3518324900793651,-0.3790913972431077,-0.3235984999608396,2.4788986086212102e-27,1.1402933599657566e-25,3.966237773793936e-26,-0.987111801242236,traditional_better
