dataset,category,method,llm_model,prompt_variant,temperature,top_p,n_explanations,normalized_feature_entropy,pairwise_jaccard_within_instance,pairwise_jaccard_between_instance,instance_idf_specificity,separability_gap
openstack,FP,llm_counterfactual,qwen36_27b_local,full,0.2,,100,0.8392236892777871,0.7393571428571428,0.45244795321637427,0.12067651075366488,0.28690918964076856
openstack,TN,llm_counterfactual,qwen36_27b_local,full,0.2,,100,0.7918092481215173,0.7225,0.5409144527986633,0.10400402892580685,0.18158554720133668
openstack,TP,llm_counterfactual,qwen36_27b_local,full,0.2,,100,0.816513145497733,0.67775,0.49983241436925646,0.09876827398896226,0.1779175856307435
openstack,FN,llm_counterfactual,qwen36_27b_local,full,0.2,,100,0.8075586549683733,0.7238690476190476,0.520897410192147,0.11600474043545377,0.2029716374269006
openstack,FP,llm_kernelshap,qwen36_27b_local,full,0.2,,100,0.8228060489235027,0.8358928571428571,0.4949715956558062,0.15434466886343973,0.34092126148705093
openstack,TN,llm_kernelshap,qwen36_27b_local,full,0.2,,100,0.8273004301652667,0.7061904761904761,0.4913634085213032,0.12743457166216463,0.21482706766917292
openstack,TP,llm_kernelshap,qwen36_27b_local,full,0.2,,100,0.849087426842549,0.7796428571428571,0.4446925647451963,0.14530836814593048,0.3349502923976608
openstack,FN,llm_kernelshap,qwen36_27b_local,full,0.2,,100,0.8298945694657213,0.7681547619047618,0.494797827903091,0.13915293629213868,0.2733569340016708
openstack,FP,llm_lime,qwen36_27b_local,full,0.2,,100,0.8210048014935926,0.8447619047619047,0.485047619047619,0.15209248262702668,0.3597142857142857
openstack,TN,llm_lime,qwen36_27b_local,full,0.2,,100,0.8285732369808575,0.676611111111111,0.48408922305764407,0.11086446060635269,0.19252188805346698
openstack,TP,llm_lime,qwen36_27b_local,full,0.2,,100,0.853497878627964,0.7260119047619047,0.4452581453634085,0.14352102712162154,0.28075375939849617
openstack,FN,llm_lime,qwen36_27b_local,full,0.2,,100,0.8461799677926569,0.7325,0.4431925647451963,0.14299499351547984,0.28930743525480374
openstack,FP,llm_lofo,qwen36_27b_local,full,0.2,,100,0.8560577593256029,0.8201190476190476,0.4442330827067669,0.1718901854916664,0.3758859649122807
openstack,TN,llm_lofo,qwen36_27b_local,full,0.2,,100,0.8527927543081711,0.6971130952380952,0.4359581453634085,0.11743487871589517,0.2611549498746867
openstack,TP,llm_lofo,qwen36_27b_local,full,0.2,,100,0.8671781945195285,0.8202857142857143,0.4170009189640768,0.16751629517903696,0.40328479532163747
openstack,FN,llm_lofo,qwen36_27b_local,full,0.2,,100,0.839327500109633,0.7531785714285714,0.4825143692564745,0.1503502742505239,0.27066420217209686
qt,FP,llm_counterfactual,qwen36_27b_local,full,0.2,,100,0.8146156090296519,0.788952380952381,0.5326873015873016,0.13810860638796263,0.25626507936507936
qt,TN,llm_counterfactual,qwen36_27b_local,full,0.2,,100,0.7704774958175178,0.71275,0.604820551378446,0.08675798171524463,0.10792944862155396
qt,FN,llm_counterfactual,qwen36_27b_local,full,0.2,,100,0.782732769316448,0.7367619047619047,0.5642802840434419,0.09312338019085202,0.17248162071846285
qt,TP,llm_counterfactual,qwen36_27b_local,full,0.2,,100,0.7637092601162512,0.8298214285714286,0.6162005012531329,0.11249790264668827,0.21362092731829574
qt,FP,llm_kernelshap,qwen36_27b_local,full,0.2,,100,0.862025409467157,0.794047619047619,0.42694987468671675,0.17020573461035102,0.36709774436090226
qt,TN,llm_kernelshap,qwen36_27b_local,full,0.2,,100,0.8015333252476399,0.6861507936507937,0.5424720133667502,0.09836102400919508,0.14367878028404346
qt,FN,llm_kernelshap,qwen36_27b_local,full,0.2,,100,0.7955055597191381,0.7304166666666666,0.5554294068504595,0.11539616835136231,0.1749872598162071
qt,TP,llm_kernelshap,qwen36_27b_local,full,0.2,,100,0.7917947891361279,0.8309523809523809,0.5590793650793651,0.14126085928880172,0.2718730158730158
qt,FP,llm_lime,qwen36_27b_local,full,0.2,,100,0.8160918734818958,0.7522023809523809,0.5193801169590643,0.13516685395504235,0.23282226399331662
qt,TN,llm_lime,qwen36_27b_local,full,0.2,,100,0.7789770385504712,0.7241666666666666,0.5890384294068505,0.08700435447185673,0.13512823725981615
qt,FN,llm_lime,qwen36_27b_local,full,0.2,,100,0.8039899216937603,0.7055357142857143,0.5304665831244778,0.1033054782465688,0.17506913116123646
qt,TP,llm_lime,qwen36_27b_local,full,0.2,,100,0.7998052880246517,0.7966666666666666,0.5419974937343358,0.12068584572935555,0.2546691729323308
qt,FP,llm_lofo,qwen36_27b_local,full,0.2,,100,0.8851899551954339,0.7498511904761904,0.386062656641604,0.1666708084014708,0.3637885338345864
qt,TN,llm_lofo,qwen36_27b_local,full,0.2,,100,0.8384182957514338,0.758452380952381,0.43230568086883875,0.12905746810252944,0.32614670008354224
qt,FN,llm_lofo,qwen36_27b_local,full,0.2,,100,0.8502582842547164,0.6895,0.4296851294903926,0.12463623974630281,0.2598148705096074
qt,TP,llm_lofo,qwen36_27b_local,full,0.2,,100,0.8505186299777917,0.7346924603174603,0.4489395154553049,0.1522138741281674,0.28575294486215536
